{"type":"FeatureCollection","features":[{"type":"Feature","geometry":{"type":"Polygon","coordinates":[[[-89.23502,47.877455],[-89.235003,47.877372],[-89.234865,47.877334],[-89.234335,47.877466],[-89.233194,47.877708],[-89.232608,47.877911],[-89.232192,47.877971],[-89.231426,47.877944],[-89.231125,47.878185],[-89.22718,47.878817],[-89.22718,47.878658],[-89.227115,47.878571],[-89.226928,47.878532],[-89.22674,47.878527],[-89.226373,47.878593],[-89.226308,47.878456],[-89.226153,47.878483],[-89.226145,47.878522],[-89.226186,47.878631],[-89.226113,47.878681],[-89.22577,47.878753],[-89.22577,47.877387],[-89.225916,47.877409],[-89.226283,47.877365],[-89.22744,47.877375],[-89.227709,47.877414],[-89.227734,47.8776],[-89.227872,47.877627],[-89.228141,47.877633],[-89.228109,47.877441],[-89.228614,47.877337],[-89.229005,47.877331],[-89.230382,47.877051],[-89.231213,47.876837],[-89.231751,47.876842],[-89.232037,47.877028],[-89.232069,47.877034],[-89.232077,47.876842],[-89.232118,47.876825],[-89.23233,47.876902],[-89.232835,47.876924],[-89.233071,47.876885],[-89.233446,47.87671],[-89.233528,47.876721],[-89.233625,47.876792],[-89.233797,47.876764],[-89.233894,47.876737],[-89.233845,47.876589],[-89.233837,47.876463],[-89.233886,47.876348],[-89.234049,47.87615],[-89.234081,47.875964],[-89.234089,47.875607],[-89.234113,47.875465],[-89.234236,47.875339],[-89.23479,47.875185],[-89.23505,47.875147],[-89.235303,47.875157],[-89.235621,47.875327],[-89.236265,47.875634],[-89.23651,47.875798],[-89.236608,47.875913],[-89.236648,47.8761],[-89.23664,47.876281],[-89.236551,47.876495],[-89.236307,47.876517],[-89.236184,47.876544],[-89.236168,47.876632],[-89.236201,47.876763],[-89.236429,47.876911],[-89.237252,47.877075],[-89.237595,47.877064],[-89.237986,47.876976],[-89.238312,47.876916],[-89.238646,47.876949],[-89.238948,47.877108],[-89.23951,47.877551],[-89.23502,47.877455]]]},"properties":{"name":"Barnum Island","zone_type":"Quiet/No-Wake","speed_limit_mph":5,"nps_source_file":"Barnum Island.geojson"}},{"type":"Feature","geometry":{"type":"Polygon","coordinates":[[[-88.644437,48.028231],[-88.645556,48.028305],[-88.646014,48.028344],[-88.646471,48.028453],[-88.64724,48.028657],[-88.647444,48.028673],[-88.647673,48.028679],[-88.647926,48.028657],[-88.648441,48.028487],[-88.649178,48.028103],[-88.649423,48.02801],[-88.650003,48.027868],[-88.650478,48.027709],[-88.65114,48.027506],[-88.651843,48.027315],[-88.652824,48.02703],[-88.65338,48.026844],[-88.653527,48.026761],[-88.653781,48.026531],[-88.653896,48.02641],[-88.653977,48.026378],[-88.654108,48.0264],[-88.654353,48.026586],[-88.654517,48.02663],[-88.654672,48.026652],[-88.654795,48.026636],[-88.655048,48.026559],[-88.655441,48.02634],[-88.655678,48.026274],[-88.655833,48.026258],[-88.655997,48.02617],[-88.656193,48.026104],[-88.656315,48.026121],[-88.65643,48.02617],[-88.656626,48.026472],[-88.656822,48.026494],[-88.656953,48.026472],[-88.657304,48.02634],[-88.657411,48.026335],[-88.65746,48.026362],[-88.657476,48.026532],[-88.657566,48.026582],[-88.657746,48.026582],[-88.65907,48.026023],[-88.659512,48.025792],[-88.660052,48.025365],[-88.66037,48.025151],[-88.661548,48.024488],[-88.662292,48.024038],[-88.662709,48.023737],[-88.662815,48.023633],[-88.662799,48.023589],[-88.662685,48.023583],[-88.662398,48.023759],[-88.661556,48.024093],[-88.660379,48.024378],[-88.660216,48.024356],[-88.660109,48.024317],[-88.659913,48.024224],[-88.659717,48.024065],[-88.659684,48.023983],[-88.659758,48.023851],[-88.659799,48.023813],[-88.659826,48.023788],[-88.660388,48.023638],[-88.660641,48.023506],[-88.660846,48.02338],[-88.661124,48.023161],[-88.661353,48.023018],[-88.661639,48.02292],[-88.661868,48.022815],[-88.662129,48.022728],[-88.662366,48.022673],[-88.662432,48.022596],[-88.662432,48.022541],[-88.662326,48.022421],[-88.662317,48.022349],[-88.662456,48.02224],[-88.662497,48.022158],[-88.662506,48.022064],[-88.662546,48.021999],[-88.663209,48.021768],[-88.663748,48.02156],[-88.664051,48.021401],[-88.664173,48.021319],[-88.664648,48.021116],[-88.665122,48.020891],[-88.66549,48.0207],[-88.666144,48.020321],[-88.666814,48.019998],[-88.667002,48.019861],[-88.668139,48.018869],[-88.668539,48.018386],[-88.668883,48.018063],[-88.669283,48.0178],[-88.669627,48.017624],[-88.670117,48.017586],[-88.670403,48.017542],[-88.670706,48.017438],[-88.670861,48.017443],[-88.671376,48.01752],[-88.671547,48.017531],[-88.67176,48.017509],[-88.672177,48.017422],[-88.672496,48.017318],[-88.672774,48.01717],[-88.673436,48.016758],[-88.673754,48.016517],[-88.674147,48.016051],[-88.674269,48.015963],[-88.6744,48.015952],[-88.674662,48.015996],[-88.674842,48.015985],[-88.675103,48.015887],[-88.675847,48.015371],[-88.675912,48.015278],[-88.675986,48.015092],[-88.67615,48.014938],[-88.676526,48.014692],[-88.676959,48.014379],[-88.67713,48.014308],[-88.677269,48.014302],[-88.677425,48.014346],[-88.677482,48.014445],[-88.67749,48.014648],[-88.677416,48.014971],[-88.6774,48.015169],[-88.677441,48.015377],[-88.677563,48.015591],[-88.677694,48.015695],[-88.67771,48.015777],[-88.677645,48.015876],[-88.677277,48.016101],[-88.676934,48.016254],[-88.676345,48.01655],[-88.675871,48.016863],[-88.675683,48.017153],[-88.675675,48.017411],[-88.675805,48.017729],[-88.675806,48.017768],[-88.67565,48.018086],[-88.675642,48.01814],[-88.675707,48.018223],[-88.676026,48.018332],[-88.676034,48.018371],[-88.67601,48.018464],[-88.675863,48.018568],[-88.67538,48.018798],[-88.675192,48.018985],[-88.6748,48.019248],[-88.674326,48.019429],[-88.673655,48.019615],[-88.673181,48.01973],[-88.672233,48.019939],[-88.671457,48.020043],[-88.670925,48.020081],[-88.670705,48.020152],[-88.670427,48.020284],[-88.670165,48.020339],[-88.669887,48.020465],[-88.66956,48.0207],[-88.669266,48.020892],[-88.668882,48.021002],[-88.668081,48.021188],[-88.667271,48.021341],[-88.66692,48.021424],[-88.66674,48.021522],[-88.666282,48.021807],[-88.666069,48.022021],[-88.665513,48.022443],[-88.664524,48.022898],[-88.664017,48.023156],[-88.663625,48.02343],[-88.663592,48.023638],[-88.663551,48.023786],[-88.663118,48.024082],[-88.662243,48.024521],[-88.661801,48.024822],[-88.66118,48.025146],[-88.661163,48.025244],[-88.661188,48.025294],[-88.66136,48.025371],[-88.661376,48.025404],[-88.661335,48.025689],[-88.661416,48.025831],[-88.661572,48.025935],[-88.661841,48.02599],[-88.662046,48.026056],[-88.662193,48.026144],[-88.662356,48.02638],[-88.662487,48.026457],[-88.662675,48.026533],[-88.663165,48.026599],[-88.663321,48.026671],[-88.663182,48.026764],[-88.663133,48.026786],[-88.662879,48.026791],[-88.662806,48.02689],[-88.662765,48.027038],[-88.662724,48.027082],[-88.662593,48.027169],[-88.662045,48.027306],[-88.661473,48.027465],[-88.660475,48.027898],[-88.660443,48.027975],[-88.660524,48.028074],[-88.660778,48.028118],[-88.660876,48.028216],[-88.6609,48.028315],[-88.660851,48.028408],[-88.660647,48.028556],[-88.660262,48.028682],[-88.659976,48.028715],[-88.659739,48.02871],[-88.659453,48.028638],[-88.659347,48.028649],[-88.659191,48.028693],[-88.65911,48.028677],[-88.658317,48.028325],[-88.658162,48.02832],[-88.657941,48.028342],[-88.657393,48.028566],[-88.656943,48.028698],[-88.656534,48.028742],[-88.65624,48.028802],[-88.65588,48.029005],[-88.655594,48.029197],[-88.655422,48.029394],[-88.655218,48.029575],[-88.655038,48.029624],[-88.654801,48.029635],[-88.654237,48.029585],[-88.65364,48.02947],[-88.652847,48.028971],[-88.652234,48.02885],[-88.651842,48.028812],[-88.651065,48.028817],[-88.650738,48.028872],[-88.649986,48.029096],[-88.649626,48.029096],[-88.648874,48.029123],[-88.648719,48.029161],[-88.648269,48.029452],[-88.648081,48.029523],[-88.647705,48.029561],[-88.647451,48.029545],[-88.647321,48.029446],[-88.647076,48.029172],[-88.646847,48.029068],[-88.646455,48.028969],[-88.646291,48.028963],[-88.646136,48.028985],[-88.645792,48.029095],[-88.645743,48.0291],[-88.64549,48.029073],[-88.645318,48.029084],[-88.64486,48.029253],[-88.644525,48.02944],[-88.644437,48.029519],[-88.644437,48.028231]]]},"properties":{"name":"Chippewa Harbor","zone_type":"Quiet/No-Wake","speed_limit_mph":5,"nps_source_file":"Chippewa Harbor.geojson"}},{"type":"Feature","geometry":{"type":"Polygon","coordinates":[[[-88.573725,48.074821],[-88.573807,48.074897],[-88.574028,48.074919],[-88.574167,48.074958],[-88.574364,48.075106],[-88.574577,48.075172],[-88.57492,48.075172],[-88.57537,48.075128],[-88.575542,48.075139],[-88.57564,48.075188],[-88.575706,48.075292],[-88.575771,48.075522],[-88.576009,48.075638],[-88.576041,48.075698],[-88.576025,48.075802],[-88.576295,48.075928],[-88.576434,48.076109],[-88.576786,48.076273],[-88.577105,48.076718],[-88.577924,48.077123],[-88.577973,48.077173],[-88.57794,48.07737],[-88.577981,48.077502],[-88.577965,48.077545],[-88.577883,48.0776],[-88.577875,48.077677],[-88.577916,48.077776],[-88.578055,48.077814],[-88.578349,48.077836],[-88.578423,48.077885],[-88.578472,48.078066],[-88.578448,48.078132],[-88.578243,48.078176],[-88.578039,48.078149],[-88.57803,48.078214],[-88.578063,48.078313],[-88.578227,48.078445],[-88.578448,48.078483],[-88.578611,48.078478],[-88.578759,48.07845],[-88.578832,48.078461],[-88.578832,48.07851],[-88.578931,48.078604],[-88.579201,48.078609],[-88.580322,48.078516],[-88.580723,48.078455],[-88.580984,48.078335],[-88.581721,48.078022],[-88.582424,48.077605],[-88.582923,48.07715],[-88.583095,48.077029],[-88.583529,48.076908],[-88.584053,48.076903],[-88.584298,48.076914],[-88.584552,48.076864],[-88.584732,48.076859],[-88.584781,48.076886],[-88.584748,48.077188],[-88.584871,48.077341],[-88.584994,48.077413],[-88.58528,48.077478],[-88.585607,48.077484],[-88.585836,48.077456],[-88.585935,48.077456],[-88.586008,48.077517],[-88.586156,48.07772],[-88.586311,48.077758],[-88.586516,48.077758],[-88.586835,48.077659],[-88.587269,48.077445],[-88.587964,48.077138],[-88.588741,48.076885],[-88.589665,48.076403],[-88.590025,48.07637],[-88.590435,48.07637],[-88.590713,48.076413],[-88.591556,48.076616],[-88.591949,48.076632],[-88.592513,48.076512],[-88.593847,48.076138],[-88.595,48.075749],[-88.595262,48.075732],[-88.595638,48.075743],[-88.595802,48.075781],[-88.595957,48.075853],[-88.596228,48.076127],[-88.596326,48.076368],[-88.596334,48.076478],[-88.596277,48.076593],[-88.596138,48.076763],[-88.595876,48.076955],[-88.595394,48.077257],[-88.595075,48.077438],[-88.594486,48.077569],[-88.594183,48.077646],[-88.593897,48.077657],[-88.593708,48.077608],[-88.593422,48.077608],[-88.592841,48.077789],[-88.592489,48.077861],[-88.59199,48.078047],[-88.591246,48.078223],[-88.590428,48.078327],[-88.589863,48.078459],[-88.589372,48.078629],[-88.588628,48.078827],[-88.586885,48.07937],[-88.586394,48.079622],[-88.586091,48.079683],[-88.585715,48.079732],[-88.585191,48.079716],[-88.584307,48.079831],[-88.583522,48.079886],[-88.58308,48.07993],[-88.582777,48.080007],[-88.58236,48.080171],[-88.581951,48.080358],[-88.581615,48.080599],[-88.581223,48.080956],[-88.581035,48.081169],[-88.580814,48.08134],[-88.580462,48.081504],[-88.580257,48.081548],[-88.579275,48.081587],[-88.579022,48.081718],[-88.578964,48.081839],[-88.578915,48.082097],[-88.578768,48.082239],[-88.57849,48.082371],[-88.577115,48.0827],[-88.576927,48.082799],[-88.576821,48.082908],[-88.576796,48.082969],[-88.576902,48.083046],[-88.57732,48.083051],[-88.577541,48.083073],[-88.577631,48.083117],[-88.577623,48.083171],[-88.577312,48.083292],[-88.5766,48.083495],[-88.576543,48.08361],[-88.576551,48.083693],[-88.573725,48.074821]],[[-88.575788,48.076729],[-88.575812,48.076773],[-88.575952,48.076794],[-88.576213,48.076762],[-88.576443,48.076663],[-88.576467,48.07657],[-88.576336,48.076559],[-88.575829,48.076663],[-88.575788,48.076729]],[[-88.576623,48.077381],[-88.576631,48.07743],[-88.576696,48.07748],[-88.576786,48.07748],[-88.576925,48.077419],[-88.576925,48.077348],[-88.576835,48.077304],[-88.576772,48.07731],[-88.576705,48.077315],[-88.576623,48.077381]],[[-88.577066,48.082503],[-88.577082,48.082541],[-88.577107,48.082552],[-88.577213,48.082541],[-88.577295,48.082503],[-88.577295,48.082459],[-88.577279,48.082426],[-88.577148,48.082426],[-88.577082,48.082459],[-88.577066,48.082503]],[[-88.576469,48.083402],[-88.576551,48.083407],[-88.576657,48.083396],[-88.57669,48.083363],[-88.576682,48.083314],[-88.576616,48.083292],[-88.57651,48.083309],[-88.576461,48.083331],[-88.576452,48.083374],[-88.576469,48.083402]]]},"properties":{"name":"Conglomerate Bay","zone_type":"Quiet/No-Wake","speed_limit_mph":5,"nps_source_file":"Conglomerate Bay.geojson"}},{"type":"Feature","geometry":{"type":"Polygon","coordinates":[[[-88.58863,48.158374],[-88.588671,48.158456],[-88.588876,48.158632],[-88.588966,48.158747],[-88.589081,48.158862],[-88.589245,48.158879],[-88.589663,48.158791],[-88.589786,48.15878],[-88.590015,48.158824],[-88.590228,48.158812],[-88.590384,48.158747],[-88.590654,48.158686],[-88.59131,48.158653],[-88.592048,48.158439],[-88.592711,48.158285],[-88.593137,48.158121],[-88.593482,48.158022],[-88.594236,48.157885],[-88.595342,48.157605],[-88.595563,48.157577],[-88.595735,48.157583],[-88.595874,48.157692],[-88.595916,48.157769],[-88.59594,48.157879],[-88.595891,48.157961],[-88.595793,48.15801],[-88.595375,48.158076],[-88.595072,48.158148],[-88.594473,48.158334],[-88.594162,48.1584],[-88.593506,48.15851],[-88.592048,48.158818],[-88.591654,48.158927],[-88.590958,48.15913],[-88.590335,48.159339],[-88.58909,48.15986],[-88.588696,48.159959],[-88.588303,48.160112],[-88.588041,48.160162],[-88.587852,48.160222],[-88.587803,48.160272],[-88.58863,48.158374]]]},"properties":{"name":"Crystal Cove","zone_type":"Quiet/No-Wake","speed_limit_mph":5,"nps_source_file":"Crystal Cove.geojson"}},{"type":"Feature","geometry":{"type":"Polygon","coordinates":[[[-88.474174,48.170862],[-88.474466,48.170789],[-88.474868,48.170707],[-88.47531,48.17063],[-88.475892,48.170449],[-88.476244,48.170328],[-88.476802,48.170065],[-88.477326,48.169927],[-88.47799,48.169818],[-88.478285,48.169746],[-88.478482,48.169636],[-88.478596,48.169285],[-88.478793,48.169159],[-88.479039,48.168978],[-88.479137,48.16883],[-88.479276,48.168698],[-88.479825,48.168391],[-88.480407,48.168139],[-88.481046,48.167903],[-88.481382,48.167749],[-88.481579,48.167721],[-88.482005,48.167623],[-88.482325,48.167442],[-88.48257,48.167063],[-88.482808,48.1668],[-88.483324,48.166492],[-88.483709,48.166361],[-88.483955,48.166383],[-88.484152,48.166498],[-88.484316,48.166514],[-88.484455,48.166492],[-88.484701,48.16636],[-88.484963,48.166102],[-88.485364,48.165751],[-88.48579,48.165334],[-88.486265,48.164923],[-88.487019,48.164396],[-88.487887,48.163738],[-88.488976,48.163107],[-88.48937,48.162865],[-88.490803,48.162053],[-88.492785,48.160955],[-88.493629,48.160516],[-88.494022,48.160346],[-88.494555,48.160094],[-88.495865,48.159281],[-88.497987,48.158101],[-88.498724,48.157668],[-88.499518,48.1573],[-88.500069,48.157065],[-88.501316,48.156238],[-88.503186,48.155099],[-88.504047,48.15466],[-88.504973,48.154112],[-88.505547,48.153839],[-88.506507,48.153329],[-88.508565,48.152436],[-88.510393,48.151713],[-88.511795,48.151231],[-88.512467,48.150914],[-88.513656,48.150432],[-88.514344,48.150185],[-88.515213,48.149802],[-88.515541,48.149643],[-88.517246,48.14898],[-88.519148,48.148257],[-88.519812,48.148022],[-88.520279,48.147775],[-88.520779,48.147545],[-88.520927,48.147512],[-88.521254,48.147512],[-88.52141,48.147457],[-88.521517,48.14737],[-88.521525,48.147249],[-88.521582,48.147178],[-88.521812,48.147101],[-88.522238,48.146931],[-88.522804,48.146734],[-88.524074,48.146345],[-88.52473,48.146164],[-88.525811,48.145907],[-88.526164,48.145841],[-88.527311,48.145546],[-88.5275,48.145529],[-88.527647,48.145579],[-88.527942,48.145771],[-88.528106,48.145765],[-88.528237,48.145645],[-88.528516,48.145497],[-88.528753,48.145431],[-88.528958,48.145442],[-88.529032,48.145486],[-88.528974,48.145541],[-88.528647,48.145623],[-88.528311,48.145847],[-88.528007,48.146006],[-88.527934,48.146138],[-88.528163,48.146281],[-88.528204,48.146385],[-88.528154,48.146566],[-88.527999,48.14673],[-88.527654,48.146845],[-88.526867,48.147174],[-88.526253,48.147459],[-88.525638,48.14781],[-88.524597,48.148259],[-88.522843,48.148993],[-88.522121,48.149311],[-88.520998,48.149831],[-88.520851,48.149936],[-88.520851,48.150001],[-88.520875,48.150045],[-88.521031,48.150045],[-88.521367,48.149969],[-88.522064,48.149782],[-88.522465,48.149646],[-88.522998,48.149388],[-88.523375,48.149251],[-88.523547,48.149224],[-88.523719,48.149306],[-88.523736,48.149405],[-88.523596,48.149542],[-88.523449,48.149624],[-88.52244,48.150046],[-88.522129,48.150249],[-88.52126,48.150687],[-88.521137,48.150786],[-88.521145,48.150824],[-88.521194,48.150851],[-88.521538,48.150852],[-88.522006,48.150709],[-88.522087,48.150715],[-88.522128,48.150753],[-88.522145,48.150912],[-88.522194,48.150967],[-88.522366,48.151005],[-88.522604,48.150962],[-88.522849,48.150863],[-88.523858,48.150529],[-88.524866,48.150178],[-88.524931,48.150167],[-88.525021,48.150255],[-88.525079,48.150272],[-88.525538,48.150168],[-88.528005,48.149483],[-88.528865,48.149187],[-88.529324,48.148968],[-88.529513,48.148864],[-88.5298,48.148732],[-88.530111,48.148529],[-88.530218,48.148409],[-88.530611,48.148261],[-88.530939,48.148206],[-88.531226,48.148146],[-88.531455,48.14802],[-88.531546,48.147987],[-88.531628,48.148003],[-88.531546,48.148157],[-88.531373,48.148272],[-88.531259,48.148332],[-88.530546,48.148524],[-88.530201,48.148716],[-88.529742,48.149061],[-88.529488,48.149187],[-88.529201,48.149313],[-88.528382,48.149571],[-88.527701,48.149883],[-88.5273,48.150004],[-88.52671,48.150283],[-88.526037,48.150727],[-88.525545,48.151176],[-88.525357,48.15127],[-88.524635,48.15156],[-88.523881,48.151922],[-88.523381,48.152141],[-88.522053,48.152661],[-88.521627,48.152897],[-88.521127,48.153105],[-88.518946,48.154053],[-88.517585,48.154721],[-88.517036,48.15494],[-88.516396,48.155258],[-88.515863,48.155565],[-88.51565,48.155664],[-88.515339,48.155707],[-88.515224,48.155746],[-88.515158,48.155888],[-88.51497,48.156058],[-88.514084,48.156535],[-88.513034,48.157138],[-88.512083,48.157669],[-88.511616,48.157905],[-88.511189,48.158085],[-88.510648,48.158266],[-88.510115,48.158348],[-88.509549,48.158907],[-88.508877,48.159422],[-88.508434,48.159652],[-88.508172,48.159718],[-88.507909,48.159751],[-88.507704,48.159855],[-88.507229,48.160189],[-88.506876,48.160364],[-88.50663,48.160414],[-88.506441,48.160414],[-88.506335,48.160353],[-88.506261,48.160353],[-88.505843,48.160479],[-88.505499,48.160545],[-88.505392,48.160545],[-88.504958,48.160479],[-88.504737,48.160391],[-88.504557,48.160259],[-88.504475,48.160171],[-88.504532,48.159979],[-88.504614,48.159848],[-88.504811,48.159777],[-88.504852,48.159716],[-88.504836,48.159612],[-88.504689,48.159475],[-88.504672,48.159404],[-88.504484,48.159437],[-88.504213,48.159464],[-88.503803,48.159645],[-88.503525,48.15965],[-88.503131,48.159891],[-88.502614,48.160066],[-88.502565,48.160121],[-88.502549,48.160258],[-88.502098,48.160461],[-88.501696,48.160757],[-88.501072,48.161047],[-88.500073,48.161604],[-88.499254,48.162093],[-88.4985,48.162559],[-88.497697,48.163086],[-88.497345,48.163278],[-88.496985,48.163443],[-88.496927,48.163547],[-88.496952,48.163624],[-88.496944,48.163695],[-88.496829,48.163783],[-88.496756,48.163887],[-88.496747,48.163975],[-88.496871,48.163997],[-88.497256,48.163887],[-88.497846,48.163656],[-88.499075,48.163272],[-88.500066,48.162904],[-88.500497,48.162637],[-88.500857,48.162555],[-88.501095,48.162538],[-88.501234,48.162577],[-88.501365,48.162637],[-88.50148,48.16278],[-88.501553,48.162977],[-88.501488,48.163131],[-88.501143,48.163383],[-88.500725,48.163739],[-88.500069,48.164156],[-88.499568,48.16456],[-88.49924,48.164768],[-88.498585,48.165114],[-88.497397,48.165817],[-88.496668,48.166349],[-88.495857,48.166854],[-88.495276,48.167161],[-88.494735,48.167551],[-88.494022,48.16799],[-88.493424,48.168303],[-88.493039,48.168539],[-88.492081,48.168989],[-88.491081,48.16951],[-88.490458,48.169768],[-88.490254,48.169774],[-88.490172,48.16979],[-88.48995,48.169703],[-88.489638,48.169522],[-88.489564,48.169363],[-88.489564,48.169242],[-88.489613,48.169198],[-88.489728,48.169056],[-88.49094,48.168134],[-88.492382,48.167092],[-88.493103,48.166499],[-88.493185,48.166296],[-88.493168,48.166143],[-88.493028,48.166011],[-88.49284,48.166],[-88.492504,48.166088],[-88.492193,48.166192],[-88.491873,48.166352],[-88.491488,48.166516],[-88.491086,48.166632],[-88.49089,48.166654],[-88.490603,48.16667],[-88.48989,48.16683],[-88.489423,48.166917],[-88.489259,48.166923],[-88.489218,48.166907],[-88.489185,48.166852],[-88.489168,48.166715],[-88.489103,48.166605],[-88.488947,48.166567],[-88.488431,48.16671],[-88.488144,48.166825],[-88.487472,48.167138],[-88.487013,48.167313],[-88.486858,48.167396],[-88.486694,48.167396],[-88.486603,48.167231],[-88.486472,48.167198],[-88.486202,48.167286],[-88.48598,48.167286],[-88.485718,48.167369],[-88.485251,48.16761],[-88.484186,48.168027],[-88.483653,48.16828],[-88.482195,48.168769],[-88.481728,48.16907],[-88.481056,48.169295],[-88.480589,48.169586],[-88.480179,48.169795],[-88.479695,48.170025],[-88.479286,48.170135],[-88.478941,48.170185],[-88.478671,48.170256],[-88.478532,48.170316],[-88.478368,48.170481],[-88.478147,48.170651],[-88.477925,48.170772],[-88.477507,48.170914],[-88.476368,48.171441],[-88.475819,48.171644],[-88.475467,48.171814],[-88.475311,48.171941],[-88.475278,48.172023],[-88.475344,48.172105],[-88.475319,48.172171],[-88.475008,48.172297],[-88.475,48.172363],[-88.474174,48.170862]],[[-88.515014,48.153015],[-88.51521,48.152883],[-88.515292,48.152768],[-88.515333,48.152664],[-88.515317,48.152615],[-88.51526,48.152565],[-88.51517,48.15256],[-88.515104,48.152571],[-88.514899,48.152807],[-88.514194,48.153059],[-88.513948,48.153157],[-88.513833,48.153217],[-88.5138,48.153272],[-88.513808,48.153316],[-88.513899,48.153332],[-88.514267,48.153267],[-88.514962,48.153032],[-88.515014,48.153015]],[[-88.517078,48.153109],[-88.517316,48.153027],[-88.517406,48.152983],[-88.517505,48.152912],[-88.517505,48.152857],[-88.517472,48.152824],[-88.517333,48.152819],[-88.517128,48.152873],[-88.51701,48.152937],[-88.516874,48.15301],[-88.516816,48.153071],[-88.516841,48.153125],[-88.516923,48.153147],[-88.517078,48.153109]],[[-88.515865,48.153553],[-88.51598,48.15352],[-88.516193,48.153372],[-88.516218,48.153328],[-88.516193,48.153279],[-88.516087,48.153257],[-88.515997,48.153268],[-88.515816,48.153372],[-88.515742,48.15347],[-88.515759,48.153536],[-88.515865,48.153553]],[[-88.513415,48.153442],[-88.513423,48.153497],[-88.513505,48.153535],[-88.513612,48.153535],[-88.513702,48.15348],[-88.51371,48.153431],[-88.513595,48.153387],[-88.513448,48.153393],[-88.513415,48.153442]],[[-88.511888,48.156156],[-88.512011,48.156167],[-88.512257,48.156101],[-88.51265,48.155948],[-88.512724,48.155887],[-88.512716,48.155827],[-88.512634,48.155789],[-88.512544,48.155794],[-88.512347,48.155843],[-88.512216,48.155914],[-88.511978,48.155986],[-88.511942,48.156012],[-88.51188,48.156057],[-88.511863,48.156112],[-88.511888,48.156156]],[[-88.506314,48.15708],[-88.505412,48.157578],[-88.505174,48.157743],[-88.504945,48.157847],[-88.504731,48.157874],[-88.504617,48.157901],[-88.504535,48.157962],[-88.504411,48.158132],[-88.504231,48.158241],[-88.503649,48.15846],[-88.503493,48.158553],[-88.503436,48.158674],[-88.503198,48.158849],[-88.502903,48.158964],[-88.502247,48.159189],[-88.502017,48.159348],[-88.501738,48.159468],[-88.501574,48.159561],[-88.501435,48.159731],[-88.501426,48.159808],[-88.501451,48.159863],[-88.501549,48.15989],[-88.501647,48.159879],[-88.502238,48.159468],[-88.502361,48.159408],[-88.502763,48.159337],[-88.503279,48.159173],[-88.503796,48.158965],[-88.504263,48.158647],[-88.504592,48.158351],[-88.504821,48.158192],[-88.505567,48.157962],[-88.505879,48.157902],[-88.50601,48.157908],[-88.506067,48.157951],[-88.506092,48.157984],[-88.506051,48.158061],[-88.505731,48.158269],[-88.505682,48.158445],[-88.505698,48.158516],[-88.505796,48.158511],[-88.506124,48.158401],[-88.506665,48.158155],[-88.507125,48.157908],[-88.507731,48.157629],[-88.508437,48.157218],[-88.509527,48.156686],[-88.510191,48.156423],[-88.511807,48.155591],[-88.512512,48.155268],[-88.513102,48.154939],[-88.513217,48.154911],[-88.51325,48.154955],[-88.51325,48.154999],[-88.513176,48.155076],[-88.513061,48.155153],[-88.513085,48.155229],[-88.513159,48.155257],[-88.513397,48.155246],[-88.51361,48.155175],[-88.513807,48.155126],[-88.514036,48.155021],[-88.514151,48.154895],[-88.514143,48.154841],[-88.514053,48.154802],[-88.513905,48.154797],[-88.513627,48.154873],[-88.513504,48.154846],[-88.513471,48.154802],[-88.513553,48.154742],[-88.513848,48.154566],[-88.515472,48.153854],[-88.515578,48.153766],[-88.515611,48.153679],[-88.515578,48.153624],[-88.515439,48.153613],[-88.515062,48.153744],[-88.51348,48.154418],[-88.512242,48.154911],[-88.511791,48.155004],[-88.511512,48.154987],[-88.511283,48.154943],[-88.510881,48.154932],[-88.510488,48.154998],[-88.510004,48.155234],[-88.509381,48.155623],[-88.50884,48.155907],[-88.507536,48.156521],[-88.506314,48.15708]],[[-88.500655,48.160164],[-88.500778,48.160158],[-88.500901,48.160076],[-88.500926,48.160027],[-88.500893,48.159989],[-88.500836,48.159972],[-88.50068,48.160021],[-88.500599,48.160102],[-88.500598,48.160104],[-88.500598,48.160136],[-88.500655,48.160164]]]},"properties":{"name":"Duncan Bay","zone_type":"Quiet/No-Wake","speed_limit_mph":5,"nps_source_file":"Duncan Bay.geojson"}},{"type":"Feature","geometry":{"type":"Polygon","coordinates":[[[-88.498282,48.174784],[-88.498227,48.17476],[-88.498055,48.174804],[-88.497886,48.174921],[-88.485983,48.179054],[-88.48618,48.178933],[-88.48636,48.178752],[-88.486589,48.178642],[-88.48704,48.178571],[-88.487442,48.178494],[-88.487843,48.178357],[-88.488147,48.178197],[-88.488392,48.177918],[-88.488654,48.177649],[-88.489367,48.17715],[-88.490588,48.176348],[-88.491743,48.175794],[-88.491948,48.175591],[-88.492071,48.17541],[-88.492112,48.175224],[-88.49203,48.175087],[-88.491964,48.174856],[-88.492095,48.174598],[-88.492471,48.174302],[-88.493111,48.174088],[-88.493717,48.173973],[-88.49425,48.173967],[-88.494373,48.173994],[-88.494275,48.174159],[-88.494447,48.174159],[-88.494832,48.174087],[-88.495062,48.173945],[-88.495299,48.173736],[-88.495578,48.173588],[-88.496004,48.173313],[-88.496135,48.17311],[-88.496225,48.172897],[-88.496364,48.17282],[-88.496684,48.17283],[-88.496848,48.172825],[-88.496913,48.172704],[-88.496897,48.172628],[-88.496724,48.172507],[-88.49665,48.17237],[-88.496732,48.172041],[-88.496928,48.171668],[-88.497403,48.171141],[-88.49823,48.170285],[-88.499106,48.169539],[-88.500065,48.168842],[-88.500916,48.168323],[-88.500932,48.168241],[-88.500818,48.168192],[-88.500695,48.16817],[-88.500531,48.168224],[-88.500268,48.168367],[-88.500071,48.168433],[-88.499778,48.168563],[-88.499016,48.169035],[-88.498385,48.16949],[-88.498164,48.169578],[-88.49782,48.169682],[-88.497656,48.169688],[-88.497598,48.169661],[-88.497565,48.169573],[-88.497639,48.169365],[-88.49795,48.169167],[-88.498941,48.168464],[-88.499179,48.168283],[-88.499547,48.167927],[-88.499826,48.16762],[-88.500065,48.167221],[-88.500532,48.166886],[-88.501254,48.166432],[-88.502157,48.165939],[-88.502517,48.165648],[-88.503363,48.164711],[-88.503691,48.164432],[-88.503987,48.164031],[-88.504651,48.163648],[-88.505365,48.163144],[-88.506341,48.162486],[-88.50662,48.162399],[-88.507489,48.161747],[-88.507825,48.161588],[-88.50803,48.16156],[-88.508448,48.161484],[-88.50876,48.161572],[-88.509022,48.161583],[-88.509194,48.161501],[-88.50985,48.161134],[-88.509965,48.161019],[-88.509998,48.160898],[-88.509966,48.16052],[-88.510081,48.160185],[-88.510261,48.159971],[-88.510491,48.159769],[-88.510737,48.159642],[-88.51104,48.159566],[-88.511475,48.159577],[-88.511884,48.159676],[-88.511999,48.15978],[-88.51195,48.159923],[-88.511958,48.16001],[-88.512023,48.160043],[-88.512187,48.160011],[-88.51254,48.159802],[-88.512852,48.159671],[-88.513311,48.159446],[-88.514163,48.15909],[-88.514385,48.158904],[-88.514467,48.158679],[-88.5145,48.158175],[-88.51455,48.158049],[-88.514689,48.157917],[-88.515288,48.157687],[-88.515534,48.157506],[-88.516026,48.15709],[-88.516321,48.156865],[-88.516829,48.156569],[-88.518051,48.156235],[-88.518936,48.15601],[-88.519469,48.155846],[-88.520461,48.155441],[-88.521437,48.154926],[-88.522543,48.154263],[-88.523224,48.153928],[-88.524568,48.153402],[-88.524749,48.153348],[-88.525085,48.153304],[-88.525527,48.153331],[-88.525749,48.153397],[-88.525929,48.153529],[-88.526084,48.153792],[-88.5261,48.154034],[-88.525986,48.154138],[-88.523985,48.154992],[-88.522419,48.155743],[-88.521665,48.156193],[-88.521509,48.156258],[-88.521116,48.156296],[-88.520042,48.15685],[-88.519443,48.157179],[-88.519181,48.15731],[-88.519181,48.157392],[-88.519246,48.157469],[-88.519213,48.157546],[-88.518738,48.157809],[-88.518508,48.157902],[-88.518352,48.15799],[-88.518336,48.15805],[-88.518434,48.158204],[-88.518492,48.158231],[-88.518606,48.15822],[-88.518844,48.158111],[-88.518959,48.158144],[-88.519033,48.158138],[-88.519574,48.157908],[-88.519787,48.15776],[-88.51982,48.15759],[-88.519886,48.157502],[-88.520025,48.157431],[-88.521295,48.157168],[-88.522501,48.156681],[-88.522992,48.1565],[-88.523607,48.156297],[-88.524263,48.156062],[-88.525066,48.155689],[-88.525181,48.155695],[-88.525214,48.155755],[-88.525181,48.155815],[-88.524624,48.156193],[-88.52441,48.156276],[-88.523902,48.156495],[-88.522951,48.156873],[-88.52273,48.157059],[-88.522722,48.157152],[-88.522861,48.157224],[-88.523123,48.157301],[-88.523303,48.157334],[-88.523582,48.15729],[-88.524115,48.157082],[-88.525312,48.156704],[-88.526164,48.156375],[-88.526861,48.155997],[-88.527328,48.155756],[-88.527583,48.155602],[-88.528033,48.155394],[-88.528616,48.155087],[-88.529214,48.154819],[-88.530017,48.15466],[-88.530804,48.154523],[-88.531632,48.154337],[-88.532091,48.154172],[-88.532607,48.153948],[-88.533263,48.15369],[-88.533509,48.153575],[-88.534091,48.153378],[-88.534665,48.153098],[-88.53537,48.152797],[-88.536558,48.15221],[-88.537468,48.151816],[-88.538714,48.151186],[-88.539698,48.15072],[-88.540886,48.150122],[-88.541771,48.149596],[-88.542919,48.149064],[-88.54346,48.148796],[-88.54423,48.148434],[-88.544877,48.148171],[-88.545648,48.147738],[-88.547459,48.146861],[-88.547762,48.146751],[-88.548262,48.146636],[-88.548909,48.146505],[-88.549467,48.146252],[-88.550204,48.14583],[-88.550729,48.145611],[-88.551507,48.145348],[-88.551933,48.145183],[-88.552613,48.144794],[-88.553113,48.144536],[-88.553842,48.144317],[-88.554301,48.14424],[-88.554482,48.14423],[-88.554637,48.144268],[-88.554768,48.144372],[-88.554768,48.144454],[-88.554654,48.144569],[-88.554375,48.144701],[-88.553769,48.144959],[-88.553465,48.145151],[-88.553301,48.145293],[-88.553277,48.145397],[-88.553285,48.145436],[-88.553392,48.145469],[-88.553891,48.145474],[-88.554022,48.145535],[-88.554039,48.145622],[-88.55385,48.145765],[-88.553555,48.145935],[-88.5534,48.146132],[-88.553277,48.146181],[-88.552842,48.146209],[-88.552424,48.146318],[-88.552097,48.146483],[-88.551925,48.146636],[-88.551908,48.146823],[-88.551867,48.146867],[-88.55131,48.147059],[-88.551105,48.147207],[-88.550917,48.147421],[-88.550908,48.147623],[-88.550769,48.147755],[-88.550581,48.147826],[-88.550458,48.147843],[-88.55022,48.147766],[-88.549982,48.147744],[-88.549614,48.147837],[-88.549204,48.148023],[-88.54904,48.148056],[-88.548442,48.14799],[-88.548122,48.148034],[-88.547778,48.148111],[-88.547368,48.148281],[-88.547024,48.148473],[-88.546426,48.148966],[-88.546245,48.149038],[-88.545795,48.149092],[-88.545377,48.149257],[-88.544598,48.149509],[-88.543877,48.149882],[-88.54218,48.150632],[-88.541648,48.150939],[-88.541426,48.151148],[-88.541246,48.151394],[-88.541025,48.151504],[-88.540467,48.151718],[-88.540148,48.151926],[-88.539984,48.152069],[-88.53982,48.15231],[-88.539672,48.15248],[-88.5395,48.152579],[-88.539139,48.152705],[-88.538885,48.152831],[-88.538746,48.152957],[-88.538631,48.15316],[-88.538549,48.153236],[-88.538164,48.153384],[-88.537147,48.153669],[-88.536041,48.15396],[-88.53532,48.154168],[-88.53473,48.154283],[-88.5345,48.154343],[-88.534049,48.154661],[-88.533885,48.154738],[-88.533483,48.154864],[-88.533221,48.155028],[-88.532697,48.155258],[-88.531328,48.155938],[-88.530754,48.156228],[-88.529803,48.156782],[-88.52936,48.156974],[-88.528991,48.157083],[-88.528286,48.157209],[-88.528171,48.15728],[-88.528073,48.157467],[-88.527901,48.157598],[-88.527843,48.15767],[-88.527827,48.157708],[-88.527925,48.157724],[-88.528073,48.157719],[-88.528253,48.157604],[-88.528417,48.157527],[-88.529007,48.157385],[-88.529548,48.157292],[-88.530024,48.157341],[-88.530507,48.157298],[-88.530794,48.157287],[-88.530933,48.157298],[-88.531056,48.157385],[-88.531064,48.157495],[-88.530835,48.157764],[-88.530843,48.157835],[-88.530941,48.157884],[-88.531105,48.15789],[-88.531244,48.157775],[-88.531335,48.157736],[-88.531695,48.157737],[-88.532163,48.157468],[-88.532581,48.157276],[-88.53313,48.15715],[-88.533441,48.156997],[-88.533777,48.156695],[-88.53404,48.15652],[-88.534261,48.156416],[-88.534728,48.156279],[-88.534991,48.156175],[-88.535163,48.156081],[-88.535212,48.156109],[-88.535327,48.156186],[-88.535458,48.156197],[-88.535548,48.156235],[-88.535556,48.156345],[-88.535491,48.156526],[-88.535433,48.156597],[-88.535318,48.156679],[-88.534802,48.156948],[-88.533638,48.157446],[-88.533285,48.157572],[-88.533146,48.157567],[-88.532949,48.15749],[-88.532744,48.157485],[-88.532556,48.157539],[-88.532474,48.157605],[-88.532441,48.157737],[-88.532211,48.157852],[-88.531744,48.157956],[-88.531236,48.15818],[-88.530711,48.158389],[-88.530572,48.158493],[-88.53058,48.158679],[-88.530506,48.158855],[-88.530326,48.158992],[-88.530039,48.159162],[-88.529678,48.159293],[-88.529121,48.159518],[-88.529006,48.159617],[-88.529022,48.159699],[-88.529112,48.159726],[-88.529243,48.159715],[-88.529424,48.159617],[-88.52976,48.159485],[-88.530055,48.159414],[-88.530211,48.15943],[-88.530268,48.159452],[-88.530252,48.15954],[-88.530055,48.159677],[-88.52935,48.159968],[-88.528554,48.160384],[-88.528513,48.160461],[-88.528522,48.160494],[-88.528645,48.160516],[-88.528849,48.160516],[-88.529145,48.160423],[-88.529792,48.160116],[-88.530391,48.159809],[-88.530514,48.159699],[-88.530637,48.159617],[-88.530735,48.159612],[-88.531071,48.159639],[-88.531522,48.159601],[-88.531874,48.159447],[-88.532038,48.15936],[-88.532317,48.159332],[-88.532858,48.159212],[-88.53326,48.159075],[-88.533539,48.15891],[-88.533768,48.158817],[-88.533875,48.15879],[-88.533957,48.158839],[-88.533965,48.158905],[-88.533948,48.159026],[-88.533833,48.159141],[-88.533694,48.159234],[-88.533456,48.159344],[-88.532891,48.159557],[-88.532686,48.159661],[-88.532136,48.160062],[-88.531636,48.16027],[-88.530817,48.160451],[-88.530636,48.160571],[-88.530456,48.160763],[-88.529947,48.16107],[-88.529792,48.161042],[-88.529685,48.161092],[-88.529587,48.161256],[-88.529521,48.1613],[-88.52939,48.161295],[-88.529226,48.161333],[-88.528849,48.161596],[-88.528226,48.161892],[-88.527225,48.162243],[-88.527053,48.162391],[-88.526938,48.162462],[-88.526824,48.162517],[-88.526864,48.162571],[-88.526955,48.162582],[-88.527299,48.162478],[-88.527364,48.162495],[-88.527406,48.162533],[-88.527397,48.162643],[-88.527266,48.162758],[-88.526954,48.162944],[-88.526897,48.163021],[-88.526823,48.163218],[-88.526667,48.163377],[-88.526503,48.163498],[-88.526503,48.163553],[-88.526618,48.163652],[-88.526651,48.163734],[-88.526634,48.163844],[-88.526076,48.164419],[-88.525912,48.164655],[-88.525379,48.164962],[-88.525248,48.165066],[-88.525199,48.165247],[-88.525035,48.165439],[-88.525043,48.165493],[-88.498282,48.174784]],[[-88.552416,48.145704],[-88.552498,48.145693],[-88.552777,48.145595],[-88.552892,48.14554],[-88.552916,48.145496],[-88.552793,48.145452],[-88.55258,48.145447],[-88.552392,48.145545],[-88.552375,48.14565],[-88.552416,48.145704]],[[-88.529178,48.159326],[-88.529326,48.159271],[-88.529408,48.159178],[-88.529457,48.159096],[-88.529416,48.159063],[-88.529309,48.15903],[-88.52917,48.15903],[-88.52908,48.159046],[-88.528826,48.159216],[-88.528662,48.159238],[-88.528465,48.159287],[-88.528399,48.159348],[-88.528408,48.159414],[-88.528522,48.159463],[-88.528686,48.159468],[-88.528924,48.159381],[-88.529178,48.159326]],[[-88.52054,48.158671],[-88.520696,48.158588],[-88.520958,48.158545],[-88.520975,48.158495],[-88.520934,48.158446],[-88.52086,48.158402],[-88.520745,48.158391],[-88.520573,48.15844],[-88.520319,48.158533],[-88.520245,48.15861],[-88.520245,48.158687],[-88.520384,48.158753],[-88.520474,48.158764],[-88.52054,48.158671]],[[-88.517104,48.16055],[-88.517801,48.160205],[-88.518564,48.159777],[-88.519204,48.159454],[-88.519286,48.159405],[-88.519466,48.159169],[-88.519491,48.15912],[-88.519417,48.159125],[-88.519122,48.159218],[-88.51881,48.15929],[-88.518548,48.159481],[-88.518327,48.159602],[-88.517966,48.159684],[-88.51763,48.159848],[-88.516892,48.16027],[-88.516621,48.160446],[-88.516604,48.160506],[-88.516686,48.160561],[-88.516826,48.160577],[-88.517104,48.16055]],[[-88.521998,48.160503],[-88.522203,48.160393],[-88.522334,48.160283],[-88.522547,48.160223],[-88.52267,48.160146],[-88.522695,48.160081],[-88.522621,48.160053],[-88.522473,48.160064],[-88.522203,48.160185],[-88.52153,48.160448],[-88.521325,48.160552],[-88.520604,48.160968],[-88.520473,48.161083],[-88.520464,48.161143],[-88.520522,48.16116],[-88.520727,48.1611],[-88.521169,48.160941],[-88.521547,48.160661],[-88.521998,48.160503]],[[-88.520062,48.161906],[-88.520095,48.161834],[-88.520046,48.16179],[-88.519972,48.161779],[-88.519726,48.161851],[-88.518824,48.162163],[-88.518332,48.162212],[-88.51807,48.162283],[-88.517176,48.162749],[-88.516914,48.162891],[-88.516496,48.163045],[-88.516184,48.163226],[-88.515815,48.16339],[-88.515758,48.163445],[-88.515749,48.163483],[-88.515807,48.163532],[-88.515921,48.163549],[-88.516307,48.163478],[-88.516577,48.163401],[-88.517291,48.163122],[-88.517799,48.162985],[-88.518037,48.162881],[-88.518184,48.162766],[-88.51825,48.162744],[-88.518504,48.162733],[-88.518619,48.1627],[-88.518832,48.162426],[-88.518972,48.162305],[-88.519086,48.162251],[-88.519226,48.162229],[-88.519554,48.162262],[-88.519677,48.162185],[-88.520062,48.161906]],[[-88.503082,48.166795],[-88.503681,48.166422],[-88.50432,48.165978],[-88.50487,48.165671],[-88.504952,48.1656],[-88.504936,48.165556],[-88.504813,48.165551],[-88.504739,48.165578],[-88.504649,48.165677],[-88.50455,48.165721],[-88.504165,48.165759],[-88.503968,48.165836],[-88.503099,48.166345],[-88.502975,48.166498],[-88.502852,48.166718],[-88.502672,48.166893],[-88.502639,48.166953],[-88.502655,48.166997],[-88.502729,48.166986],[-88.503082,48.166795]]]},"properties":{"name":"Five Finger Bay","zone_type":"Quiet/No-Wake","speed_limit_mph":5,"nps_source_file":"Five Finger Bay.geojson"}},{"type":"Feature","geometry":{"type":"Polygon","coordinates":[[[-88.938108,47.935653],[-88.938108,47.934857],[-88.938415,47.934906],[-88.938594,47.934917],[-88.938708,47.934911],[-88.940161,47.934324],[-88.9403,47.934182],[-88.940406,47.933809],[-88.940536,47.933644],[-88.940838,47.933398],[-88.941719,47.932795],[-88.94353,47.931983],[-88.944126,47.931824],[-88.945872,47.931539],[-88.946394,47.931467],[-88.947341,47.931489],[-88.94743,47.931517],[-88.947683,47.931566],[-88.948556,47.931933],[-88.949005,47.932098],[-88.949332,47.932191],[-88.95018,47.932322],[-88.950996,47.932405],[-88.951535,47.932525],[-88.95173,47.932536],[-88.951992,47.932492],[-88.95213,47.932454],[-88.952212,47.932371],[-88.952359,47.932141],[-88.952546,47.931768],[-88.952668,47.931587],[-88.952815,47.931478],[-88.953411,47.931269],[-88.95368,47.931247],[-88.953786,47.931231],[-88.953884,47.931203],[-88.953998,47.931291],[-88.953941,47.931357],[-88.953386,47.931609],[-88.953174,47.931746],[-88.952979,47.931982],[-88.952848,47.932487],[-88.952563,47.932722],[-88.951527,47.933315],[-88.949805,47.934066],[-88.948573,47.93451],[-88.948027,47.93473],[-88.947137,47.935196],[-88.946631,47.935475],[-88.944583,47.936243],[-88.944363,47.936282],[-88.944192,47.936276],[-88.94411,47.936265],[-88.943278,47.935827],[-88.942854,47.935739],[-88.942609,47.935766],[-88.942307,47.935854],[-88.942078,47.935953],[-88.941621,47.936386],[-88.941254,47.936622],[-88.940406,47.93688],[-88.939736,47.937066],[-88.939149,47.937318],[-88.9383,47.937856],[-88.938108,47.937973],[-88.938108,47.935653]]]},"properties":{"name":"Hay Bay","zone_type":"Quiet/No-Wake","speed_limit_mph":5,"nps_source_file":"Hay Bay.geojson"}},{"type":"Feature","geometry":{"type":"Polygon","coordinates":[[[-89.238918,47.889049],[-89.239098,47.889257],[-89.239261,47.889361],[-89.239383,47.889356],[-89.239448,47.889317],[-89.239619,47.889273],[-89.240214,47.88924],[-89.240524,47.889202],[-89.24107,47.889053],[-89.241404,47.888911],[-89.24173,47.888719],[-89.242309,47.888439],[-89.242415,47.888477],[-89.242488,47.888592],[-89.242521,47.888669],[-89.242439,47.888784],[-89.242317,47.888855],[-89.242138,47.889047],[-89.241706,47.889398],[-89.241104,47.889936],[-89.240623,47.890205],[-89.240558,47.890221],[-89.240444,47.890221],[-89.240256,47.8902],[-89.240158,47.890244],[-89.240052,47.890309],[-89.240036,47.890523],[-89.238918,47.889049]]]},"properties":{"name":"Johns Island","zone_type":"Quiet/No-Wake","speed_limit_mph":5,"nps_source_file":"Johns Island.geojson"}},{"type":"Feature","geometry":{"type":"Polygon","coordinates":[[[-88.558364,48.150327],[-88.558201,48.150316],[-88.557955,48.150377],[-88.556095,48.150952],[-88.555808,48.151002],[-88.555521,48.150991],[-88.555398,48.150903],[-88.555324,48.150799],[-88.555316,48.150629],[-88.555267,48.150568],[-88.555062,48.150546],[-88.554923,48.150579],[-88.554456,48.150821],[-88.553562,48.151188],[-88.553153,48.15127],[-88.552989,48.15127],[-88.552841,48.151188],[-88.552784,48.151073],[-88.552809,48.150919],[-88.552989,48.15065],[-88.552907,48.150612],[-88.552735,48.150623],[-88.552358,48.150705],[-88.552251,48.150705],[-88.552112,48.150628],[-88.552047,48.150508],[-88.552055,48.150447],[-88.552104,48.150354],[-88.552293,48.150201],[-88.552276,48.150129],[-88.55217,48.150009],[-88.551916,48.1498],[-88.551744,48.149745],[-88.551596,48.149735],[-88.551408,48.149751],[-88.551178,48.14985],[-88.550818,48.150036],[-88.549629,48.150475],[-88.549457,48.150464],[-88.549277,48.150387],[-88.549039,48.150052],[-88.548982,48.14991],[-88.549064,48.149806],[-88.549195,48.14969],[-88.549466,48.149548],[-88.549957,48.149334],[-88.550572,48.149137],[-88.550719,48.149054],[-88.551187,48.148671],[-88.55131,48.148605],[-88.551834,48.148578],[-88.551949,48.148545],[-88.551982,48.148495],[-88.551941,48.148446],[-88.551842,48.148413],[-88.551564,48.148402],[-88.551457,48.148325],[-88.551416,48.148259],[-88.55149,48.148084],[-88.551621,48.147914],[-88.551736,48.147865],[-88.552113,48.14787],[-88.552457,48.147689],[-88.553088,48.147437],[-88.553809,48.147196],[-88.554137,48.147064],[-88.555235,48.146522],[-88.556464,48.145836],[-88.556841,48.145611],[-88.557054,48.145414],[-88.557259,48.145096],[-88.557742,48.144932],[-88.557783,48.144811],[-88.557759,48.144745],[-88.557628,48.144674],[-88.55748,48.144641],[-88.557357,48.144553],[-88.557275,48.144476],[-88.557251,48.144394],[-88.557292,48.144328],[-88.557775,48.144164],[-88.557808,48.144104],[-88.557841,48.143901],[-88.558242,48.143709],[-88.558857,48.143572],[-88.559062,48.143588],[-88.55916,48.143638],[-88.559389,48.143692],[-88.559463,48.143758],[-88.559471,48.143835],[-88.559455,48.143928],[-88.559283,48.144087],[-88.559258,48.144169],[-88.559275,48.144263],[-88.559332,48.144356],[-88.559471,48.144372],[-88.559619,48.144328],[-88.559799,48.144213],[-88.559848,48.144109],[-88.559791,48.143928],[-88.559791,48.14389],[-88.559979,48.143846],[-88.56011,48.143851],[-88.560209,48.143939],[-88.560225,48.144027],[-88.560201,48.144158],[-88.560274,48.14418],[-88.560479,48.144148],[-88.560553,48.144159],[-88.560594,48.144213],[-88.560553,48.144301],[-88.56061,48.144323],[-88.560758,48.144323],[-88.560946,48.144279],[-88.561151,48.144186],[-88.561503,48.144071],[-88.562093,48.143928],[-88.563158,48.143753],[-88.56406,48.143583],[-88.564879,48.143374],[-88.565149,48.143259],[-88.56528,48.143226],[-88.565559,48.143309],[-88.565649,48.14332],[-88.565788,48.143292],[-88.565862,48.143215],[-88.565936,48.143199],[-88.566468,48.143298],[-88.566763,48.14332],[-88.568689,48.143117],[-88.568902,48.143045],[-88.569008,48.142969],[-88.569197,48.142766],[-88.569344,48.142727],[-88.569811,48.142656],[-88.570696,48.142453],[-88.571761,48.142239],[-88.572277,48.142118],[-88.57317,48.142036],[-88.574309,48.141839],[-88.575399,48.141608],[-88.576292,48.141318],[-88.576775,48.141213],[-88.577594,48.141125],[-88.577848,48.14112],[-88.577971,48.141131],[-88.578045,48.141164],[-88.578078,48.141213],[-88.578069,48.14129],[-88.577955,48.141367],[-88.577881,48.141454],[-88.577881,48.141548],[-88.577824,48.141602],[-88.577553,48.141652],[-88.57725,48.141723],[-88.577111,48.141778],[-88.577078,48.141849],[-88.577078,48.141959],[-88.577177,48.142102],[-88.577177,48.142134],[-88.577078,48.142162],[-88.576964,48.142145],[-88.576628,48.141937],[-88.57648,48.141926],[-88.576316,48.141932],[-88.576144,48.141954],[-88.575841,48.14203],[-88.575595,48.142102],[-88.57544,48.1422],[-88.575284,48.142354],[-88.575161,48.142518],[-88.574801,48.142716],[-88.574342,48.142858],[-88.573629,48.143034],[-88.571483,48.143435],[-88.570713,48.143632],[-88.57,48.14378],[-88.569139,48.144054],[-88.567312,48.144493],[-88.5656,48.144981],[-88.563912,48.145551],[-88.563035,48.145864],[-88.56229,48.146039],[-88.562159,48.146105],[-88.56215,48.146155],[-88.562208,48.146187],[-88.562421,48.146187],[-88.562658,48.146105],[-88.563265,48.146056],[-88.563716,48.14605],[-88.564158,48.145941],[-88.564707,48.145694],[-88.565813,48.145283],[-88.566419,48.145118],[-88.566927,48.144998],[-88.567149,48.144986],[-88.567312,48.145069],[-88.567476,48.145069],[-88.567681,48.145052],[-88.567771,48.145091],[-88.567829,48.145195],[-88.567861,48.14537],[-88.567763,48.145485],[-88.567485,48.145628],[-88.566657,48.145902],[-88.565231,48.146325],[-88.564584,48.146462],[-88.563666,48.146692],[-88.563191,48.146851],[-88.563027,48.146966],[-88.562798,48.147158],[-88.562486,48.147317],[-88.561937,48.147514],[-88.561315,48.147597],[-88.561093,48.147657],[-88.560651,48.147849],[-88.560553,48.14792],[-88.560528,48.147986],[-88.560536,48.148035],[-88.560618,48.148068],[-88.560757,48.148052],[-88.560946,48.147986],[-88.561192,48.147871],[-88.561536,48.14781],[-88.561995,48.147761],[-88.562699,48.147602],[-88.563093,48.147476],[-88.563355,48.147322],[-88.563429,48.147295],[-88.563576,48.147322],[-88.563707,48.147416],[-88.563814,48.147553],[-88.563822,48.147657],[-88.563609,48.147772],[-88.563355,48.147821],[-88.562888,48.148024],[-88.562404,48.148277],[-88.562265,48.148447],[-88.562273,48.148622],[-88.558364,48.150327]],[[-88.565805,48.143402],[-88.565813,48.143468],[-88.56587,48.143501],[-88.565985,48.143495],[-88.566075,48.143413],[-88.566075,48.143358],[-88.565985,48.143331],[-88.565862,48.143342],[-88.565805,48.143402]],[[-88.565469,48.143462],[-88.565371,48.14349],[-88.565035,48.143654],[-88.564871,48.143764],[-88.564707,48.143808],[-88.564387,48.143802],[-88.564264,48.143819],[-88.563765,48.143978],[-88.563765,48.143986],[-88.563765,48.144005],[-88.563806,48.144038],[-88.563888,48.144054],[-88.564264,48.143989],[-88.564543,48.143978],[-88.564936,48.143901],[-88.565182,48.143769],[-88.565559,48.143605],[-88.565592,48.143555],[-88.565584,48.143501],[-88.565534,48.143473],[-88.565469,48.143462]],[[-88.565534,48.144778],[-88.565854,48.144767],[-88.566141,48.144679],[-88.56655,48.144477],[-88.566616,48.144455],[-88.566624,48.144411],[-88.566559,48.144389],[-88.565911,48.144504],[-88.565567,48.144515],[-88.565354,48.144625],[-88.56533,48.144685],[-88.565354,48.144723],[-88.565534,48.144778]],[[-88.552203,48.149378],[-88.552186,48.149427],[-88.552342,48.149554],[-88.552407,48.149554],[-88.552448,48.14951],[-88.552457,48.149439],[-88.55235,48.149334],[-88.552276,48.14934],[-88.552203,48.149378]]]},"properties":{"name":"Lane Cove","zone_type":"Quiet/No-Wake","speed_limit_mph":5,"nps_source_file":"Lane Cove.geojson"}},{"type":"Feature","geometry":{"type":"Polygon","coordinates":[[[-88.525091,48.117987],[-88.524894,48.117915],[-88.524616,48.117943],[-88.52437,48.118047],[-88.524206,48.118129],[-88.523846,48.118387],[-88.523403,48.118534],[-88.522887,48.11854],[-88.522412,48.118677],[-88.52165,48.119016],[-88.521003,48.119219],[-88.520766,48.11934],[-88.520471,48.119553],[-88.519979,48.119789],[-88.519504,48.119942],[-88.519283,48.120096],[-88.519266,48.120205],[-88.517062,48.12123],[-88.516972,48.121186],[-88.51689,48.121164],[-88.516784,48.12117],[-88.516284,48.121531],[-88.515989,48.121674],[-88.515964,48.121734],[-88.515981,48.121772],[-88.514915,48.122545],[-88.514776,48.122584],[-88.514186,48.12294],[-88.51408,48.122945],[-88.513973,48.122918],[-88.513834,48.122918],[-88.51331,48.123115],[-88.513031,48.123137],[-88.5129,48.123159],[-88.512203,48.123646],[-88.512162,48.123728],[-88.512187,48.123794],[-88.512293,48.123882],[-88.512285,48.123975],[-88.512097,48.124101],[-88.511973,48.124222],[-88.511875,48.124386],[-88.511777,48.124458],[-88.511384,48.124512],[-88.510908,48.124874],[-88.510716,48.12502],[-88.510282,48.125212],[-88.510216,48.125294],[-88.510241,48.125365],[-88.508823,48.126154],[-88.508757,48.12611],[-88.508634,48.126127],[-88.508569,48.126182],[-88.508544,48.126253],[-88.50855,48.126259],[-88.50602,48.127233],[-88.505947,48.1272],[-88.505865,48.1272],[-88.505774,48.127233],[-88.505758,48.127271],[-88.505783,48.127321],[-88.503725,48.128548],[-88.503545,48.128559],[-88.50284,48.128915],[-88.502578,48.129019],[-88.502209,48.129145],[-88.501914,48.129216],[-88.501775,48.12921],[-88.501619,48.129167],[-88.501603,48.129194],[-88.501619,48.12926],[-88.500946,48.130477],[-88.500881,48.130466],[-88.5007,48.130493],[-88.500446,48.13057],[-88.500283,48.130553],[-88.50007,48.130619],[-88.499578,48.130815],[-88.499283,48.130881],[-88.498988,48.13093],[-88.498464,48.130909],[-88.498185,48.131046],[-88.498079,48.131172],[-88.498079,48.131276],[-88.498161,48.13132],[-88.498112,48.131501],[-88.497916,48.131737],[-88.497621,48.132044],[-88.497171,48.132412],[-88.496819,48.132533],[-88.496344,48.132615],[-88.496139,48.132692],[-88.495877,48.132818],[-88.49519,48.133054],[-88.49487,48.133263],[-88.494649,48.133449],[-88.494567,48.133581],[-88.494576,48.133647],[-88.494461,48.133839],[-88.494232,48.133823],[-88.493872,48.133916],[-88.492946,48.134081],[-88.492455,48.134098],[-88.491988,48.134125],[-88.491603,48.134246],[-88.491136,48.134416],[-88.490678,48.134636],[-88.490448,48.134729],[-88.49035,48.134855],[-88.490326,48.134976],[-88.490129,48.135031],[-88.489974,48.135152],[-88.4899,48.135256],[-88.489662,48.135355],[-88.489458,48.135388],[-88.489343,48.135366],[-88.489154,48.135251],[-88.48904,48.13524],[-88.48881,48.135311],[-88.48854,48.135481],[-88.488434,48.135624],[-88.488426,48.13569],[-88.488541,48.13575],[-88.48859,48.135821],[-88.488598,48.136019],[-88.488385,48.136183],[-88.488213,48.136244],[-88.488148,48.136331],[-88.488091,48.136441],[-88.48782,48.136622],[-88.487403,48.136809],[-88.487108,48.136858],[-88.48642,48.13693],[-88.48615,48.137106],[-88.485994,48.137248],[-88.485863,48.137336],[-88.485831,48.137539],[-88.485773,48.137616],[-88.485405,48.137731],[-88.484995,48.137912],[-88.484766,48.137972],[-88.484643,48.137956],[-88.484545,48.137912],[-88.484479,48.137863],[-88.484504,48.137737],[-88.484626,48.137605],[-88.484577,48.137506],[-88.484438,48.137485],[-88.484168,48.137627],[-88.483644,48.137973],[-88.483242,48.138176],[-88.48298,48.138275],[-88.482857,48.138363],[-88.485141,48.135834],[-88.485239,48.135899],[-88.485378,48.135905],[-88.485854,48.135844],[-88.48605,48.135789],[-88.486198,48.135691],[-88.486288,48.13557],[-88.486419,48.135444],[-88.486402,48.135334],[-88.489497,48.133529],[-88.489595,48.133605],[-88.489685,48.133633],[-88.489784,48.133589],[-88.4898,48.133562],[-88.489734,48.133479],[-88.489898,48.133375],[-88.489972,48.133419],[-88.490087,48.133435],[-88.490185,48.133441],[-88.490349,48.13343],[-88.490791,48.13327],[-88.490873,48.133161],[-88.490832,48.133051],[-88.490979,48.132936],[-88.49102,48.132974],[-88.491143,48.133002],[-88.491364,48.13298],[-88.491462,48.13293],[-88.49147,48.132837],[-88.491323,48.132766],[-88.493664,48.131531],[-88.493705,48.131558],[-88.493844,48.13158],[-88.494017,48.131564],[-88.494188,48.131476],[-88.494459,48.131426],[-88.494598,48.131355],[-88.494819,48.131207],[-88.494819,48.131157],[-88.494794,48.131097],[-88.49522,48.130686],[-88.495253,48.130702],[-88.495334,48.130713],[-88.495441,48.130669],[-88.495515,48.130537],[-88.496808,48.130153],[-88.496866,48.130186],[-88.497201,48.130005],[-88.497201,48.12989],[-88.49732,48.12983],[-88.497349,48.12984],[-88.497447,48.129834],[-88.497619,48.129758],[-88.498274,48.129406],[-88.498413,48.129242],[-88.498429,48.129181],[-88.498691,48.129088],[-88.498806,48.129104],[-88.498928,48.129088],[-88.499084,48.129006],[-88.499289,48.128912],[-88.499403,48.12877],[-88.499362,48.128633],[-88.499616,48.128589],[-88.499747,48.128583],[-88.499812,48.128556],[-88.499878,48.128462],[-88.49987,48.128331],[-88.500884,48.127625],[-88.50095,48.127669],[-88.501056,48.127669],[-88.501277,48.127598],[-88.501646,48.127571],[-88.50208,48.127324],[-88.502457,48.127198],[-88.502834,48.127051],[-88.503023,48.126881],[-88.50331,48.126804],[-88.503883,48.126607],[-88.504219,48.126454],[-88.504686,48.126169],[-88.504801,48.126026],[-88.505113,48.125917],[-88.505129,48.125862],[-88.505105,48.125791],[-88.508206,48.124045],[-88.508198,48.1241],[-88.508255,48.124116],[-88.508517,48.124056],[-88.508845,48.123957],[-88.509156,48.123881],[-88.509263,48.12382],[-88.509599,48.123574],[-88.509837,48.123448],[-88.510181,48.123322],[-88.510361,48.12319],[-88.510419,48.123086],[-88.510419,48.122976],[-88.510542,48.122916],[-88.510574,48.122971],[-88.510664,48.12302],[-88.510763,48.123015],[-88.510976,48.122966],[-88.511098,48.122911],[-88.511328,48.122747],[-88.511353,48.122648],[-88.511295,48.122566],[-88.511336,48.122533],[-88.511451,48.122549],[-88.511631,48.122533],[-88.51173,48.1225],[-88.511754,48.12239],[-88.511893,48.122396],[-88.511951,48.122445],[-88.512098,48.122462],[-88.51227,48.122451],[-88.512393,48.122391],[-88.512999,48.12215],[-88.513737,48.121728],[-88.514294,48.12147],[-88.515367,48.121229],[-88.515539,48.121175],[-88.515752,48.12106],[-88.515973,48.120895],[-88.516154,48.120829],[-88.516555,48.120747],[-88.516924,48.120643],[-88.517522,48.120375],[-88.518267,48.120172],[-88.518603,48.119909],[-88.51966,48.119273],[-88.520266,48.11895],[-88.520397,48.118906],[-88.52061,48.118945],[-88.52075,48.118945],[-88.52084,48.118852],[-88.520905,48.118725],[-88.521086,48.118599],[-88.521823,48.118265],[-88.521938,48.118227],[-88.522093,48.118221],[-88.522363,48.118342],[-88.522511,48.118337],[-88.522707,48.118309],[-88.523002,48.118156],[-88.523076,48.118046],[-88.523035,48.117959],[-88.52306,48.117876],[-88.522994,48.117723],[-88.522913,48.117629],[-88.522741,48.117629],[-88.522577,48.117596],[-88.522299,48.117415],[-88.522446,48.11735],[-88.522585,48.117377],[-88.522667,48.11735],[-88.522667,48.117295],[-88.522725,48.117169],[-88.52288,48.117158],[-88.522921,48.117098],[-88.522938,48.117043],[-88.523153,48.116924],[-88.523167,48.116928],[-88.523314,48.116884],[-88.523314,48.116834],[-88.524715,48.116259],[-88.524797,48.116303],[-88.524928,48.116309],[-88.52501,48.116265],[-88.525002,48.116221],[-88.525109,48.116024],[-88.525091,48.117987]],[[-88.511622,48.123909],[-88.511663,48.123937],[-88.511785,48.123942],[-88.511982,48.123909],[-88.512039,48.123827],[-88.512023,48.123739],[-88.511933,48.123696],[-88.511794,48.123701],[-88.511687,48.123739],[-88.511614,48.123794],[-88.511622,48.123909]],[[-88.505447,48.127019],[-88.505496,48.127041],[-88.505644,48.127041],[-88.505759,48.126975],[-88.505742,48.126942],[-88.50566,48.126926],[-88.505546,48.126937],[-88.505447,48.126981],[-88.505447,48.127019]],[[-88.491365,48.134043],[-88.491201,48.134186],[-88.491251,48.134235],[-88.491398,48.134191],[-88.491472,48.134137],[-88.491537,48.134054],[-88.491455,48.134021],[-88.491365,48.134043]],[[-88.48967,48.134779],[-88.489686,48.134856],[-88.489736,48.134872],[-88.489916,48.134839],[-88.490481,48.134631],[-88.490546,48.134521],[-88.490522,48.134482],[-88.490325,48.134488],[-88.490055,48.134559],[-88.489719,48.13473],[-88.48967,48.134779]]]},"properties":{"name":"Lorelei Lane","zone_type":"Quiet/No-Wake","speed_limit_mph":5,"nps_source_file":"Lorelei Lane.geojson"}},{"type":"Feature","geometry":{"type":"Polygon","coordinates":[[[-88.768697,47.982941],[-88.768729,47.983078],[-88.769015,47.983352],[-88.769072,47.983467],[-88.769015,47.983615],[-88.76921,47.984043],[-88.76939,47.984158],[-88.770982,47.984537],[-88.771186,47.98485],[-88.771301,47.984866],[-88.771399,47.984855],[-88.771481,47.984795],[-88.771644,47.984647],[-88.771767,47.984642],[-88.772297,47.984839],[-88.772632,47.984878],[-88.773286,47.984812],[-88.773588,47.984642],[-88.774168,47.984176],[-88.774757,47.983601],[-88.775116,47.983475],[-88.775108,47.98331],[-88.774814,47.983074],[-88.77479,47.982981],[-88.774888,47.982767],[-88.77479,47.982614],[-88.774472,47.982499],[-88.774112,47.982477],[-88.773287,47.982531],[-88.772479,47.982668],[-88.772152,47.982684],[-88.771597,47.982629],[-88.770225,47.982382],[-88.772121,47.980913],[-88.772161,47.980957],[-88.772259,47.980979],[-88.772937,47.980974],[-88.773092,47.981051],[-88.773231,47.981199],[-88.774325,47.981725],[-88.774521,47.981764],[-88.774684,47.98178],[-88.775354,47.98172],[-88.775975,47.98177],[-88.776498,47.981742],[-88.776726,47.981671],[-88.776857,47.981556],[-88.777029,47.981337],[-88.777225,47.981249],[-88.77738,47.981244],[-88.777699,47.981343],[-88.777837,47.981315],[-88.778107,47.981282],[-88.77863,47.981491],[-88.778956,47.981546],[-88.779266,47.981573],[-88.779495,47.981513],[-88.779683,47.981442],[-88.780247,47.981393],[-88.781284,47.981174],[-88.781415,47.981135],[-88.782011,47.980911],[-88.782419,47.980806],[-88.782673,47.980763],[-88.783555,47.98062],[-88.783833,47.980511],[-88.784225,47.980209],[-88.784715,47.9801],[-88.78487,47.980006],[-88.78487,47.979908],[-88.789125,47.980243],[-88.789182,47.980358],[-88.789207,47.980495],[-88.789157,47.98066],[-88.789198,47.980748],[-88.789288,47.980808],[-88.789802,47.980907],[-88.790521,47.980989],[-88.791052,47.980989],[-88.791493,47.980924],[-88.791656,47.980918],[-88.791869,47.980962],[-88.792359,47.981181],[-88.793518,47.981604],[-88.793739,47.981587],[-88.795193,47.98088],[-88.795364,47.980699],[-88.800403,47.983529],[-88.800092,47.983628],[-88.799921,47.98382],[-88.799913,47.983984],[-88.799921,47.984242],[-88.79988,47.984363],[-88.799741,47.98445],[-88.799169,47.984582],[-88.797936,47.984763],[-88.797446,47.984763],[-88.797274,47.984697],[-88.796907,47.984527],[-88.796645,47.984494],[-88.79609,47.984483],[-88.795804,47.9844],[-88.794988,47.983995],[-88.794506,47.983841],[-88.793599,47.983742],[-88.793191,47.98377],[-88.792864,47.983863],[-88.792513,47.984236],[-88.792243,47.984307],[-88.791916,47.984318],[-88.791557,47.98429],[-88.791157,47.984175],[-88.790381,47.984197],[-88.79016,47.984175],[-88.790087,47.984104],[-88.790095,47.983824],[-88.790063,47.983742],[-88.789981,47.983692],[-88.78914,47.984131],[-88.78887,47.984207],[-88.78847,47.984213],[-88.78762,47.984109],[-88.78731,47.984037],[-88.787106,47.984037],[-88.78664,47.984141],[-88.786501,47.984136],[-88.786281,47.984026],[-88.786109,47.98402],[-88.785921,47.984103],[-88.785611,47.98441],[-88.785399,47.984475],[-88.785219,47.984519],[-88.784859,47.984486],[-88.784582,47.984536],[-88.784075,47.984771],[-88.783748,47.98487],[-88.783561,47.984892],[-88.783283,47.984848],[-88.783079,47.984744],[-88.783054,47.984601],[-88.783079,47.984382],[-88.782981,47.98431],[-88.782573,47.984349],[-88.782385,47.984338],[-88.781772,47.984036],[-88.781478,47.983959],[-88.781217,47.983937],[-88.780931,47.983948],[-88.780098,47.984129],[-88.778644,47.984381],[-88.777394,47.984495],[-88.776136,47.984731],[-88.775826,47.984862],[-88.775703,47.985005],[-88.775515,47.98535],[-88.775066,47.985558],[-88.774886,47.985728],[-88.774436,47.985832],[-88.773914,47.986046],[-88.773701,47.986068],[-88.773448,47.986062],[-88.77295,47.985794],[-88.772607,47.985656],[-88.772117,47.985234],[-88.771823,47.985152],[-88.771137,47.985118],[-88.76974,47.985359],[-88.768717,47.985579],[-88.768697,47.982941]],[[-88.77809,47.982374],[-88.77818,47.982423],[-88.77849,47.982461],[-88.778662,47.982439],[-88.778727,47.982352],[-88.77867,47.982297],[-88.778343,47.982209],[-88.778065,47.982236],[-88.77809,47.982374]],[[-88.780776,47.983076],[-88.781226,47.983049],[-88.781356,47.982999],[-88.781405,47.982945],[-88.781381,47.982857],[-88.781259,47.982786],[-88.781071,47.98278],[-88.780777,47.982835],[-88.780589,47.982901],[-88.780531,47.982972],[-88.780613,47.983054],[-88.780776,47.983076]],[[-88.788078,47.983259],[-88.788536,47.983253],[-88.788642,47.983215],[-88.788666,47.98316],[-88.788642,47.983111],[-88.788536,47.983056],[-88.788258,47.983028],[-88.787972,47.983045],[-88.787833,47.983083],[-88.787784,47.983144],[-88.787825,47.983204],[-88.788078,47.983259]],[[-88.775468,47.983272],[-88.775851,47.983206],[-88.775917,47.983146],[-88.7759,47.983091],[-88.775811,47.983036],[-88.775533,47.98302],[-88.775304,47.983047],[-88.775165,47.983135],[-88.775157,47.983212],[-88.775263,47.983256],[-88.775468,47.983272]],[[-88.769438,47.984931],[-88.769438,47.984964],[-88.769528,47.984997],[-88.769651,47.984992],[-88.7697,47.984937],[-88.7697,47.984882],[-88.769626,47.984866],[-88.769496,47.984888],[-88.769438,47.984931]],[[-88.770092,47.985096],[-88.770312,47.98508],[-88.770492,47.985036],[-88.770557,47.984976],[-88.770492,47.984855],[-88.770263,47.984844],[-88.769839,47.984899],[-88.769814,47.984953],[-88.769847,47.985036],[-88.770092,47.985096]]]},"properties":{"name":"Malone Bay","zone_type":"Quiet/No-Wake","speed_limit_mph":5,"nps_source_file":"Malone Bay.geojson"}},{"type":"Feature","geometry":{"type":"Polygon","coordinates":[[[-88.684798,48.111829],[-88.684634,48.111665],[-88.684438,48.111528],[-88.684356,48.111489],[-88.6842,48.111473],[-88.683987,48.1115],[-88.683701,48.111582],[-88.683324,48.111725],[-88.682947,48.111846],[-88.682571,48.1119],[-88.682202,48.111933],[-88.681588,48.111933],[-88.680835,48.111988],[-88.680434,48.112026],[-88.679418,48.11224],[-88.679271,48.112235],[-88.678968,48.112202],[-88.678796,48.112202],[-88.678452,48.112257],[-88.67828,48.112257],[-88.678108,48.112229],[-88.677862,48.112169],[-88.677674,48.112086],[-88.677371,48.111933],[-88.677175,48.111856],[-88.677011,48.111823],[-88.676683,48.11179],[-88.676471,48.111752],[-88.67629,48.111659],[-88.675824,48.11133],[-88.675398,48.111077],[-88.675234,48.111044],[-88.674743,48.11105],[-88.674039,48.111017],[-88.67363,48.111033],[-88.673269,48.111028],[-88.672622,48.110935],[-88.672213,48.110945],[-88.67146,48.111028],[-88.67105,48.111044],[-88.670559,48.111027],[-88.670354,48.110989],[-88.670125,48.110896],[-88.670125,48.110737],[-88.67024,48.110567],[-88.670256,48.110402],[-88.670445,48.110271],[-88.670698,48.110194],[-88.670952,48.110128],[-88.671542,48.110085],[-88.673098,48.109898],[-88.673613,48.109854],[-88.674391,48.109739],[-88.67467,48.109674],[-88.67548,48.109421],[-88.676103,48.109262],[-88.676635,48.10906],[-88.67711,48.108923],[-88.678223,48.108654],[-88.678502,48.108616],[-88.678739,48.108577],[-88.678919,48.108577],[-88.67923,48.108692],[-88.679599,48.108709],[-88.679681,48.10872],[-88.679918,48.108852],[-88.68018,48.108961],[-88.680229,48.109022],[-88.680229,48.109104],[-88.680131,48.109175],[-88.679754,48.109339],[-88.67964,48.109416],[-88.67955,48.109515],[-88.679378,48.10963],[-88.679156,48.109718],[-88.678976,48.109789],[-88.678706,48.109965],[-88.678657,48.110047],[-88.678616,48.110173],[-88.678632,48.110288],[-88.678714,48.110409],[-88.678821,48.110507],[-88.679025,48.110568],[-88.679181,48.110595],[-88.679525,48.110617],[-88.680327,48.110513],[-88.680786,48.110436],[-88.680974,48.110381],[-88.681949,48.110047],[-88.68203,48.110052],[-88.682137,48.110107],[-88.682169,48.110173],[-88.682194,48.110277],[-88.682399,48.110321],[-88.682562,48.11031],[-88.682775,48.110255],[-88.683087,48.110091],[-88.683471,48.109987],[-88.684159,48.109855],[-88.684339,48.109795],[-88.684978,48.10951],[-88.685387,48.109351],[-88.685674,48.109214],[-88.685772,48.109131],[-88.685797,48.109049],[-88.685772,48.108967],[-88.68569,48.108939],[-88.685486,48.108934],[-88.685436,48.108901],[-88.685535,48.10872],[-88.685608,48.108671],[-88.685805,48.108572],[-88.685969,48.108446],[-88.686108,48.108243],[-88.686165,48.108046],[-88.686141,48.107909],[-88.686059,48.10787],[-88.685903,48.107766],[-88.685903,48.107717],[-88.685944,48.107656],[-88.686001,48.107623],[-88.686231,48.107547],[-88.686362,48.107552],[-88.686747,48.107618],[-88.686959,48.107629],[-88.687246,48.107596],[-88.687573,48.107519],[-88.687794,48.107426],[-88.688196,48.107207],[-88.688687,48.106828],[-88.688908,48.106686],[-88.689088,48.106587],[-88.689235,48.106455],[-88.689334,48.106307],[-88.689342,48.106198],[-88.689334,48.106126],[-88.689268,48.106055],[-88.68908,48.105978],[-88.6889,48.105995],[-88.688613,48.106055],[-88.688458,48.106137],[-88.688318,48.106143],[-88.688163,48.10611],[-88.688048,48.105967],[-88.688032,48.10588],[-88.68795,48.105693],[-88.68795,48.105666],[-88.687991,48.105523],[-88.688114,48.105353],[-88.688474,48.105074],[-88.688761,48.104871],[-88.689702,48.104301],[-88.690341,48.103791],[-88.690537,48.103615],[-88.690848,48.103407],[-88.691429,48.102952],[-88.691912,48.102595],[-88.692379,48.102222],[-88.692837,48.101805],[-88.69296,48.101553],[-88.693206,48.101208],[-88.693312,48.100912],[-88.693312,48.100764],[-88.693263,48.100605],[-88.693165,48.100473],[-88.692993,48.100303],[-88.69296,48.100204],[-88.692984,48.099947],[-88.693091,48.099799],[-88.693934,48.099179],[-88.694122,48.09891],[-88.694294,48.09857],[-88.6944,48.098455],[-88.694875,48.098148],[-88.696316,48.097249],[-88.697363,48.096618],[-88.698075,48.096174],[-88.698542,48.095867],[-88.698779,48.095642],[-88.699172,48.095351],[-88.699589,48.095088],[-88.700081,48.094666],[-88.700432,48.094287],[-88.700972,48.093481],[-88.701259,48.093196],[-88.701619,48.092938],[-88.701758,48.092796],[-88.701971,48.092483],[-88.702322,48.092209],[-88.702691,48.091885],[-88.702912,48.0916],[-88.70301,48.091326],[-88.703034,48.091096],[-88.703198,48.090789],[-88.703533,48.09035],[-88.703844,48.089906],[-88.703991,48.089549],[-88.704024,48.089385],[-88.703983,48.089335],[-88.703836,48.089313],[-88.703656,48.089313],[-88.703582,48.08927],[-88.703558,48.089209],[-88.703762,48.088902],[-88.703901,48.088776],[-88.704474,48.088107],[-88.704687,48.087827],[-88.705022,48.087586],[-88.705292,48.087416],[-88.705701,48.08712],[-88.705906,48.086911],[-88.705897,48.086829],[-88.70584,48.086692],[-88.705865,48.086582],[-88.705938,48.086456],[-88.705971,48.086429],[-88.706085,48.08639],[-88.706249,48.086401],[-88.706503,48.086451],[-88.706716,48.086451],[-88.70683,48.086407],[-88.706871,48.086303],[-88.706806,48.086248],[-88.706601,48.085968],[-88.706609,48.085837],[-88.706658,48.085732],[-88.706732,48.085645],[-88.706814,48.085557],[-88.707182,48.085354],[-88.70755,48.085228],[-88.708393,48.084663],[-88.708589,48.08457],[-88.708671,48.084559],[-88.708802,48.084608],[-88.709015,48.084712],[-88.709326,48.084778],[-88.70944,48.084778],[-88.709571,48.084761],[-88.709637,48.084706],[-88.709645,48.084564],[-88.709726,48.08435],[-88.709808,48.084284],[-88.710144,48.084087],[-88.710332,48.0839],[-88.710389,48.083856],[-88.710512,48.083791],[-88.711019,48.083681],[-88.711142,48.083566],[-88.711224,48.083308],[-88.711273,48.08322],[-88.711363,48.083121],[-88.711575,48.083012],[-88.711698,48.083012],[-88.711804,48.083039],[-88.712034,48.083132],[-88.712107,48.083132],[-88.712156,48.083121],[-88.712189,48.083077],[-88.712189,48.082776],[-88.71223,48.082688],[-88.712312,48.082628],[-88.712418,48.082584],[-88.712524,48.082617],[-88.712541,48.082748],[-88.712484,48.082957],[-88.712361,48.083132],[-88.71223,48.083231],[-88.712075,48.083247],[-88.711674,48.083198],[-88.711559,48.08322],[-88.711469,48.083313],[-88.711428,48.083407],[-88.711387,48.083631],[-88.711257,48.083807],[-88.711158,48.083878],[-88.711077,48.0839],[-88.710839,48.083933],[-88.710676,48.083971],[-88.710471,48.084109],[-88.710373,48.084268],[-88.710307,48.08435],[-88.709964,48.084504],[-88.709898,48.084608],[-88.709923,48.084761],[-88.709923,48.084887],[-88.70985,48.084997],[-88.709719,48.08503],[-88.709588,48.08503],[-88.70881,48.084882],[-88.708646,48.084877],[-88.708483,48.084882],[-88.708262,48.084959],[-88.707796,48.085365],[-88.707395,48.08559],[-88.707362,48.085617],[-88.707362,48.085688],[-88.707395,48.085721],[-88.707706,48.085743],[-88.707853,48.085743],[-88.708,48.085831],[-88.708082,48.085847],[-88.708172,48.085831],[-88.708278,48.085672],[-88.708319,48.085639],[-88.708401,48.085639],[-88.708467,48.085688],[-88.708434,48.085776],[-88.70827,48.085957],[-88.708246,48.086088],[-88.708295,48.086193],[-88.708614,48.086357],[-88.708754,48.08656],[-88.70877,48.086576],[-88.708762,48.086653],[-88.70868,48.086746],[-88.70832,48.086999],[-88.707919,48.0873],[-88.707895,48.087333],[-88.707895,48.087394],[-88.707935,48.087448],[-88.708075,48.08752],[-88.708116,48.087596],[-88.708075,48.087717],[-88.707854,48.087942],[-88.707445,48.088309],[-88.707191,48.088627],[-88.706888,48.088885],[-88.706659,48.089116],[-88.706512,48.089302],[-88.70634,48.089609],[-88.706201,48.089916],[-88.705841,48.090497],[-88.705719,48.090859],[-88.705637,48.091353],[-88.705514,48.091501],[-88.705285,48.091742],[-88.705253,48.091847],[-88.705277,48.091929],[-88.705326,48.092016],[-88.705318,48.092077],[-88.705171,48.092208],[-88.705146,48.09228],[-88.705187,48.092389],[-88.705261,48.092477],[-88.705507,48.092603],[-88.705957,48.092751],[-88.70599,48.092773],[-88.70612,48.092844],[-88.706227,48.092992],[-88.70635,48.093272],[-88.70635,48.093453],[-88.706301,48.093574],[-88.70608,48.093771],[-88.705908,48.093914],[-88.705875,48.094084],[-88.705818,48.094149],[-88.705663,48.094275],[-88.705442,48.094281],[-88.705294,48.094215],[-88.705147,48.094171],[-88.704967,48.094177],[-88.70459,48.094265],[-88.703666,48.094621],[-88.703559,48.094698],[-88.703437,48.094923],[-88.703314,48.095016],[-88.703158,48.095055],[-88.70234,48.095318],[-88.701931,48.095565],[-88.701317,48.096086],[-88.701161,48.096283],[-88.7009,48.096683],[-88.700695,48.096897],[-88.700409,48.097133],[-88.699034,48.098153],[-88.69842,48.098575],[-88.69765,48.099184],[-88.697462,48.099365],[-88.697257,48.099623],[-88.696905,48.099886],[-88.696554,48.100259],[-88.696251,48.100676],[-88.696234,48.100774],[-88.696292,48.100988],[-88.696292,48.101054],[-88.696128,48.101279],[-88.696112,48.101443],[-88.696128,48.101569],[-88.696251,48.101685],[-88.696267,48.101728],[-88.696259,48.101822],[-88.695964,48.102074],[-88.695842,48.102233],[-88.69585,48.102414],[-88.696112,48.102639],[-88.696186,48.102765],[-88.696145,48.102853],[-88.695957,48.10299],[-88.694843,48.103417],[-88.693222,48.104185],[-88.69278,48.104448],[-88.692355,48.10475],[-88.692093,48.104958],[-88.691904,48.105211],[-88.691528,48.105556],[-88.691528,48.105638],[-88.691618,48.105688],[-88.691732,48.105655],[-88.691863,48.105649],[-88.691904,48.105677],[-88.691888,48.105764],[-88.691757,48.105934],[-88.691757,48.106017],[-88.691782,48.106176],[-88.691757,48.106258],[-88.691602,48.106362],[-88.691233,48.106532],[-88.690857,48.106795],[-88.690513,48.106943],[-88.690201,48.107113],[-88.690021,48.107283],[-88.689989,48.107366],[-88.690021,48.107415],[-88.690275,48.107486],[-88.690324,48.107536],[-88.690341,48.107612],[-88.690308,48.107689],[-88.69021,48.107793],[-88.689735,48.107996],[-88.689497,48.108144],[-88.689383,48.108248],[-88.689301,48.108347],[-88.689137,48.10849],[-88.688458,48.108956],[-88.688376,48.109087],[-88.688368,48.10917],[-88.688417,48.109285],[-88.688548,48.109427],[-88.688531,48.109575],[-88.688065,48.109926],[-88.687999,48.110014],[-88.687966,48.110135],[-88.687917,48.110244],[-88.687573,48.110486],[-88.687557,48.110546],[-88.687565,48.11065],[-88.6875,48.110765],[-88.686943,48.111133],[-88.68682,48.111248],[-88.68682,48.111336],[-88.684798,48.111829]],[[-88.676987,48.110211],[-88.677126,48.110167],[-88.677159,48.11014],[-88.67715,48.110101],[-88.677085,48.110085],[-88.676643,48.110074],[-88.676561,48.110096],[-88.676463,48.110162],[-88.676438,48.110189],[-88.676454,48.110222],[-88.676545,48.110271],[-88.676692,48.11026],[-88.676955,48.110216],[-88.676987,48.110211]],[[-88.685314,48.110727],[-88.685436,48.110612],[-88.685674,48.110513],[-88.685911,48.110392],[-88.6861,48.110206],[-88.686116,48.109883],[-88.68592,48.109784],[-88.685723,48.109784],[-88.685584,48.109817],[-88.685477,48.109861],[-88.685387,48.109965],[-88.685248,48.109992],[-88.685109,48.109998],[-88.684921,48.110047],[-88.684348,48.110261],[-88.683897,48.110458],[-88.68375,48.11054],[-88.683643,48.110732],[-88.683291,48.110902],[-88.68325,48.11093],[-88.683258,48.110963],[-88.683398,48.111039],[-88.683611,48.111078],[-88.683905,48.111089],[-88.684429,48.111039],[-88.684814,48.110979],[-88.685043,48.110886],[-88.685314,48.110727]],[[-88.676192,48.110781],[-88.676348,48.110776],[-88.676757,48.110628],[-88.676888,48.110524],[-88.676905,48.110436],[-88.676856,48.110381],[-88.6767,48.110348],[-88.676504,48.110381],[-88.676217,48.110452],[-88.676094,48.110518],[-88.676004,48.110611],[-88.675996,48.110683],[-88.676045,48.110754],[-88.676192,48.110781]]]},"properties":{"name":"McCargoe Cove","zone_type":"Quiet/No-Wake","speed_limit_mph":5,"nps_source_file":"McCargoe Cove.geojson"}},{"type":"Feature","geometry":{"type":"Polygon","coordinates":[[[-88.453644,48.171376],[-88.453669,48.171496],[-88.453759,48.171573],[-88.453972,48.171611],[-88.454472,48.171639],[-88.454636,48.17171],[-88.454669,48.171781],[-88.454677,48.171929],[-88.454571,48.172077],[-88.454292,48.172352],[-88.453956,48.172555],[-88.453226,48.172917],[-88.451456,48.173827],[-88.45103,48.173997],[-88.450636,48.174184],[-88.450079,48.174354],[-88.449398,48.174518],[-88.449218,48.174639],[-88.449021,48.174825],[-88.448816,48.17505],[-88.448677,48.175138],[-88.44848,48.175209],[-88.448324,48.175242],[-88.448111,48.175308],[-88.447488,48.175577],[-88.446939,48.175851],[-88.446636,48.175955],[-88.446103,48.175983],[-88.445955,48.176054],[-88.445562,48.176218],[-88.445365,48.176328],[-88.445012,48.176482],[-88.444586,48.17669],[-88.444127,48.176959],[-88.443832,48.177058],[-88.443422,48.177211],[-88.443192,48.177315],[-88.442906,48.177524],[-88.442594,48.177847],[-88.44243,48.178039],[-88.442176,48.178204],[-88.44143,48.178484],[-88.440823,48.178725],[-88.440315,48.178878],[-88.439733,48.179109],[-88.438987,48.179487],[-88.437716,48.180321],[-88.437412,48.180491],[-88.436896,48.180639],[-88.436617,48.180831],[-88.436346,48.181039],[-88.436223,48.181192],[-88.436059,48.181324],[-88.435149,48.181785],[-88.434387,48.182201],[-88.434026,48.182487],[-88.433583,48.182733],[-88.43314,48.182997],[-88.432714,48.183177],[-88.431968,48.183468],[-88.430918,48.183852],[-88.430229,48.184175],[-88.429598,48.184625],[-88.42922,48.184976],[-88.428581,48.185371],[-88.428245,48.185552],[-88.42799,48.185787],[-88.427843,48.185875],[-88.427506,48.186029],[-88.427377,48.186061],[-88.427377,48.186008],[-88.425057,48.18554],[-88.425096,48.185524],[-88.425342,48.185535],[-88.42535,48.185508],[-88.42526,48.185442],[-88.425137,48.185414],[-88.425022,48.185392],[-88.424883,48.185414],[-88.424817,48.185491],[-88.423768,48.183243],[-88.423858,48.183292],[-88.424063,48.183276],[-88.424285,48.183182],[-88.424547,48.183001],[-88.424785,48.182892],[-88.425219,48.182727],[-88.42558,48.182656],[-88.42581,48.182585],[-88.426162,48.182387],[-88.426449,48.182212],[-88.427007,48.181998],[-88.427548,48.181806],[-88.427794,48.181669],[-88.427868,48.181543],[-88.427917,48.181406],[-88.427827,48.181285],[-88.427606,48.181203],[-88.427893,48.181022],[-88.427958,48.181066],[-88.428106,48.181066],[-88.428229,48.181104],[-88.428352,48.181121],[-88.428557,48.181093],[-88.42868,48.180929],[-88.428967,48.180759],[-88.429508,48.180556],[-88.429959,48.180397],[-88.43032,48.180364],[-88.430886,48.180282],[-88.431378,48.180063],[-88.431681,48.179942],[-88.431812,48.179871],[-88.431952,48.179613],[-88.432649,48.179158],[-88.433321,48.178763],[-88.433846,48.178484],[-88.434403,48.178292],[-88.43501,48.178061],[-88.435272,48.177946],[-88.435527,48.177782],[-88.435691,48.177645],[-88.436355,48.177047],[-88.436478,48.176976],[-88.436863,48.176844],[-88.437298,48.176652],[-88.437658,48.176449],[-88.438027,48.176208],[-88.438314,48.175956],[-88.438511,48.175747],[-88.43856,48.175588],[-88.438536,48.175495],[-88.438913,48.175349],[-88.438929,48.175352],[-88.439011,48.175331],[-88.439126,48.175303],[-88.439216,48.175243],[-88.439216,48.175232],[-88.445324,48.172874],[-88.445299,48.173005],[-88.445373,48.173082],[-88.445422,48.173186],[-88.445242,48.173279],[-88.445029,48.173329],[-88.44484,48.173356],[-88.444619,48.173373],[-88.443987,48.173702],[-88.443209,48.174058],[-88.44311,48.174086],[-88.442774,48.174124],[-88.442266,48.174426],[-88.44184,48.174612],[-88.441569,48.1747],[-88.441323,48.174755],[-88.44111,48.174958],[-88.440602,48.175237],[-88.440183,48.175446],[-88.439905,48.175544],[-88.439659,48.175676],[-88.439413,48.175873],[-88.438281,48.176405],[-88.437511,48.176795],[-88.437347,48.176981],[-88.437134,48.177124],[-88.436133,48.177639],[-88.435756,48.177848],[-88.43524,48.178067],[-88.435059,48.178204],[-88.434953,48.178374],[-88.434657,48.178549],[-88.43387,48.178895],[-88.433469,48.179054],[-88.433272,48.179262],[-88.433083,48.179333],[-88.43264,48.179454],[-88.432517,48.179514],[-88.432542,48.179586],[-88.432632,48.179635],[-88.432804,48.179641],[-88.433141,48.179569],[-88.434625,48.179136],[-88.435018,48.178955],[-88.4351,48.178802],[-88.435363,48.178621],[-88.435773,48.178516],[-88.436322,48.178396],[-88.437035,48.178204],[-88.437314,48.178105],[-88.437675,48.177864],[-88.438134,48.177491],[-88.438995,48.176882],[-88.439618,48.176389],[-88.439757,48.176378],[-88.439872,48.176427],[-88.439946,48.1764],[-88.439978,48.17635],[-88.440019,48.176224],[-88.440126,48.176021],[-88.440495,48.175671],[-88.440823,48.175429],[-88.440987,48.175391],[-88.442053,48.175413],[-88.442397,48.175374],[-88.442897,48.175182],[-88.442979,48.175182],[-88.443077,48.175517],[-88.442987,48.175594],[-88.442766,48.175731],[-88.442364,48.17589],[-88.442151,48.175934],[-88.442003,48.17589],[-88.441749,48.175709],[-88.441544,48.17561],[-88.441356,48.175588],[-88.441167,48.175709],[-88.441266,48.175824],[-88.441446,48.175901],[-88.441528,48.176032],[-88.441438,48.176158],[-88.441241,48.176345],[-88.440495,48.176767],[-88.440151,48.177036],[-88.439388,48.177442],[-88.438626,48.177913],[-88.438322,48.177968],[-88.438109,48.178045],[-88.437765,48.178264],[-88.437503,48.178478],[-88.437347,48.178522],[-88.436986,48.178654],[-88.436797,48.178774],[-88.436683,48.178922],[-88.436642,48.179087],[-88.436748,48.179158],[-88.43697,48.179218],[-88.437519,48.179185],[-88.438224,48.178988],[-88.4387,48.178818],[-88.43911,48.178593],[-88.439503,48.178286],[-88.439905,48.178067],[-88.440569,48.177765],[-88.441061,48.177573],[-88.44179,48.177091],[-88.442315,48.176849],[-88.442815,48.176685],[-88.443791,48.176603],[-88.444258,48.176438],[-88.44457,48.176142],[-88.444807,48.176082],[-88.445094,48.175939],[-88.445365,48.175621],[-88.445914,48.175292],[-88.446324,48.174902],[-88.447095,48.174266],[-88.447209,48.17408],[-88.447176,48.173959],[-88.447062,48.173877],[-88.446922,48.173882],[-88.446783,48.173976],[-88.446685,48.174118],[-88.446619,48.174146],[-88.446373,48.174085],[-88.446283,48.173976],[-88.446299,48.173619],[-88.44607,48.173362],[-88.445815,48.173246],[-88.445668,48.173087],[-88.445635,48.172901],[-88.445504,48.172835],[-88.453644,48.171376]],[[-88.447775,48.173701],[-88.447849,48.173669],[-88.447881,48.173614],[-88.447873,48.173553],[-88.447828,48.17354],[-88.447799,48.173531],[-88.44766,48.17357],[-88.447603,48.173647],[-88.447619,48.17368],[-88.447685,48.173707],[-88.447775,48.173701]],[[-88.440372,48.176197],[-88.440462,48.176252],[-88.440626,48.176252],[-88.4407,48.176235],[-88.440725,48.176175],[-88.440634,48.176109],[-88.44052,48.176087],[-88.440397,48.176098],[-88.440347,48.176148],[-88.440372,48.176197]],[[-88.435871,48.17952],[-88.435936,48.179542],[-88.436027,48.179536],[-88.436158,48.179465],[-88.436182,48.179405],[-88.43615,48.179355],[-88.43601,48.179339],[-88.435887,48.179383],[-88.435846,48.179465],[-88.435871,48.17952]],[[-88.435018,48.17986],[-88.435084,48.179882],[-88.435248,48.179854],[-88.435338,48.179767],[-88.435338,48.179684],[-88.43524,48.179613],[-88.4351,48.179641],[-88.434994,48.179723],[-88.434993,48.179805],[-88.435018,48.17986]],[[-88.428057,48.181444],[-88.428139,48.181477],[-88.428229,48.181455],[-88.428311,48.181401],[-88.428319,48.181307],[-88.42827,48.181253],[-88.428131,48.181214],[-88.428032,48.181253],[-88.427983,48.181329],[-88.428008,48.181412],[-88.428057,48.181444]],[[-88.433091,48.181532],[-88.434485,48.18071],[-88.434789,48.180447],[-88.434936,48.180288],[-88.434961,48.180172],[-88.434961,48.180107],[-88.434895,48.180074],[-88.434379,48.180277],[-88.433764,48.180403],[-88.433485,48.18054],[-88.433214,48.180858],[-88.432394,48.181308],[-88.432091,48.181456],[-88.431976,48.18162],[-88.431935,48.181713],[-88.431894,48.181757],[-88.431763,48.181834],[-88.431484,48.181922],[-88.431148,48.18196],[-88.430959,48.182026],[-88.430738,48.182218],[-88.430648,48.182404],[-88.430574,48.182465],[-88.430205,48.182569],[-88.429959,48.182656],[-88.429885,48.182788],[-88.429967,48.182898],[-88.43032,48.183062],[-88.430475,48.183051],[-88.430721,48.182996],[-88.432181,48.182015],[-88.433091,48.181532]],[[-88.428655,48.181872],[-88.428729,48.181889],[-88.428819,48.181861],[-88.428918,48.18179],[-88.428934,48.181686],[-88.428934,48.181636],[-88.428844,48.181609],[-88.428786,48.181642],[-88.428672,48.181784],[-88.428655,48.181872]],[[-88.426966,48.183111],[-88.42736,48.182832],[-88.427827,48.182547],[-88.428417,48.182081],[-88.428475,48.181954],[-88.428426,48.181878],[-88.428311,48.181856],[-88.428081,48.181971],[-88.427269,48.18247],[-88.426736,48.182859],[-88.426203,48.182925],[-88.425867,48.183128],[-88.425416,48.183473],[-88.4254,48.183572],[-88.425506,48.183654],[-88.425867,48.18361],[-88.426425,48.183424],[-88.426638,48.183254],[-88.426966,48.183111]],[[-88.427589,48.184071],[-88.42731,48.184499],[-88.42722,48.184537],[-88.427048,48.184532],[-88.426834,48.184471],[-88.426638,48.184433],[-88.426556,48.18451],[-88.426703,48.184636],[-88.426646,48.184784],[-88.426703,48.184861],[-88.426957,48.184877],[-88.427523,48.184943],[-88.427786,48.18491],[-88.428015,48.1848],[-88.428294,48.184543],[-88.428589,48.184098],[-88.428893,48.183764],[-88.429377,48.183441],[-88.429418,48.183331],[-88.429336,48.183254],[-88.429204,48.183249],[-88.428524,48.183402],[-88.428089,48.183638],[-88.427589,48.184071]],[[-88.426269,48.184674],[-88.426383,48.184734],[-88.426482,48.184734],[-88.426539,48.184702],[-88.426498,48.184641],[-88.4264,48.184559],[-88.426277,48.184581],[-88.426252,48.184614],[-88.426269,48.184674]],[[-88.426039,48.184822],[-88.42608,48.184877],[-88.426203,48.184888],[-88.426244,48.184882],[-88.426269,48.184839],[-88.426186,48.184762],[-88.426113,48.184751],[-88.426063,48.184784],[-88.426039,48.184822]],[[-88.425752,48.184926],[-88.425662,48.184987],[-88.425686,48.18503],[-88.425801,48.185041],[-88.425932,48.184981],[-88.425973,48.184932],[-88.425949,48.184882],[-88.425883,48.184888],[-88.425752,48.184926]],[[-88.42599,48.185129],[-88.426186,48.185184],[-88.426252,48.185168],[-88.426268,48.185107],[-88.426203,48.185047],[-88.426104,48.185031],[-88.42599,48.185069],[-88.42599,48.185129]],[[-88.425571,48.185096],[-88.425424,48.185135],[-88.425178,48.18525],[-88.425235,48.185305],[-88.425293,48.185321],[-88.425391,48.185294],[-88.425514,48.185244],[-88.425694,48.185327],[-88.425768,48.185349],[-88.425867,48.185349],[-88.42594,48.18531],[-88.425883,48.185239],[-88.425694,48.185118],[-88.425571,48.185096]]]},"properties":{"name":"Merritt Lane","zone_type":"Quiet/No-Wake","speed_limit_mph":5,"nps_source_file":"Merritt Lane.geojson"}},{"type":"Feature","geometry":{"type":"Polygon","coordinates":[[[-88.616815,48.076267],[-88.617027,48.07579],[-88.617002,48.075187],[-88.6171,48.074803],[-88.617418,48.07432],[-88.617868,48.074007],[-88.618923,48.073639],[-88.619929,48.073129],[-88.620591,48.072712],[-88.620837,48.072492],[-88.620943,48.072322],[-88.621032,48.071889],[-88.621139,48.071708],[-88.621277,48.071571],[-88.622259,48.070951],[-88.622463,48.070759],[-88.622553,48.070589],[-88.622536,48.070413],[-88.62211,48.069871],[-88.622028,48.069585],[-88.622158,48.068971],[-88.622411,48.068335],[-88.622705,48.067924],[-88.623637,48.067062],[-88.623767,48.066865],[-88.623865,48.066673],[-88.623857,48.066492],[-88.623537,48.066125],[-88.62348,48.065922],[-88.62348,48.065626],[-88.623569,48.065297],[-88.6237,48.065099],[-88.623986,48.064869],[-88.624247,48.064605],[-88.624427,48.064189],[-88.624631,48.063876],[-88.625075,48.063532],[-88.625223,48.063395],[-88.625509,48.063066],[-88.626083,48.0626],[-88.626386,48.062387],[-88.626762,48.06225],[-88.627433,48.062091],[-88.62794,48.06202],[-88.628276,48.061932],[-88.628521,48.061845],[-88.628734,48.061708],[-88.629053,48.061434],[-88.629348,48.061264],[-88.629594,48.061165],[-88.629946,48.061045],[-88.63024,48.061034],[-88.630387,48.061045],[-88.630518,48.061078],[-88.63087,48.061232],[-88.631246,48.061495],[-88.631376,48.061512],[-88.631548,48.061512],[-88.631777,48.061474],[-88.632268,48.061249],[-88.632743,48.061107],[-88.63316,48.06103],[-88.633741,48.060959],[-88.633905,48.060915],[-88.634101,48.060839],[-88.634437,48.060576],[-88.634633,48.060576],[-88.635459,48.060708],[-88.636203,48.060878],[-88.636792,48.061037],[-88.637029,48.061185],[-88.637136,48.061301],[-88.63716,48.061399],[-88.637135,48.061575],[-88.637135,48.061679],[-88.637299,48.06175],[-88.637438,48.061767],[-88.637667,48.061756],[-88.637904,48.061712],[-88.638289,48.06157],[-88.638763,48.061301],[-88.639173,48.061109],[-88.639598,48.060967],[-88.640154,48.060808],[-88.640891,48.060655],[-88.642879,48.060294],[-88.643525,48.060234],[-88.643918,48.06024],[-88.644081,48.060278],[-88.644277,48.060443],[-88.644302,48.060569],[-88.644261,48.060651],[-88.644146,48.060788],[-88.643909,48.060947],[-88.643492,48.061106],[-88.643344,48.061243],[-88.64332,48.061309],[-88.64332,48.061374],[-88.643499,48.061468],[-88.643761,48.061484],[-88.64399,48.061424],[-88.644555,48.061238],[-88.644825,48.061232],[-88.64507,48.061271],[-88.645365,48.061298],[-88.645765,48.061375],[-88.645953,48.061507],[-88.646011,48.061633],[-88.646019,48.061765],[-88.645961,48.061836],[-88.645732,48.062011],[-88.64547,48.062093],[-88.645299,48.062181],[-88.645118,48.06257],[-88.644881,48.062839],[-88.644619,48.063003],[-88.644431,48.063091],[-88.644218,48.063239],[-88.643972,48.063502],[-88.643866,48.06359],[-88.643367,48.063804],[-88.643219,48.063913],[-88.643154,48.064078],[-88.643162,48.064138],[-88.643227,48.06422],[-88.643399,48.064286],[-88.643644,48.064292],[-88.643816,48.064286],[-88.643988,48.064352],[-88.644225,48.064363],[-88.644421,48.064336],[-88.644732,48.064182],[-88.644863,48.06415],[-88.644945,48.064144],[-88.645051,48.06421],[-88.645051,48.064287],[-88.644945,48.064424],[-88.644666,48.064632],[-88.644585,48.06472],[-88.644576,48.064939],[-88.644748,48.064983],[-88.644928,48.064972],[-88.645133,48.064862],[-88.645321,48.064791],[-88.645607,48.064758],[-88.645722,48.064786],[-88.645738,48.064885],[-88.645722,48.064928],[-88.64564,48.064994],[-88.645623,48.065066],[-88.645591,48.065104],[-88.645501,48.065142],[-88.645288,48.065131],[-88.645181,48.065137],[-88.645091,48.065197],[-88.644969,48.065389],[-88.644903,48.065433],[-88.644698,48.065498],[-88.644658,48.065548],[-88.644567,48.065729],[-88.644306,48.065915],[-88.644281,48.065986],[-88.644281,48.066134],[-88.644232,48.066156],[-88.643921,48.066189],[-88.643757,48.066249],[-88.64352,48.066375],[-88.643381,48.066408],[-88.642538,48.06672],[-88.642153,48.066956],[-88.642071,48.067055],[-88.642063,48.067159],[-88.642128,48.067269],[-88.642218,48.067312],[-88.642382,48.067351],[-88.642537,48.067477],[-88.642545,48.06762],[-88.64248,48.067724],[-88.642169,48.067965],[-88.642021,48.068058],[-88.641874,48.068107],[-88.641457,48.068222],[-88.64126,48.06831],[-88.641031,48.06848],[-88.640908,48.068628],[-88.640859,48.068716],[-88.640834,48.068973],[-88.640768,48.069083],[-88.640621,48.069182],[-88.640302,48.069351],[-88.639443,48.069565],[-88.639091,48.069718],[-88.638207,48.070063],[-88.637454,48.070436],[-88.636889,48.070644],[-88.63648,48.070847],[-88.636308,48.071022],[-88.636185,48.071318],[-88.636045,48.071927],[-88.63584,48.072217],[-88.635603,48.072409],[-88.635292,48.072595],[-88.634751,48.072793],[-88.634187,48.073017],[-88.634006,48.073121],[-88.633875,48.073269],[-88.633826,48.073461],[-88.633744,48.073609],[-88.633556,48.073779],[-88.633236,48.073954],[-88.632631,48.074173],[-88.631853,48.074425],[-88.631436,48.074529],[-88.630765,48.074633],[-88.629717,48.074759],[-88.629087,48.074868],[-88.628645,48.075005],[-88.628219,48.075224],[-88.627974,48.075443],[-88.627826,48.075695],[-88.627548,48.075882],[-88.627278,48.075997],[-88.626868,48.076134],[-88.626549,48.076188],[-88.626107,48.076226],[-88.625943,48.076281],[-88.625829,48.076298],[-88.625453,48.076259],[-88.625313,48.076292],[-88.625076,48.07644],[-88.624254,48.076861],[-88.623771,48.076987],[-88.622429,48.07741],[-88.621563,48.077712],[-88.621244,48.077888],[-88.620998,48.078036],[-88.620966,48.078124],[-88.616815,48.076267]],[[-88.639222,48.069011],[-88.639402,48.069],[-88.639795,48.068885],[-88.639861,48.068825],[-88.639836,48.068726],[-88.639738,48.068644],[-88.639615,48.068627],[-88.639378,48.068666],[-88.639247,48.06872],[-88.639051,48.068836],[-88.639042,48.068907],[-88.6391,48.068989],[-88.639222,48.069011]]]},"properties":{"name":"Moskey Basin","zone_type":"Quiet/No-Wake","speed_limit_mph":5,"nps_source_file":"Moskey Basin.geojson"}},{"type":"Feature","geometry":{"type":"Polygon","coordinates":[[[-88.546075,48.108066],[-88.546083,48.107951],[-88.545993,48.107765],[-88.545968,48.107551],[-88.546001,48.107403],[-88.546059,48.10731],[-88.546263,48.107227],[-88.546836,48.107216],[-88.547,48.107249],[-88.547017,48.107337],[-88.547172,48.10737],[-88.547622,48.107359],[-88.547835,48.107315],[-88.547901,48.107233],[-88.547934,48.107145],[-88.548138,48.107008],[-88.54831,48.106953],[-88.548851,48.106904],[-88.549203,48.106838],[-88.549375,48.106712],[-88.549416,48.106553],[-88.549399,48.106482],[-88.549334,48.106422],[-88.549219,48.106433],[-88.549039,48.106553],[-88.5489,48.106718],[-88.548818,48.106756],[-88.548703,48.106767],[-88.548654,48.106718],[-88.548671,48.106663],[-88.548777,48.106564],[-88.548916,48.106389],[-88.548933,48.106147],[-88.548908,48.106016],[-88.548695,48.10589],[-88.548704,48.105829],[-88.548761,48.105775],[-88.549481,48.105533],[-88.549981,48.105309],[-88.550661,48.104881],[-88.550751,48.104766],[-88.550832,48.104546],[-88.550726,48.104404],[-88.550333,48.104201],[-88.550079,48.104174],[-88.549768,48.10425],[-88.549187,48.104574],[-88.548786,48.104694],[-88.548376,48.104727],[-88.548172,48.104733],[-88.547967,48.104656],[-88.549162,48.103839],[-88.549318,48.103883],[-88.549572,48.103855],[-88.549834,48.103746],[-88.550088,48.103653],[-88.550612,48.103576],[-88.550808,48.103581],[-88.550906,48.103664],[-88.550939,48.103707],[-88.551103,48.103806],[-88.551226,48.103954],[-88.551258,48.104053],[-88.551226,48.104261],[-88.551258,48.104338],[-88.551717,48.104437],[-88.552151,48.104486],[-88.552503,48.104448],[-88.552699,48.104371],[-88.553199,48.104091],[-88.553534,48.103971],[-88.553935,48.103944],[-88.55446,48.103949],[-88.554812,48.103922],[-88.555229,48.103949],[-88.555352,48.103982],[-88.555401,48.104097],[-88.555376,48.104179],[-88.555131,48.104245],[-88.554525,48.104355],[-88.553551,48.104591],[-88.553403,48.104618],[-88.553297,48.104601],[-88.553166,48.104453],[-88.553125,48.104453],[-88.55301,48.104486],[-88.55292,48.104569],[-88.55292,48.104662],[-88.553272,48.104843],[-88.553501,48.10487],[-88.553763,48.104832],[-88.554566,48.104591],[-88.555417,48.104349],[-88.555876,48.104163],[-88.558094,48.107009],[-88.557505,48.107261],[-88.556358,48.107645],[-88.555613,48.107925],[-88.555384,48.107952],[-88.555171,48.107957],[-88.555032,48.108001],[-88.55477,48.108171],[-88.554271,48.108429],[-88.553968,48.108703],[-88.553558,48.108977],[-88.552788,48.109224],[-88.552199,48.109526],[-88.55088,48.110271],[-88.549988,48.110628],[-88.548989,48.11111],[-88.546818,48.112316],[-88.5455,48.112908],[-88.546075,48.108066]]]},"properties":{"name":"Mott","zone_type":"No-Wake","speed_limit_mph":5,"nps_source_file":"Mott.geojson"}},{"type":"Feature","geometry":{"type":"Polygon","coordinates":[[[-88.355945,48.229489],[-88.355978,48.229724],[-88.355527,48.230328],[-88.355552,48.230597],[-88.356003,48.231046],[-88.356003,48.2312],[-88.35593,48.231293],[-88.355396,48.231671],[-88.355085,48.232264],[-88.354864,48.232461],[-88.354642,48.232555],[-88.3541,48.232533],[-88.353813,48.23261],[-88.353575,48.232736],[-88.353296,48.233021],[-88.353215,48.233323],[-88.353092,48.233465],[-88.352944,48.233526],[-88.35273,48.233548],[-88.352599,48.233537],[-88.352501,48.233499],[-88.352443,48.233416],[-88.352468,48.233312],[-88.352541,48.233213],[-88.352558,48.233164],[-88.3525,48.233065],[-88.352303,48.232961],[-88.35232,48.232846],[-88.352705,48.232429],[-88.353099,48.231925],[-88.354887,48.23063],[-88.355092,48.230306],[-88.355116,48.229988],[-88.355034,48.229884],[-88.354747,48.229785],[-88.354697,48.229725],[-88.354648,48.229615],[-88.355945,48.229489]],[[-88.355067,48.230767],[-88.354846,48.230844],[-88.354887,48.230909],[-88.354977,48.230926],[-88.355084,48.230893],[-88.355141,48.230783],[-88.355067,48.230767]]]},"properties":{"name":"Passage Island","zone_type":"Quiet/No-Wake","speed_limit_mph":5,"nps_source_file":"Passage Island.geojson"}},{"type":"Feature","geometry":{"type":"Polygon","coordinates":[[[-88.577425,48.150913],[-88.577318,48.150875],[-88.577277,48.15088],[-88.577131,48.150968],[-88.56011,48.154155],[-88.560028,48.154105],[-88.559872,48.154083],[-88.559462,48.154231],[-88.559011,48.154242],[-88.558708,48.154325],[-88.558512,48.154423],[-88.558143,48.154654],[-88.557848,48.154758],[-88.557422,48.154878],[-88.557118,48.15512],[-88.557012,48.15518],[-88.556774,48.155213],[-88.556692,48.155251],[-88.556069,48.155701],[-88.555618,48.15592],[-88.554856,48.156194],[-88.554504,48.156282],[-88.554143,48.156424],[-88.553643,48.1566],[-88.553471,48.156732],[-88.553135,48.156934],[-88.552692,48.157132],[-88.55207,48.157444],[-88.551176,48.157702],[-88.550938,48.157828],[-88.55057,48.158118],[-88.550029,48.158343],[-88.549373,48.158672],[-88.54907,48.158804],[-88.548766,48.158897],[-88.547996,48.159083],[-88.547701,48.159215],[-88.546906,48.159703],[-88.546594,48.159812],[-88.546356,48.159933],[-88.546291,48.159993],[-88.546283,48.160043],[-88.52731,48.164911],[-88.527445,48.164836],[-88.528232,48.164502],[-88.528716,48.164244],[-88.529257,48.163987],[-88.529954,48.163751],[-88.530438,48.163532],[-88.530946,48.163351],[-88.531995,48.162957],[-88.533561,48.162283],[-88.534053,48.162047],[-88.534816,48.161647],[-88.535963,48.161082],[-88.536914,48.160518],[-88.537406,48.160282],[-88.53789,48.160085],[-88.538865,48.15986],[-88.539767,48.159488],[-88.540849,48.159055],[-88.541603,48.158622],[-88.541972,48.158463],[-88.543349,48.157931],[-88.545136,48.157284],[-88.545546,48.157076],[-88.546087,48.156901],[-88.546366,48.15678],[-88.547005,48.156424],[-88.547702,48.156133],[-88.548202,48.155854],[-88.549743,48.155179],[-88.550325,48.154905],[-88.550882,48.154554],[-88.551251,48.15439],[-88.551767,48.154127],[-88.552841,48.153617],[-88.553447,48.153244],[-88.554111,48.152953],[-88.554693,48.152723],[-88.555512,48.152367],[-88.556406,48.151923],[-88.556693,48.151736],[-88.557209,48.151287],[-88.557914,48.150865],[-88.558184,48.150651],[-88.558397,48.150453],[-88.558397,48.150377],[-88.558364,48.150327],[-88.562273,48.148622],[-88.562347,48.148715],[-88.562503,48.148776],[-88.562929,48.148787],[-88.563224,48.148754],[-88.563379,48.148699],[-88.563543,48.148578],[-88.563715,48.148507],[-88.563879,48.14849],[-88.563994,48.14854],[-88.564158,48.148666],[-88.56424,48.14871],[-88.564494,48.148721],[-88.565207,48.14849],[-88.565387,48.148469],[-88.565788,48.148474],[-88.566092,48.148353],[-88.566231,48.148326],[-88.566616,48.148337],[-88.567108,48.148112],[-88.567485,48.148068],[-88.568091,48.147964],[-88.568361,48.147799],[-88.568509,48.147739],[-88.569361,48.147629],[-88.569779,48.147553],[-88.570738,48.147322],[-88.571,48.1473],[-88.571598,48.147213],[-88.572516,48.146988],[-88.572999,48.146883],[-88.573794,48.146763],[-88.574523,48.146626],[-88.576113,48.146434],[-88.577284,48.14634],[-88.577407,48.146219],[-88.577546,48.146143],[-88.578112,48.145967],[-88.579062,48.14577],[-88.580103,48.145599],[-88.581242,48.145347],[-88.581921,48.145172],[-88.582413,48.145034],[-88.582823,48.14487],[-88.583085,48.144804],[-88.583257,48.144705],[-88.583715,48.144321],[-88.584027,48.144135],[-88.585264,48.143553],[-88.585591,48.143438],[-88.586304,48.143285],[-88.586861,48.143213],[-88.58714,48.143131],[-88.587934,48.142621],[-88.587992,48.1425],[-88.588,48.142319],[-88.588155,48.142204],[-88.588762,48.142028],[-88.589294,48.141836],[-88.589671,48.141743],[-88.589933,48.141694],[-88.590023,48.141715],[-88.590031,48.14177],[-88.589974,48.141902],[-88.589982,48.14199],[-88.590204,48.141995],[-88.590859,48.141973],[-88.591473,48.141715],[-88.592653,48.14132],[-88.59398,48.140837],[-88.594537,48.140738],[-88.594856,48.140716],[-88.595094,48.140749],[-88.595446,48.140842],[-88.595717,48.140826],[-88.596536,48.140661],[-88.59661,48.140683],[-88.596642,48.140749],[-88.596585,48.140891],[-88.596315,48.141039],[-88.595938,48.141182],[-88.595815,48.141308],[-88.595832,48.141418],[-88.595897,48.141478],[-88.59616,48.141506],[-88.596471,48.141505],[-88.596954,48.141423],[-88.597937,48.141182],[-88.59842,48.141011],[-88.598527,48.140918],[-88.59856,48.140808],[-88.598486,48.140759],[-88.598183,48.1406],[-88.598109,48.14054],[-88.598174,48.140326],[-88.598289,48.1402],[-88.598453,48.140139],[-88.598723,48.140118],[-88.599329,48.140145],[-88.600566,48.140051],[-88.601631,48.139837],[-88.602966,48.139431],[-88.603695,48.139151],[-88.604162,48.138953],[-88.604539,48.138761],[-88.604662,48.138684],[-88.604833,48.13847],[-88.604907,48.138399],[-88.605046,48.13835],[-88.605538,48.13824],[-88.605734,48.138147],[-88.606979,48.137346],[-88.607814,48.136753],[-88.608068,48.136616],[-88.608355,48.136435],[-88.608608,48.136374],[-88.608879,48.136374],[-88.609354,48.136434],[-88.60969,48.136445],[-88.610198,48.136418],[-88.610607,48.136511],[-88.610911,48.13656],[-88.611148,48.136571],[-88.611746,48.136499],[-88.612352,48.136329],[-88.612549,48.136318],[-88.613335,48.136345],[-88.614171,48.136394],[-88.614523,48.13635],[-88.61517,48.136152],[-88.615563,48.136043],[-88.615883,48.136031],[-88.616112,48.136092],[-88.616317,48.136086],[-88.617791,48.135619],[-88.618118,48.135471],[-88.618536,48.13535],[-88.619126,48.13529],[-88.619388,48.13524],[-88.619855,48.135043],[-88.620452,48.13485],[-88.621239,48.134663],[-88.621296,48.134625],[-88.621296,48.134548],[-88.621255,48.13451],[-88.621165,48.134521],[-88.620976,48.13457],[-88.620395,48.134565],[-88.620124,48.134543],[-88.620034,48.1345],[-88.619977,48.134445],[-88.619993,48.134351],[-88.620083,48.134198],[-88.620304,48.134072],[-88.620746,48.133885],[-88.621074,48.133797],[-88.621328,48.133797],[-88.621401,48.133775],[-88.621401,48.133737],[-88.621303,48.133638],[-88.621295,48.13355],[-88.621352,48.133457],[-88.621491,48.133435],[-88.621753,48.133473],[-88.622196,48.133451],[-88.622359,48.133407],[-88.622712,48.133248],[-88.622982,48.133171],[-88.623146,48.133155],[-88.62335,48.133149],[-88.62358,48.133204],[-88.623662,48.133264],[-88.623637,48.133363],[-88.623556,48.13344],[-88.623089,48.13361],[-88.622958,48.133676],[-88.622884,48.133769],[-88.622917,48.133802],[-88.623056,48.133818],[-88.623957,48.133565],[-88.624465,48.133351],[-88.624915,48.133203],[-88.625068,48.133084],[-88.625667,48.132876],[-88.626216,48.132525],[-88.626396,48.132449],[-88.626495,48.132377],[-88.626503,48.132339],[-88.626454,48.132317],[-88.626339,48.132328],[-88.62597,48.132492],[-88.625847,48.132498],[-88.625675,48.132437],[-88.625635,48.132355],[-88.625651,48.132295],[-88.625766,48.132234],[-88.62634,48.131977],[-88.626536,48.131813],[-88.626545,48.131681],[-88.626496,48.13156],[-88.626422,48.131478],[-88.626283,48.131429],[-88.625759,48.131445],[-88.62566,48.131401],[-88.625652,48.13133],[-88.625694,48.131061],[-88.625743,48.130891],[-88.625841,48.130814],[-88.626874,48.130376],[-88.627464,48.130064],[-88.628349,48.129746],[-88.628874,48.129577],[-88.629054,48.129571],[-88.629267,48.129582],[-88.629521,48.129583],[-88.629848,48.129544],[-88.629971,48.129561],[-88.630037,48.129605],[-88.630053,48.129682],[-88.629954,48.129758],[-88.629692,48.129884],[-88.629618,48.129939],[-88.629602,48.129994],[-88.629676,48.13006],[-88.629782,48.130087],[-88.629905,48.130087],[-88.630175,48.130011],[-88.630241,48.130027],[-88.630282,48.130098],[-88.630388,48.130104],[-88.630954,48.130033],[-88.631822,48.129852],[-88.632182,48.129754],[-88.632436,48.12965],[-88.632805,48.129392],[-88.633125,48.129091],[-88.633232,48.129031],[-88.63333,48.128998],[-88.633543,48.128948],[-88.633789,48.128773],[-88.634018,48.128664],[-88.634199,48.128631],[-88.634313,48.128642],[-88.634412,48.128664],[-88.634526,48.128658],[-88.634715,48.128565],[-88.634748,48.128505],[-88.634748,48.12845],[-88.634674,48.128329],[-88.634781,48.128264],[-88.635551,48.128302],[-88.635952,48.128286],[-88.636255,48.128231],[-88.63696,48.127991],[-88.637599,48.127848],[-88.638115,48.127684],[-88.638385,48.127574],[-88.638688,48.127432],[-88.63909,48.127295],[-88.639319,48.127153],[-88.639688,48.12695],[-88.640843,48.126408],[-88.641589,48.126008],[-88.642245,48.125602],[-88.642507,48.125465],[-88.642917,48.125219],[-88.64354,48.124879],[-88.644019,48.124619],[-88.644609,48.124346],[-88.645149,48.124077],[-88.645575,48.123913],[-88.646124,48.123743],[-88.646698,48.123617],[-88.64732,48.123497],[-88.647853,48.123442],[-88.648598,48.123398],[-88.649188,48.123311],[-88.649614,48.123218],[-88.650113,48.123064],[-88.650294,48.122982],[-88.65058,48.122911],[-88.651039,48.122736],[-88.652669,48.122215],[-88.654275,48.121744],[-88.654889,48.121536],[-88.655651,48.121344],[-88.655831,48.121224],[-88.655872,48.121152],[-88.655897,48.121021],[-88.65611,48.120895],[-88.657002,48.120462],[-88.657281,48.120368],[-88.657387,48.120352],[-88.657477,48.120374],[-88.6581,48.12061],[-88.658534,48.120714],[-88.659205,48.120747],[-88.659795,48.120742],[-88.660311,48.120676],[-88.660466,48.120676],[-88.661277,48.120835],[-88.661474,48.120918],[-88.66167,48.121115],[-88.661752,48.121291],[-88.661752,48.121395],[-88.661662,48.121559],[-88.661481,48.12168],[-88.661293,48.121746],[-88.660998,48.121828],[-88.660654,48.121888],[-88.660515,48.121894],[-88.659917,48.121877],[-88.659229,48.121954],[-88.658697,48.122025],[-88.658353,48.122134],[-88.658214,48.122211],[-88.658164,48.122304],[-88.658082,48.122359],[-88.657943,48.122381],[-88.657804,48.122386],[-88.657648,48.122458],[-88.657517,48.1226],[-88.657386,48.122639],[-88.656862,48.122622],[-88.65642,48.122726],[-88.656239,48.122825],[-88.655871,48.122951],[-88.655371,48.123082],[-88.655076,48.123142],[-88.654732,48.123159],[-88.654421,48.123203],[-88.654159,48.123285],[-88.653864,48.123422],[-88.653463,48.123564],[-88.652496,48.123778],[-88.652087,48.123893],[-88.65198,48.123948],[-88.651914,48.124013],[-88.651931,48.124041],[-88.652217,48.124046],[-88.652291,48.124068],[-88.652275,48.124118],[-88.652201,48.124156],[-88.65189,48.12426],[-88.651611,48.124337],[-88.651456,48.124403],[-88.651226,48.124468],[-88.65026,48.124627],[-88.650112,48.124709],[-88.649776,48.124835],[-88.649633,48.124881],[-88.649297,48.124969],[-88.648969,48.125007],[-88.648765,48.125051],[-88.64865,48.125116],[-88.648519,48.125253],[-88.648437,48.125286],[-88.648216,48.125297],[-88.648076,48.12533],[-88.648003,48.125385],[-88.648003,48.125467],[-88.647929,48.125527],[-88.647708,48.125615],[-88.647339,48.125697],[-88.646553,48.125801],[-88.646299,48.125883],[-88.645037,48.126223],[-88.64412,48.126497],[-88.643472,48.12671],[-88.643038,48.126913],[-88.642153,48.127231],[-88.641022,48.127806],[-88.640719,48.127915],[-88.639711,48.128354],[-88.638818,48.12871],[-88.638548,48.128841],[-88.637925,48.129279],[-88.63772,48.129389],[-88.637499,48.129438],[-88.637482,48.129488],[-88.637351,48.129537],[-88.636761,48.129674],[-88.636008,48.129865],[-88.635311,48.130106],[-88.634319,48.130495],[-88.633516,48.130796],[-88.633082,48.131005],[-88.63241,48.131399],[-88.632008,48.131547],[-88.631828,48.131623],[-88.631164,48.131864],[-88.630386,48.132045],[-88.629542,48.132253],[-88.628936,48.132384],[-88.628411,48.132587],[-88.627936,48.132833],[-88.627723,48.132998],[-88.627542,48.133118],[-88.627149,48.133266],[-88.626248,48.13348],[-88.625928,48.133578],[-88.625731,48.133655],[-88.62542,48.133835],[-88.625067,48.133994],[-88.624261,48.13424],[-88.623737,48.134448],[-88.622525,48.134838],[-88.622001,48.135085],[-88.62178,48.13525],[-88.621403,48.13536],[-88.621117,48.135491],[-88.620978,48.135683],[-88.62079,48.136051],[-88.620511,48.136248],[-88.619807,48.136507],[-88.619209,48.136704],[-88.618816,48.13694],[-88.618612,48.137045],[-88.618055,48.137165],[-88.617842,48.137237],[-88.617784,48.137303],[-88.617752,48.137368],[-88.61776,48.137484],[-88.617817,48.137533],[-88.617965,48.137549],[-88.61835,48.137478],[-88.618939,48.137291],[-88.619398,48.137192],[-88.619636,48.137181],[-88.620111,48.137137],[-88.620823,48.13695],[-88.621519,48.136742],[-88.622854,48.136297],[-88.623681,48.135951],[-88.624287,48.1356],[-88.624598,48.135358],[-88.625074,48.135036],[-88.625664,48.134883],[-88.626779,48.134494],[-88.627148,48.134401],[-88.627565,48.134314],[-88.628565,48.13415],[-88.629524,48.13398],[-88.629999,48.133827],[-88.630933,48.133504],[-88.631826,48.133159],[-88.632539,48.132912],[-88.632982,48.132726],[-88.633064,48.132699],[-88.633547,48.132584],[-88.6339,48.132463],[-88.634383,48.132321],[-88.634522,48.132288],[-88.634948,48.132283],[-88.635342,48.132201],[-88.635841,48.13219],[-88.636554,48.132108],[-88.6368,48.13207],[-88.637185,48.13196],[-88.637775,48.131758],[-88.638381,48.131522],[-88.63911,48.13126],[-88.639561,48.131139],[-88.639881,48.131002],[-88.640233,48.130767],[-88.640373,48.130712],[-88.64052,48.130602],[-88.6407,48.130388],[-88.640971,48.130213],[-88.641282,48.130136],[-88.641626,48.130038],[-88.642339,48.129797],[-88.643109,48.129501],[-88.643281,48.129446],[-88.643454,48.12943],[-88.643773,48.129419],[-88.644273,48.129523],[-88.644494,48.129534],[-88.644633,48.129529],[-88.645133,48.129463],[-88.646386,48.129151],[-88.646812,48.129036],[-88.647279,48.128883],[-88.647549,48.12885],[-88.64768,48.128861],[-88.647762,48.128905],[-88.647787,48.128954],[-88.647451,48.129223],[-88.647361,48.129316],[-88.647369,48.129349],[-88.64768,48.12936],[-88.647762,48.129404],[-88.647778,48.129437],[-88.647729,48.129569],[-88.647573,48.129717],[-88.647565,48.129793],[-88.647614,48.129881],[-88.647794,48.12998],[-88.647999,48.129991],[-88.648179,48.130128],[-88.648392,48.130156],[-88.648662,48.130128],[-88.648908,48.130079],[-88.649408,48.129904],[-88.65017,48.129613],[-88.650702,48.12946],[-88.651063,48.129367],[-88.651333,48.129345],[-88.651718,48.129345],[-88.65216,48.129384],[-88.652423,48.129444],[-88.652701,48.12957],[-88.652848,48.129658],[-88.65302,48.129861],[-88.653028,48.129976],[-88.652946,48.130102],[-88.652782,48.130234],[-88.652496,48.130349],[-88.652266,48.130475],[-88.651463,48.13105],[-88.651266,48.131176],[-88.651119,48.131462],[-88.650881,48.131631],[-88.650635,48.131736],[-88.650512,48.131752],[-88.65025,48.131812],[-88.649521,48.132015],[-88.649054,48.132201],[-88.648021,48.132557],[-88.646326,48.132924],[-88.645744,48.13311],[-88.644744,48.133515],[-88.643777,48.133943],[-88.643105,48.134173],[-88.642908,48.134249],[-88.642564,48.13443],[-88.642105,48.1346],[-88.641745,48.134682],[-88.640303,48.134961],[-88.64,48.135071],[-88.63959,48.135306],[-88.639254,48.13541],[-88.638525,48.135706],[-88.637197,48.136161],[-88.636869,48.13632],[-88.636508,48.136621],[-88.636164,48.136851],[-88.63541,48.137087],[-88.634796,48.137229],[-88.634124,48.137338],[-88.634025,48.13742],[-88.633878,48.137612],[-88.633755,48.137684],[-88.633632,48.137727],[-88.633378,48.137798],[-88.632714,48.137974],[-88.632124,48.138105],[-88.63146,48.138324],[-88.631263,48.138455],[-88.631107,48.138636],[-88.630976,48.138735],[-88.630714,48.138861],[-88.630493,48.138921],[-88.629723,48.139009],[-88.62946,48.139052],[-88.62919,48.139112],[-88.628542,48.139419],[-88.628452,48.13949],[-88.62846,48.139677],[-88.628239,48.139819],[-88.627714,48.140044],[-88.626845,48.140323],[-88.626386,48.140509],[-88.626313,48.14058],[-88.626296,48.140652],[-88.626321,48.140767],[-88.626304,48.140887],[-88.626255,48.14097],[-88.625968,48.141074],[-88.625525,48.141342],[-88.625074,48.141671],[-88.624614,48.141883],[-88.624082,48.142092],[-88.623721,48.14218],[-88.623058,48.14241],[-88.622779,48.142575],[-88.622411,48.142751],[-88.622264,48.142866],[-88.622247,48.142948],[-88.62228,48.143003],[-88.622395,48.143003],[-88.622722,48.142844],[-88.623001,48.14275],[-88.623238,48.142717],[-88.62332,48.142734],[-88.62332,48.142822],[-88.623189,48.14292],[-88.622903,48.143069],[-88.622559,48.143206],[-88.621838,48.143579],[-88.621494,48.1437],[-88.620913,48.143941],[-88.620348,48.144134],[-88.619734,48.144381],[-88.619455,48.144419],[-88.618128,48.144848],[-88.618014,48.144919],[-88.618022,48.144985],[-88.61776,48.145094],[-88.617612,48.145083],[-88.617481,48.145105],[-88.616539,48.145402],[-88.615564,48.145649],[-88.615384,48.14566],[-88.615253,48.145655],[-88.615212,48.145595],[-88.615269,48.145512],[-88.6154,48.145392],[-88.615974,48.145095],[-88.616358,48.14492],[-88.617218,48.144486],[-88.617415,48.144332],[-88.617775,48.143921],[-88.617881,48.143877],[-88.617922,48.143828],[-88.617873,48.143784],[-88.617742,48.1438],[-88.617062,48.143998],[-88.616349,48.144245],[-88.615318,48.14464],[-88.614245,48.144943],[-88.613573,48.145102],[-88.612983,48.14531],[-88.612877,48.145371],[-88.612885,48.145426],[-88.612942,48.145519],[-88.612934,48.145612],[-88.612811,48.145705],[-88.612328,48.145815],[-88.612041,48.145782],[-88.611566,48.14587],[-88.611255,48.145848],[-88.610935,48.145893],[-88.610804,48.145871],[-88.610624,48.145794],[-88.610427,48.145789],[-88.610001,48.145871],[-88.609329,48.14597],[-88.608789,48.146118],[-88.608314,48.146283],[-88.607339,48.14653],[-88.607216,48.146607],[-88.607044,48.146799],[-88.60679,48.14687],[-88.606102,48.146892],[-88.605586,48.146936],[-88.605315,48.147013],[-88.605209,48.147118],[-88.605086,48.147315],[-88.604898,48.147441],[-88.604505,48.147556],[-88.603907,48.147672],[-88.603538,48.147732],[-88.603415,48.147798],[-88.603399,48.147864],[-88.60344,48.147935],[-88.603546,48.148012],[-88.603563,48.148111],[-88.60353,48.148736],[-88.603416,48.148818],[-88.603219,48.148906],[-88.601319,48.149394],[-88.600794,48.149581],[-88.600286,48.149702],[-88.599803,48.14979],[-88.599287,48.149812],[-88.598877,48.149872],[-88.598525,48.149949],[-88.597877,48.15013],[-88.596599,48.150416],[-88.595813,48.150581],[-88.594256,48.150822],[-88.5936,48.150976],[-88.592486,48.151217],[-88.591765,48.151311],[-88.591134,48.151355],[-88.59079,48.151344],[-88.590356,48.151202],[-88.590175,48.151196],[-88.590052,48.151234],[-88.590028,48.151267],[-88.590069,48.1513],[-88.590233,48.151355],[-88.590249,48.151415],[-88.590216,48.151531],[-88.59011,48.151613],[-88.589684,48.15164],[-88.589397,48.151701],[-88.589233,48.151701],[-88.589127,48.15169],[-88.589086,48.151668],[-88.589045,48.151613],[-88.589209,48.151503],[-88.589225,48.151465],[-88.5892,48.151449],[-88.588692,48.151531],[-88.588233,48.151575],[-88.588045,48.151558],[-88.587922,48.151504],[-88.587832,48.151427],[-88.587807,48.151356],[-88.587848,48.151257],[-88.588061,48.15112],[-88.588127,48.15101],[-88.588094,48.150939],[-88.587971,48.150911],[-88.58784,48.150911],[-88.587102,48.151071],[-88.586627,48.15123],[-88.586455,48.151263],[-88.586136,48.151263],[-88.585333,48.1514],[-88.585177,48.151444],[-88.585013,48.151548],[-88.584841,48.151696],[-88.584702,48.151735],[-88.584538,48.151751],[-88.584071,48.151773],[-88.583972,48.151822],[-88.583981,48.151872],[-88.584046,48.151938],[-88.584562,48.152086],[-88.584833,48.152212],[-88.584956,48.152327],[-88.584997,48.152398],[-88.58503,48.152546],[-88.584972,48.152678],[-88.584719,48.152809],[-88.584399,48.152908],[-88.583301,48.1531],[-88.582949,48.153188],[-88.582613,48.153254],[-88.582277,48.153407],[-88.582031,48.15344],[-88.581941,48.153512],[-88.581883,48.153654],[-88.581802,48.153791],[-88.577425,48.150913]],[[-88.646565,48.130237],[-88.646688,48.130243],[-88.646844,48.130199],[-88.646934,48.130139],[-88.64695,48.130056],[-88.646938,48.130037],[-88.646926,48.130018],[-88.646754,48.130029],[-88.646565,48.130138],[-88.646541,48.130193],[-88.646549,48.130207],[-88.646565,48.130237]],[[-88.642707,48.130153],[-88.642748,48.13023],[-88.642896,48.130269],[-88.642986,48.130252],[-88.643011,48.130159],[-88.642937,48.13006],[-88.642806,48.130022],[-88.642748,48.130038],[-88.642707,48.130153]],[[-88.635576,48.135052],[-88.635642,48.135085],[-88.635707,48.135085],[-88.635814,48.135069],[-88.63592,48.135014],[-88.635961,48.134954],[-88.63583,48.134932],[-88.635707,48.134976],[-88.635576,48.135052]],[[-88.622945,48.137048],[-88.622773,48.13701],[-88.622527,48.137026],[-88.621799,48.137229],[-88.621021,48.137515],[-88.620898,48.137575],[-88.620849,48.13763],[-88.620873,48.137701],[-88.620898,48.137734],[-88.62107,48.137745],[-88.62116,48.137816],[-88.621308,48.137822],[-88.621488,48.137794],[-88.621692,48.137674],[-88.62175,48.137674],[-88.621799,48.137745],[-88.621856,48.137756],[-88.621963,48.137739],[-88.622258,48.137569],[-88.622257,48.137454],[-88.622298,48.137421],[-88.622741,48.137311],[-88.622913,48.13724],[-88.622994,48.137179],[-88.622986,48.137097],[-88.622945,48.137048]],[[-88.618211,48.137911],[-88.618506,48.13784],[-88.618784,48.137691],[-88.619071,48.137576],[-88.619128,48.137505],[-88.619087,48.13745],[-88.618972,48.137423],[-88.618538,48.137549],[-88.618315,48.137671],[-88.618096,48.13779],[-88.61808,48.137889],[-88.618211,48.137911]],[[-88.623079,48.139258],[-88.623202,48.139236],[-88.623308,48.139181],[-88.623341,48.139126],[-88.623316,48.139082],[-88.623201,48.139027],[-88.623062,48.139038],[-88.622939,48.139066],[-88.622833,48.139131],[-88.622726,48.139197],[-88.622645,48.139269],[-88.622636,48.139313],[-88.622702,48.139345],[-88.6228,48.139345],[-88.623079,48.139258]],[[-88.622171,48.140399],[-88.622826,48.140146],[-88.623014,48.140047],[-88.623137,48.139954],[-88.62317,48.139888],[-88.623129,48.139833],[-88.622981,48.139789],[-88.622711,48.139828],[-88.621343,48.140339],[-88.620188,48.140679],[-88.619492,48.141014],[-88.619042,48.141151],[-88.618903,48.141223],[-88.618829,48.141294],[-88.618886,48.141382],[-88.619001,48.141431],[-88.619263,48.141431],[-88.619452,48.141387],[-88.621008,48.140783],[-88.62163,48.140558],[-88.622171,48.140399]],[[-88.618239,48.140965],[-88.618304,48.140998],[-88.618534,48.140982],[-88.61882,48.140883],[-88.618853,48.140828],[-88.618812,48.140773],[-88.618747,48.140746],[-88.618599,48.140757],[-88.618402,48.140817],[-88.618247,48.140905],[-88.618239,48.140965]],[[-88.604819,48.141541],[-88.603763,48.141876],[-88.602673,48.14214],[-88.602133,48.14231],[-88.601486,48.142469],[-88.601166,48.142568],[-88.60065,48.142667],[-88.599782,48.142947],[-88.598397,48.143281],[-88.597832,48.143452],[-88.597554,48.143517],[-88.596865,48.143638],[-88.596808,48.143688],[-88.596825,48.143732],[-88.596882,48.143742],[-88.597308,48.143688],[-88.598234,48.143638],[-88.598815,48.143534],[-88.599282,48.143429],[-88.600036,48.143243],[-88.601117,48.142935],[-88.601273,48.142919],[-88.60142,48.14293],[-88.601437,48.142973],[-88.601437,48.1431],[-88.601502,48.143121],[-88.601699,48.143099],[-88.602182,48.142951],[-88.602707,48.142869],[-88.602977,48.142858],[-88.603157,48.14288],[-88.603428,48.143055],[-88.603706,48.14311],[-88.603821,48.143214],[-88.604026,48.143351],[-88.604231,48.143422],[-88.604608,48.143406],[-88.605288,48.143235],[-88.606164,48.143043],[-88.606754,48.142895],[-88.607721,48.142565],[-88.608982,48.142181],[-88.610383,48.14172],[-88.61112,48.141451],[-88.611693,48.141171],[-88.611889,48.140979],[-88.612012,48.140677],[-88.611864,48.140151],[-88.611872,48.139965],[-88.611946,48.139882],[-88.612028,48.139844],[-88.612429,48.139767],[-88.612961,48.139537],[-88.613379,48.139268],[-88.613526,48.13912],[-88.613502,48.13907],[-88.613436,48.139059],[-88.613026,48.139125],[-88.612617,48.139175],[-88.612347,48.139257],[-88.611986,48.139455],[-88.610864,48.139801],[-88.609906,48.139982],[-88.608636,48.140481],[-88.606744,48.141025],[-88.605974,48.141239],[-88.604819,48.141541]],[[-88.62047,48.143525],[-88.620585,48.143536],[-88.620781,48.143492],[-88.621042,48.143358],[-88.621125,48.143316],[-88.621166,48.143256],[-88.62115,48.143223],[-88.621084,48.143228],[-88.620675,48.143382],[-88.62038,48.143437],[-88.620339,48.143454],[-88.62038,48.143498],[-88.62047,48.143525]],[[-88.614267,48.142448],[-88.61407,48.142481],[-88.613874,48.142486],[-88.613685,48.142448],[-88.613579,48.142415],[-88.613456,48.14242],[-88.613382,48.142475],[-88.613374,48.142519],[-88.613489,48.142717],[-88.613481,48.142876],[-88.613399,48.142969],[-88.613022,48.143128],[-88.612441,48.143298],[-88.611752,48.143447],[-88.611015,48.143611],[-88.610704,48.143754],[-88.610483,48.143902],[-88.610229,48.144116],[-88.609951,48.14421],[-88.60909,48.144424],[-88.608501,48.144632],[-88.608099,48.144726],[-88.607583,48.144786],[-88.607305,48.14488],[-88.606985,48.145039],[-88.606207,48.145247],[-88.605421,48.145445],[-88.605265,48.145527],[-88.605109,48.145703],[-88.604962,48.145802],[-88.604905,48.145856],[-88.604913,48.145911],[-88.604979,48.145939],[-88.605233,48.14595],[-88.605585,48.146087],[-88.605724,48.146125],[-88.606077,48.146108],[-88.606339,48.146075],[-88.606806,48.145949],[-88.607363,48.145773],[-88.608731,48.145285],[-88.609304,48.145038],[-88.609787,48.145027],[-88.610172,48.144977],[-88.61059,48.144851],[-88.611057,48.14456],[-88.612024,48.144214],[-88.612712,48.144038],[-88.613375,48.143835],[-88.613875,48.143665],[-88.614472,48.14344],[-88.615578,48.143045],[-88.616242,48.142831],[-88.617241,48.14243],[-88.61797,48.142084],[-88.618535,48.141793],[-88.618707,48.141678],[-88.618764,48.141607],[-88.618747,48.141519],[-88.618673,48.141481],[-88.618444,48.141481],[-88.617985,48.141591],[-88.617822,48.141684],[-88.617224,48.141854],[-88.616544,48.141937],[-88.615634,48.142003],[-88.614774,48.142184],[-88.614586,48.142256],[-88.614267,48.142448]],[[-88.584986,48.144612],[-88.585117,48.144562],[-88.585764,48.144425],[-88.585903,48.14437],[-88.585936,48.144326],[-88.585911,48.144277],[-88.585756,48.144244],[-88.58528,48.144255],[-88.585059,48.144305],[-88.584986,48.144377],[-88.584904,48.144458],[-88.584838,48.14454],[-88.584887,48.144595],[-88.584986,48.144612]],[[-88.583945,48.144793],[-88.58406,48.144744],[-88.584076,48.144694],[-88.584011,48.144667],[-88.583863,48.144634],[-88.583748,48.144628],[-88.583601,48.144661],[-88.583568,48.144711],[-88.583634,48.14476],[-88.583822,48.144809],[-88.583945,48.144793]],[[-88.598693,48.144784],[-88.598923,48.144608],[-88.598947,48.144542],[-88.598898,48.144499],[-88.598742,48.144482],[-88.597866,48.144576],[-88.596211,48.144872],[-88.596112,48.144911],[-88.596063,48.144977],[-88.596137,48.14502],[-88.59626,48.14502],[-88.596899,48.144905],[-88.597055,48.144982],[-88.597194,48.14496],[-88.597432,48.144883],[-88.597718,48.144751],[-88.597907,48.144751],[-88.598128,48.144806],[-88.59821,48.144789],[-88.598357,48.144724],[-88.59848,48.144713],[-88.598529,48.144778],[-88.598579,48.144817],[-88.598693,48.144784]],[[-88.591197,48.145082],[-88.591696,48.145027],[-88.592499,48.144917],[-88.592884,48.144802],[-88.593187,48.144626],[-88.593228,48.144555],[-88.593187,48.144517],[-88.593105,48.144522],[-88.592524,48.144659],[-88.59186,48.144764],[-88.591205,48.144879],[-88.590549,48.144972],[-88.590328,48.145082],[-88.590254,48.145181],[-88.590246,48.14523],[-88.590287,48.145252],[-88.59068,48.145219],[-88.591197,48.145082]],[[-88.576547,48.147749],[-88.576408,48.14781],[-88.576203,48.147963],[-88.576072,48.147958],[-88.575826,48.147925],[-88.57558,48.147936],[-88.574908,48.148084],[-88.574556,48.148177],[-88.574269,48.148216],[-88.574048,48.148287],[-88.573942,48.148336],[-88.57386,48.148413],[-88.573852,48.148473],[-88.573876,48.148528],[-88.573983,48.148578],[-88.574319,48.148594],[-88.574687,48.148594],[-88.575277,48.148512],[-88.575736,48.148397],[-88.575998,48.148276],[-88.576359,48.148084],[-88.576662,48.148051],[-88.577375,48.148013],[-88.578104,48.147908],[-88.578817,48.147771],[-88.580497,48.147371],[-88.58134,48.147179],[-88.581906,48.14708],[-88.582659,48.146838],[-88.583331,48.146745],[-88.583561,48.14669],[-88.584036,48.146548],[-88.584208,48.14652],[-88.58479,48.146558],[-88.585224,48.146525],[-88.585683,48.146448],[-88.586617,48.146207],[-88.58719,48.146042],[-88.588009,48.145785],[-88.58837,48.145658],[-88.588698,48.145461],[-88.588698,48.145417],[-88.588681,48.145395],[-88.588534,48.145406],[-88.587485,48.145604],[-88.586961,48.145719],[-88.586559,48.145752],[-88.584691,48.14612],[-88.582479,48.14652],[-88.581463,48.146718],[-88.581234,48.146795],[-88.580922,48.146954],[-88.580537,48.147058],[-88.57939,48.147223],[-88.578899,48.147239],[-88.578514,48.147289],[-88.577039,48.147645],[-88.576547,48.147749]],[[-88.585978,48.147677],[-88.586167,48.147578],[-88.586281,48.147424],[-88.586265,48.147348],[-88.586191,48.147282],[-88.585954,48.147205],[-88.585593,48.147172],[-88.584102,48.147397],[-88.582463,48.147776],[-88.582176,48.147853],[-88.581955,48.147924],[-88.581832,48.14799],[-88.581824,48.148105],[-88.58198,48.148165],[-88.58198,48.14827],[-88.582005,48.148346],[-88.582136,48.148401],[-88.582381,48.148407],[-88.582693,48.148396],[-88.583463,48.148335],[-88.584536,48.148094],[-88.585593,48.147814],[-88.585978,48.147677]],[[-88.580079,48.148676],[-88.580366,48.148665],[-88.580554,48.148571],[-88.580579,48.148489],[-88.580546,48.148473],[-88.580472,48.148456],[-88.580079,48.148522],[-88.580005,48.148566],[-88.58003,48.148643],[-88.580079,48.148676]],[[-88.588856,48.150999],[-88.588954,48.151021],[-88.589094,48.151015],[-88.589225,48.150944],[-88.589282,48.150889],[-88.589257,48.150851],[-88.589126,48.150812],[-88.58902,48.150813],[-88.588872,48.150884],[-88.588815,48.150944],[-88.588856,48.150999]],[[-88.571606,48.148934],[-88.571213,48.149038],[-88.570525,48.14917],[-88.570115,48.149318],[-88.569181,48.149532],[-88.568919,48.149609],[-88.56887,48.149675],[-88.568894,48.149713],[-88.569017,48.149708],[-88.569369,48.149647],[-88.569746,48.149653],[-88.570894,48.14934],[-88.571205,48.149225],[-88.571574,48.149126],[-88.571721,48.149055],[-88.571762,48.149],[-88.571705,48.148951],[-88.571606,48.148934]],[[-88.575466,48.149126],[-88.57531,48.149279],[-88.575146,48.149493],[-88.575048,48.149532],[-88.574802,48.149543],[-88.57445,48.149581],[-88.574196,48.14968],[-88.574065,48.149811],[-88.574077,48.149863],[-88.574081,48.149883],[-88.574171,48.149932],[-88.574327,48.14991],[-88.574819,48.149806],[-88.575048,48.149789],[-88.575335,48.149844],[-88.575589,48.149822],[-88.576203,48.149603],[-88.576588,48.149323],[-88.576818,48.149274],[-88.5769,48.149224],[-88.576933,48.149131],[-88.576908,48.14906],[-88.576736,48.149005],[-88.576367,48.148961],[-88.57581,48.148989],[-88.575466,48.149126]],[[-88.571041,48.150272],[-88.571344,48.150223],[-88.571828,48.150058],[-88.57209,48.149938],[-88.572188,48.149866],[-88.572213,48.149828],[-88.572196,48.149784],[-88.572008,48.14979],[-88.571639,48.149845],[-88.571328,48.14996],[-88.570877,48.150097],[-88.570722,48.150179],[-88.570738,48.150234],[-88.570861,48.150283],[-88.571041,48.150272]],[[-88.565617,48.15081],[-88.565698,48.150782],[-88.565748,48.150711],[-88.56583,48.150684],[-88.565854,48.150634],[-88.565756,48.150596],[-88.565633,48.150569],[-88.56551,48.150591],[-88.565477,48.1507],[-88.565379,48.150728],[-88.565379,48.150771],[-88.565461,48.150815],[-88.565617,48.15081]],[[-88.550898,48.156742],[-88.551135,48.156726],[-88.551471,48.156622],[-88.55166,48.156496],[-88.551693,48.156408],[-88.551627,48.156358],[-88.551562,48.156337],[-88.551463,48.156342],[-88.551349,48.156402],[-88.550767,48.156594],[-88.55039,48.156687],[-88.550136,48.15678],[-88.550023,48.156856],[-88.550021,48.156857],[-88.550054,48.156912],[-88.550152,48.15695],[-88.550365,48.156945],[-88.550709,48.156781],[-88.550898,48.156742]]]},"properties":{"name":"Robinson Bay","zone_type":"Quiet/No-Wake","speed_limit_mph":5,"nps_source_file":"Robinson Bay.geojson"}},{"type":"Feature","geometry":{"type":"Polygon","coordinates":[[[-88.484598,48.144246],[-88.484582,48.144284],[-88.484681,48.144284],[-88.484829,48.144426],[-88.484927,48.144415],[-88.48514,48.144317],[-88.48541,48.144306],[-88.485599,48.144355],[-88.485673,48.144415],[-88.485722,48.144651],[-88.48555,48.144991],[-88.485141,48.145282],[-88.484903,48.14532],[-88.484076,48.145293],[-88.483756,48.145326],[-88.483601,48.14543],[-88.483552,48.145529],[-88.483593,48.14565],[-88.483699,48.14571],[-88.484421,48.145984],[-88.484576,48.146121],[-88.484781,48.146269],[-88.484954,48.146329],[-88.485363,48.146313],[-88.485814,48.146208],[-88.4861,48.146082],[-88.486698,48.145742],[-88.487165,48.145391],[-88.487361,48.14522],[-88.487566,48.145007],[-88.487844,48.144836],[-88.487948,48.144805],[-88.486419,48.143846],[-88.486319,48.143795],[-88.486113,48.143722],[-88.485884,48.143677],[-88.485761,48.14367],[-88.485573,48.143696],[-88.485289,48.143771],[-88.484819,48.144033],[-88.484598,48.144246]]]},"properties":{"name":"Rock Harbor","zone_type":"No-Wake","speed_limit_mph":5,"nps_source_file":"Rock Harbor.geojson"}},{"type":"Feature","geometry":{"type":"Polygon","coordinates":[[[-88.489494,48.147046],[-88.489584,48.147056],[-88.489748,48.147034],[-88.489862,48.146969],[-88.489993,48.146952],[-88.490215,48.14699],[-88.490272,48.146963],[-88.49028,48.146919],[-88.490173,48.146809],[-88.490198,48.146755],[-88.490296,48.146661],[-88.490845,48.14654],[-88.491099,48.146365],[-88.49123,48.146332],[-88.491336,48.146321],[-88.491304,48.146233],[-88.491197,48.146173],[-88.49118,48.146036],[-88.491229,48.145866],[-88.491401,48.145657],[-88.49177,48.145471],[-88.492368,48.145311],[-88.492917,48.145196],[-88.493515,48.144965],[-88.493834,48.144724],[-88.494153,48.144384],[-88.494693,48.144104],[-88.495357,48.144005],[-88.496078,48.143769],[-88.496692,48.143533],[-88.497405,48.143296],[-88.498478,48.143159],[-88.498879,48.143021],[-88.499559,48.142643],[-88.499845,48.142511],[-88.500066,48.142489],[-88.500399,48.142359],[-88.500686,48.142162],[-88.501055,48.141795],[-88.501522,48.141411],[-88.501891,48.141214],[-88.502498,48.141066],[-88.50367,48.140623],[-88.504088,48.140409],[-88.50517,48.139823],[-88.50567,48.139598],[-88.506088,48.139335],[-88.506744,48.138815],[-88.508621,48.137927],[-88.509122,48.137637],[-88.509458,48.137357],[-88.509695,48.137237],[-88.51004,48.137138],[-88.510728,48.137095],[-88.511441,48.136876],[-88.512096,48.136821],[-88.512252,48.136761],[-88.512309,48.136673],[-88.512244,48.136454],[-88.512285,48.136317],[-88.512416,48.136163],[-88.512851,48.13595],[-88.514367,48.135243],[-88.515588,48.134788],[-88.515932,48.134624],[-88.516399,48.134531],[-88.516948,48.134498],[-88.517194,48.134433],[-88.517653,48.134137],[-88.517891,48.134033],[-88.518284,48.133945],[-88.518997,48.133764],[-88.519726,48.133556],[-88.519914,48.133518],[-88.52039,48.133595],[-88.520766,48.133589],[-88.521405,48.133464],[-88.521823,48.133299],[-88.522209,48.133102],[-88.522536,48.132888],[-88.52284,48.132746],[-88.523257,48.132636],[-88.523413,48.132565],[-88.523667,48.132362],[-88.523929,48.132264],[-88.524241,48.132236],[-88.52456,48.132247],[-88.524789,48.132363],[-88.524929,48.132401],[-88.525191,48.13239],[-88.525338,48.132357],[-88.525699,48.132209],[-88.526822,48.131705],[-88.526944,48.13164],[-88.527117,48.131497],[-88.527092,48.131272],[-88.527133,48.131217],[-88.527756,48.130987],[-88.527854,48.130987],[-88.527985,48.131064],[-88.528124,48.131097],[-88.52828,48.131086],[-88.529067,48.130823],[-88.530541,48.130182],[-88.531557,48.129837],[-88.532344,48.129508],[-88.532688,48.129322],[-88.53318,48.129141],[-88.533507,48.128971],[-88.533901,48.128812],[-88.534147,48.12867],[-88.534417,48.128549],[-88.534777,48.128445],[-88.535113,48.128319],[-88.535834,48.127837],[-88.535965,48.127787],[-88.536522,48.127798],[-88.536678,48.12776],[-88.537071,48.12759],[-88.537153,48.127579],[-88.537202,48.127612],[-88.537186,48.127667],[-88.536932,48.127892],[-88.536792,48.128089],[-88.536784,48.128243],[-88.536759,48.128456],[-88.536489,48.128654],[-88.536374,48.12884],[-88.53626,48.128933],[-88.536038,48.129054],[-88.535735,48.129158],[-88.534654,48.129712],[-88.533843,48.130079],[-88.533277,48.130314],[-88.532663,48.130446],[-88.531835,48.130473],[-88.531721,48.130495],[-88.531295,48.130753],[-88.530983,48.13089],[-88.530926,48.130972],[-88.530958,48.131487],[-88.530876,48.131624],[-88.530745,48.131739],[-88.530548,48.131838],[-88.530073,48.132024],[-88.529582,48.132326],[-88.528213,48.132901],[-88.527976,48.132967],[-88.527451,48.132956],[-88.527001,48.133104],[-88.526378,48.133202],[-88.526034,48.133334],[-88.525526,48.133553],[-88.525247,48.133657],[-88.524977,48.133695],[-88.524862,48.133739],[-88.524739,48.133871],[-88.524526,48.133991],[-88.523657,48.134419],[-88.522953,48.134725],[-88.522748,48.134824],[-88.522682,48.134912],[-88.522698,48.134978],[-88.522846,48.135087],[-88.522887,48.13517],[-88.522813,48.135361],[-88.522633,48.135504],[-88.522002,48.135822],[-88.521264,48.136178],[-88.521116,48.136222],[-88.520903,48.136222],[-88.520437,48.136167],[-88.520207,48.136156],[-88.520068,48.136221],[-88.520051,48.136331],[-88.520068,48.136413],[-88.520174,48.136545],[-88.520199,48.136611],[-88.520166,48.136715],[-88.520026,48.136852],[-88.519723,48.137087],[-88.519289,48.137345],[-88.518305,48.137866],[-88.518043,48.137964],[-88.517428,48.138337],[-88.517035,48.138468],[-88.515731,48.139],[-88.515305,48.139219],[-88.51515,48.13935],[-88.515059,48.139482],[-88.514854,48.139718],[-88.514698,48.139827],[-88.5141,48.140068],[-88.513658,48.140128],[-88.513281,48.140276],[-88.512854,48.140484],[-88.512559,48.140682],[-88.512461,48.14083],[-88.512264,48.141],[-88.512018,48.141148],[-88.511731,48.141268],[-88.511289,48.141399],[-88.511026,48.14141],[-88.510805,48.141383],[-88.51051,48.141459],[-88.510141,48.141646],[-88.509789,48.141739],[-88.50897,48.141875],[-88.508666,48.141963],[-88.50833,48.142083],[-88.50792,48.142303],[-88.507633,48.14239],[-88.507027,48.142615],[-88.50665,48.142828],[-88.506559,48.142971],[-88.506568,48.143059],[-88.506748,48.143267],[-88.506657,48.143432],[-88.506739,48.14347],[-88.506928,48.143525],[-88.507067,48.143613],[-88.507198,48.143717],[-88.507214,48.143827],[-88.507198,48.143903],[-88.507083,48.14404],[-88.506714,48.144194],[-88.506443,48.144205],[-88.506124,48.144205],[-88.505763,48.144292],[-88.505435,48.144385],[-88.505042,48.144445],[-88.504354,48.14462],[-88.503944,48.144752],[-88.503001,48.14491],[-88.502641,48.144905],[-88.50246,48.144932],[-88.502157,48.145014],[-88.501788,48.145129],[-88.50119,48.145452],[-88.500722,48.145682],[-88.500329,48.145808],[-88.500067,48.145934],[-88.499546,48.146207],[-88.499276,48.146322],[-88.499129,48.14641],[-88.498817,48.146569],[-88.497851,48.146981],[-88.497049,48.147343],[-88.496664,48.147568],[-88.496164,48.147777],[-88.495697,48.147986],[-88.495361,48.148068],[-88.495017,48.148238],[-88.494927,48.148315],[-88.494895,48.148447],[-88.495026,48.148534],[-88.495887,48.148918],[-88.495928,48.149027],[-88.495928,48.149175],[-88.489494,48.147046]],[[-88.52043,48.13422],[-88.520512,48.134253],[-88.520577,48.134236],[-88.520725,48.134138],[-88.520758,48.134061],[-88.520725,48.134023],[-88.520651,48.134017],[-88.520569,48.134034],[-88.520463,48.134132],[-88.52043,48.13422]],[[-88.517685,48.135299],[-88.517824,48.135266],[-88.51798,48.135157],[-88.518021,48.135074],[-88.517996,48.135025],[-88.517906,48.135009],[-88.517832,48.135014],[-88.517636,48.135146],[-88.51748,48.135178],[-88.517464,48.135222],[-88.517505,48.135283],[-88.51757,48.135305],[-88.517685,48.135299]],[[-88.51449,48.135561],[-88.514547,48.13561],[-88.51467,48.13561],[-88.514743,48.135567],[-88.514817,48.135473],[-88.514817,48.135402],[-88.514719,48.135397],[-88.514596,48.135446],[-88.514481,48.135512],[-88.51449,48.135561]],[[-88.515153,48.136016],[-88.515374,48.135945],[-88.515726,48.135792],[-88.515866,48.135715],[-88.515882,48.135688],[-88.515874,48.135638],[-88.515825,48.135622],[-88.515735,48.135638],[-88.515636,48.135682],[-88.515341,48.135764],[-88.515014,48.135885],[-88.514997,48.135951],[-88.515054,48.136005],[-88.515153,48.136016]],[[-88.513784,48.136608],[-88.513915,48.136608],[-88.514071,48.136575],[-88.514145,48.136515],[-88.514145,48.136466],[-88.514104,48.13646],[-88.514005,48.136498],[-88.513735,48.136537],[-88.513735,48.13657],[-88.513784,48.136608]],[[-88.513022,48.136679],[-88.513055,48.136734],[-88.513178,48.136756],[-88.513301,48.136756],[-88.51335,48.136718],[-88.513333,48.136674],[-88.513252,48.13663],[-88.513058,48.136646],[-88.513055,48.136646],[-88.513022,48.136679]],[[-88.514094,48.137469],[-88.514439,48.137316],[-88.51466,48.137184],[-88.514758,48.137047],[-88.51475,48.136932],[-88.514644,48.136751],[-88.514505,48.136702],[-88.514415,48.136723],[-88.514153,48.136828],[-88.513858,48.13686],[-88.513784,48.136899],[-88.513636,48.137047],[-88.513489,48.137129],[-88.512743,48.137282],[-88.512399,48.13732],[-88.512038,48.137556],[-88.511259,48.137879],[-88.510505,48.138125],[-88.510063,48.138301],[-88.509186,48.13858],[-88.508489,48.138854],[-88.508235,48.138985],[-88.50812,48.139117],[-88.508128,48.13927],[-88.508055,48.139358],[-88.507735,48.139566],[-88.507694,48.139627],[-88.507702,48.139698],[-88.50789,48.139857],[-88.508021,48.139934],[-88.508169,48.13995],[-88.508865,48.139836],[-88.509914,48.139589],[-88.510389,48.139447],[-88.51084,48.139244],[-88.51134,48.138888],[-88.511513,48.1388],[-88.511955,48.138609],[-88.512955,48.138198],[-88.513299,48.138023],[-88.513301,48.138021],[-88.514094,48.137469]],[[-88.510347,48.141108],[-88.510724,48.141026],[-88.510871,48.140944],[-88.51097,48.140906],[-88.510961,48.140867],[-88.510912,48.140835],[-88.510839,48.140834],[-88.510331,48.140927],[-88.510232,48.14096],[-88.510167,48.141021],[-88.51015,48.141075],[-88.510257,48.141114],[-88.510347,48.141108]],[[-88.504349,48.141544],[-88.503964,48.141637],[-88.503628,48.141637],[-88.503275,48.141725],[-88.502997,48.141845],[-88.502915,48.141933],[-88.502857,48.142048],[-88.502881,48.142115],[-88.50289,48.142141],[-88.502972,48.142207],[-88.503086,48.142201],[-88.503291,48.142185],[-88.503562,48.142092],[-88.503734,48.142092],[-88.503996,48.141999],[-88.50416,48.14189],[-88.504422,48.141763],[-88.504644,48.141643],[-88.504644,48.141583],[-88.504562,48.141533],[-88.504496,48.141522],[-88.504349,48.141544]],[[-88.492803,48.146534],[-88.492893,48.146528],[-88.492942,48.146495],[-88.492917,48.146462],[-88.492885,48.146419],[-88.492656,48.146369],[-88.492524,48.146304],[-88.49241,48.146304],[-88.49227,48.146326],[-88.492254,48.146353],[-88.492361,48.146403],[-88.492689,48.146507],[-88.492803,48.146534]]]},"properties":{"name":"Tobin Harbor","zone_type":"Quiet/No-Wake","speed_limit_mph":5,"nps_source_file":"Tobin Harbor.geojson"}},{"type":"Feature","geometry":{"type":"Polygon","coordinates":[[[-88.76452,48.085045],[-88.764397,48.08499],[-88.764209,48.084963],[-88.763808,48.085001],[-88.763424,48.085056],[-88.762842,48.085259],[-88.762408,48.085346],[-88.762179,48.085297],[-88.761869,48.085127],[-88.761828,48.08494],[-88.761828,48.084797],[-88.762123,48.084419],[-88.762442,48.084134],[-88.762745,48.083942],[-88.763212,48.083806],[-88.764038,48.083784],[-88.764178,48.083746],[-88.764227,48.083658],[-88.764284,48.083587],[-88.764423,48.08351],[-88.764669,48.08345],[-88.765258,48.083351],[-88.765848,48.083198],[-88.766642,48.082831],[-88.767059,48.082546],[-88.767444,48.082212],[-88.767551,48.081899],[-88.767739,48.081658],[-88.767993,48.081444],[-88.768329,48.081121],[-88.768501,48.080918],[-88.76873,48.080792],[-88.769205,48.080726],[-88.769729,48.080639],[-88.770424,48.080321],[-88.77094,48.080025],[-88.771431,48.079696],[-88.771955,48.07939],[-88.772013,48.079247],[-88.77194,48.078852],[-88.771776,48.078677],[-88.771596,48.078534],[-88.771621,48.078413],[-88.771727,48.078227],[-88.771727,48.078123],[-88.771637,48.078062],[-88.771376,48.078024],[-88.771179,48.078024],[-88.770827,48.078177],[-88.77032,48.078353],[-88.769771,48.078462],[-88.769149,48.078495],[-88.76901,48.078478],[-88.768896,48.078423],[-88.768683,48.07827],[-88.768692,48.078072],[-88.768724,48.077897],[-88.769142,48.077552],[-88.769691,48.077212],[-88.769797,48.077036],[-88.769953,48.076943],[-88.770624,48.076916],[-88.770869,48.076768],[-88.771156,48.076527],[-88.771295,48.076456],[-88.771254,48.076374],[-88.771131,48.07633],[-88.770902,48.076341],[-88.77073,48.076417],[-88.770493,48.076587],[-88.770337,48.076603],[-88.77028,48.076565],[-88.770248,48.076499],[-88.770256,48.076362],[-88.770354,48.076083],[-88.77087,48.075699],[-88.771009,48.075551],[-88.771042,48.075343],[-88.771198,48.075217],[-88.772122,48.07503],[-88.77236,48.074904],[-88.772622,48.074883],[-88.772884,48.074839],[-88.773072,48.074729],[-88.773497,48.074587],[-88.773743,48.074494],[-88.773727,48.074422],[-88.773612,48.074384],[-88.773358,48.074395],[-88.772843,48.074499],[-88.772368,48.074608],[-88.772041,48.074603],[-88.771935,48.074581],[-88.771845,48.074509],[-88.771788,48.074405],[-88.77182,48.074268],[-88.771992,48.07406],[-88.772189,48.074005],[-88.772352,48.074005],[-88.772549,48.074022],[-88.772966,48.074027],[-88.773146,48.073967],[-88.773359,48.073846],[-88.773932,48.07337],[-88.774366,48.073128],[-88.774439,48.073019],[-88.774325,48.072898],[-88.774161,48.072876],[-88.77385,48.072931],[-88.773417,48.073073],[-88.772852,48.073281],[-88.772361,48.073391],[-88.772148,48.073364],[-88.772009,48.073314],[-88.771764,48.072996],[-88.771764,48.072804],[-88.771838,48.072673],[-88.772452,48.072059],[-88.77269,48.071911],[-88.772951,48.071834],[-88.773786,48.071829],[-88.774056,48.071763],[-88.774171,48.071708],[-88.774277,48.071555],[-88.774269,48.071484],[-88.774138,48.071374],[-88.773917,48.071302],[-88.773533,48.071335],[-88.7726,48.071472],[-88.772453,48.071428],[-88.772363,48.071318],[-88.772273,48.071165],[-88.772101,48.070962],[-88.771987,48.070743],[-88.771938,48.070485],[-88.771995,48.070309],[-88.772143,48.070183],[-88.772585,48.069948],[-88.773076,48.069761],[-88.773501,48.069685],[-88.77373,48.069668],[-88.773943,48.069734],[-88.774286,48.069806],[-88.774589,48.069784],[-88.77535,48.06945],[-88.776496,48.068929],[-88.777134,48.068666],[-88.777511,48.068469],[-88.777658,48.068239],[-88.777683,48.068069],[-88.777806,48.067833],[-88.778027,48.067537],[-88.778493,48.067202],[-88.778919,48.06695],[-88.779263,48.066704],[-88.779827,48.066485],[-88.780343,48.066265],[-88.780981,48.066068],[-88.78148,48.065882],[-88.781693,48.065778],[-88.782086,48.065531],[-88.782446,48.065284],[-88.782822,48.06506],[-88.783567,48.064808],[-88.784262,48.064715],[-88.784966,48.064578],[-88.785547,48.064391],[-88.786087,48.064156],[-88.786643,48.063898],[-88.787265,48.063652],[-88.787519,48.063498],[-88.787813,48.063257],[-88.788607,48.062873],[-88.789245,48.062665],[-88.790047,48.062479],[-88.790521,48.062336],[-88.791609,48.062172],[-88.792444,48.062057],[-88.792967,48.061942],[-88.793155,48.06186],[-88.7939,48.061399],[-88.794677,48.061131],[-88.795266,48.061021],[-88.796027,48.060829],[-88.796641,48.060615],[-88.797099,48.060391],[-88.797409,48.060199],[-88.797655,48.060067],[-88.79853,48.05981],[-88.798596,48.059727],[-88.798841,48.059546],[-88.799749,48.059261],[-88.79997,48.059135],[-88.800175,48.058944],[-88.800445,48.058719],[-88.800845,48.058609],[-88.801483,48.058543],[-88.8019,48.058489],[-88.802244,48.058346],[-88.802964,48.05816],[-88.803463,48.058072],[-88.803995,48.057995],[-88.804215,48.058039],[-88.804338,48.058088],[-88.804575,48.058094],[-88.804755,48.058056],[-88.80496,48.057962],[-88.805262,48.057771],[-88.805573,48.057551],[-88.806048,48.057321],[-88.806677,48.057096],[-88.807275,48.056866],[-88.808142,48.056493],[-88.80869,48.056268],[-88.808943,48.056049],[-88.809442,48.055813],[-88.810006,48.055517],[-88.810448,48.055451],[-88.810841,48.055457],[-88.811029,48.055495],[-88.811135,48.055566],[-88.811217,48.055643],[-88.811241,48.055731],[-88.811356,48.05578],[-88.811773,48.055764],[-88.812738,48.055479],[-88.813311,48.055407],[-88.813556,48.05544],[-88.81381,48.055506],[-88.813916,48.055539],[-88.813973,48.055594],[-88.814284,48.056241],[-88.814317,48.056334],[-88.814325,48.056433],[-88.814268,48.056521],[-88.814096,48.056603],[-88.813638,48.056762],[-88.813466,48.056861],[-88.813278,48.05714],[-88.81201,48.058061],[-88.81201,48.058171],[-88.812076,48.058204],[-88.81219,48.058209],[-88.812468,48.058166],[-88.81291,48.058171],[-88.813155,48.058253],[-88.81327,48.05827],[-88.813433,48.058231],[-88.813703,48.058023],[-88.813949,48.057946],[-88.814227,48.057941],[-88.814382,48.057968],[-88.814652,48.058171],[-88.814897,48.058204],[-88.815094,48.058111],[-88.815135,48.058039],[-88.815176,48.057891],[-88.815405,48.057524],[-88.815634,48.057348],[-88.81592,48.05714],[-88.816402,48.05691],[-88.817024,48.05669],[-88.817229,48.056603],[-88.817613,48.056164],[-88.817932,48.055972],[-88.818243,48.055906],[-88.81848,48.055939],[-88.818905,48.055956],[-88.81924,48.055928],[-88.819821,48.05578],[-88.820786,48.055407],[-88.821907,48.05499],[-88.82234,48.054853],[-88.823035,48.054606],[-88.823526,48.054354],[-88.823829,48.054162],[-88.824,48.054003],[-88.82409,48.053806],[-88.824213,48.053586],[-88.824875,48.05306],[-88.824908,48.052967],[-88.82485,48.052813],[-88.824548,48.052671],[-88.824253,48.052638],[-88.823926,48.052643],[-88.823444,48.052715],[-88.822969,48.052742],[-88.822634,48.052704],[-88.822446,48.052567],[-88.822266,48.052315],[-88.822111,48.051986],[-88.822045,48.0517],[-88.822045,48.051459],[-88.822184,48.051223],[-88.822258,48.051163],[-88.822511,48.050922],[-88.823026,48.050702],[-88.823836,48.050439],[-88.824866,48.050137],[-88.825332,48.050033],[-88.825831,48.049825],[-88.826126,48.049627],[-88.826747,48.049128],[-88.826919,48.049035],[-88.827115,48.048991],[-88.827524,48.048953],[-88.828039,48.048854],[-88.82875,48.048673],[-88.829593,48.048443],[-88.830819,48.048146],[-88.831506,48.047927],[-88.832422,48.047658],[-88.832847,48.047587],[-88.833141,48.04757],[-88.833755,48.047395],[-88.834433,48.047175],[-88.835022,48.047043],[-88.835578,48.046983],[-88.836535,48.046977],[-88.836878,48.046928],[-88.837941,48.046659],[-88.838244,48.046626],[-88.839282,48.046566],[-88.839789,48.0465],[-88.840402,48.046318],[-88.840762,48.046154],[-88.84086,48.046154],[-88.841008,48.046192],[-88.84104,48.046247],[-88.840975,48.046362],[-88.840836,48.046444],[-88.840811,48.04651],[-88.840934,48.046554],[-88.841188,48.046505],[-88.841662,48.046389],[-88.841874,48.046241],[-88.842095,48.046192],[-88.842349,48.046121],[-88.84261,48.046033],[-88.84288,48.045846],[-88.843182,48.045676],[-88.843526,48.045512],[-88.843951,48.045402],[-88.844417,48.045336],[-88.844981,48.045319],[-88.845292,48.045259],[-88.845586,48.045171],[-88.845979,48.044968],[-88.84651,48.044809],[-88.847867,48.044551],[-88.848382,48.044436],[-88.848758,48.044337],[-88.849151,48.04415],[-88.850271,48.04375],[-88.851783,48.043256],[-88.852086,48.043107],[-88.852707,48.042888],[-88.853353,48.042553],[-88.853802,48.042334],[-88.85453,48.042048],[-88.855216,48.041708],[-88.855968,48.041472],[-88.856549,48.041357],[-88.856998,48.041428],[-88.857219,48.041532],[-88.857244,48.041724],[-88.85722,48.041905],[-88.857032,48.042097],[-88.85668,48.042305],[-88.856386,48.042415],[-88.855904,48.042569],[-88.855103,48.042805],[-88.85404,48.043227],[-88.853329,48.043655],[-88.852945,48.04393],[-88.852732,48.044231],[-88.852626,48.044308],[-88.852504,48.044363],[-88.852283,48.044418],[-88.852046,48.044533],[-88.851596,48.044709],[-88.851049,48.04512],[-88.850068,48.045488],[-88.849585,48.045636],[-88.84925,48.045866],[-88.849054,48.046102],[-88.84894,48.046492],[-88.849022,48.046733],[-88.849218,48.046968],[-88.849635,48.047089],[-88.850069,48.047089],[-88.850494,48.046984],[-88.851164,48.046748],[-88.851679,48.046485],[-88.852145,48.046299],[-88.852611,48.04609],[-88.853192,48.045914],[-88.855178,48.045267],[-88.856151,48.04502],[-88.857205,48.044597],[-88.857614,48.044421],[-88.858669,48.044086],[-88.858963,48.044004],[-88.860075,48.043768],[-88.861015,48.043477],[-88.861571,48.043263],[-88.862233,48.042944],[-88.862731,48.042637],[-88.86332,48.042379],[-88.863933,48.042193],[-88.864374,48.042099],[-88.864759,48.042082],[-88.864906,48.042126],[-88.864979,48.042176],[-88.865094,48.042247],[-88.86525,48.042444],[-88.865356,48.042641],[-88.86543,48.042724],[-88.865651,48.043025],[-88.865651,48.043124],[-88.865618,48.043228],[-88.865529,48.043349],[-88.865193,48.04353],[-88.863788,48.044073],[-88.863412,48.044287],[-88.863085,48.044425],[-88.862823,48.044556],[-88.862177,48.044787],[-88.861744,48.044913],[-88.860853,48.045259],[-88.860085,48.045621],[-88.859365,48.04589],[-88.858785,48.046082],[-88.858229,48.046203],[-88.857788,48.046357],[-88.856144,48.046972],[-88.855924,48.047092],[-88.855867,48.047218],[-88.855899,48.047328],[-88.85603,48.047471],[-88.856031,48.047608],[-88.855973,48.047761],[-88.855164,48.048315],[-88.85451,48.048584],[-88.854183,48.048667],[-88.853881,48.048831],[-88.853521,48.048919],[-88.853292,48.04904],[-88.851853,48.049517],[-88.851363,48.049715],[-88.85021,48.050264],[-88.849605,48.0505],[-88.849311,48.050713],[-88.849098,48.050938],[-88.848837,48.051054],[-88.848142,48.051301],[-88.847626,48.051465],[-88.847283,48.051624],[-88.846915,48.051882],[-88.846433,48.052145],[-88.845967,48.052359],[-88.84389,48.052991],[-88.843162,48.053281],[-88.842443,48.053616],[-88.841829,48.053841],[-88.841658,48.053973],[-88.841682,48.054104],[-88.821991,48.062],[-88.821965,48.061998],[-88.821818,48.062047],[-88.821114,48.062228],[-88.820746,48.062475],[-88.82072,48.06251],[-88.817072,48.063973],[-88.817057,48.063978],[-88.816616,48.064093],[-88.816321,48.064186],[-88.815814,48.06435],[-88.815438,48.064499],[-88.815389,48.064586],[-88.815402,48.064642],[-88.76452,48.085045]],[[-88.846553,48.048559],[-88.84715,48.048263],[-88.847387,48.048132],[-88.847444,48.047989],[-88.847444,48.047929],[-88.847403,48.047868],[-88.847248,48.047863],[-88.847003,48.047885],[-88.846651,48.047978],[-88.84643,48.048039],[-88.846185,48.048061],[-88.845482,48.048192],[-88.844493,48.048434],[-88.844272,48.048577],[-88.844182,48.048686],[-88.844182,48.048944],[-88.844158,48.049251],[-88.844002,48.049492],[-88.844002,48.049624],[-88.844076,48.04969],[-88.844191,48.049684],[-88.844403,48.049635],[-88.844894,48.04941],[-88.845417,48.049267],[-88.845891,48.049059],[-88.846079,48.048938],[-88.846341,48.04868],[-88.846553,48.048559]],[[-88.830624,48.050131],[-88.830722,48.050208],[-88.830877,48.050208],[-88.831024,48.050142],[-88.831065,48.050022],[-88.831032,48.049945],[-88.830951,48.049917],[-88.83082,48.049917],[-88.830689,48.050027],[-88.830624,48.050131]],[[-88.806227,48.059679],[-88.806227,48.059723],[-88.806383,48.05975],[-88.806693,48.059679],[-88.806792,48.059591],[-88.806775,48.059487],[-88.806653,48.059454],[-88.806391,48.059487],[-88.806252,48.059596],[-88.806227,48.059679]],[[-88.798841,48.061877],[-88.799119,48.061734],[-88.799315,48.061608],[-88.799348,48.061515],[-88.799266,48.061449],[-88.798847,48.061404],[-88.798497,48.061367],[-88.798342,48.061433],[-88.798243,48.061564],[-88.798243,48.061674],[-88.798366,48.061762],[-88.798464,48.06186],[-88.798611,48.061904],[-88.798841,48.061877]],[[-88.793465,48.06391],[-88.793465,48.06385],[-88.7934,48.063784],[-88.793187,48.063718],[-88.793016,48.063729],[-88.792885,48.06379],[-88.792917,48.063949],[-88.793024,48.064009],[-88.793122,48.064004],[-88.793253,48.064009],[-88.793384,48.063971],[-88.793465,48.06391]],[[-88.812484,48.065074],[-88.812656,48.064981],[-88.81273,48.064926],[-88.81273,48.064866],[-88.812648,48.064839],[-88.812509,48.064833],[-88.812239,48.064871],[-88.81192,48.064998],[-88.811855,48.065063],[-88.811887,48.065107],[-88.812239,48.065107],[-88.812484,48.065074]],[[-88.811094,48.065348],[-88.811086,48.065381],[-88.811135,48.065447],[-88.811364,48.065436],[-88.811429,48.065392],[-88.811437,48.065327],[-88.811347,48.065266],[-88.811176,48.065277],[-88.811094,48.065348]],[[-88.780423,48.069281],[-88.780635,48.069243],[-88.780938,48.069133],[-88.781372,48.068914],[-88.781634,48.068739],[-88.781667,48.068651],[-88.781569,48.06859],[-88.781366,48.068601],[-88.781356,48.068601],[-88.781102,48.068689],[-88.780881,48.068848],[-88.780685,48.068969],[-88.780398,48.0691],[-88.780276,48.06921],[-88.780324,48.069287],[-88.780423,48.069281]],[[-88.7776,48.069373],[-88.777559,48.069231],[-88.777486,48.069154],[-88.777159,48.069181],[-88.776717,48.069357],[-88.776356,48.069603],[-88.776365,48.069795],[-88.776446,48.070075],[-88.776348,48.070201],[-88.776094,48.070311],[-88.775603,48.070464],[-88.775349,48.070628],[-88.7753,48.070914],[-88.775324,48.071127],[-88.775447,48.071215],[-88.775611,48.07121],[-88.775766,48.071166],[-88.776118,48.070919],[-88.77638,48.070749],[-88.776511,48.070706],[-88.776847,48.070612],[-88.777591,48.070596],[-88.777845,48.070525],[-88.778279,48.070289],[-88.778622,48.07007],[-88.778712,48.069972],[-88.778688,48.069834],[-88.778565,48.069791],[-88.778263,48.069752],[-88.77778,48.069768],[-88.777723,48.069719],[-88.777764,48.069653],[-88.778402,48.069604],[-88.7785,48.069538],[-88.778459,48.06944],[-88.778377,48.06939],[-88.778222,48.069374],[-88.777731,48.06939],[-88.7776,48.069373]],[[-88.772739,48.071028],[-88.772772,48.071072],[-88.772952,48.071066],[-88.773378,48.070913],[-88.773402,48.070809],[-88.773361,48.070748],[-88.773173,48.070683],[-88.773149,48.070687],[-88.77296,48.070726],[-88.772788,48.07082],[-88.772731,48.07094],[-88.772739,48.071028]],[[-88.775234,48.07144],[-88.775267,48.071473],[-88.775439,48.0715],[-88.775537,48.071462],[-88.775553,48.07138],[-88.775463,48.071297],[-88.7753,48.071281],[-88.77521,48.071297],[-88.77521,48.071358],[-88.775234,48.07144]],[[-88.77484,48.073973],[-88.774954,48.073946],[-88.775151,48.073874],[-88.775159,48.073831],[-88.775143,48.073781],[-88.775069,48.073759],[-88.775064,48.07376],[-88.774848,48.073809],[-88.774701,48.07388],[-88.77466,48.073935],[-88.774717,48.073962],[-88.77484,48.073973]],[[-88.774046,48.074099],[-88.774038,48.07417],[-88.774095,48.074225],[-88.774283,48.074214],[-88.774455,48.074143],[-88.77448,48.074061],[-88.774439,48.073995],[-88.77421,48.074011],[-88.774046,48.074099]],[[-88.785361,48.075588],[-88.7855,48.075561],[-88.785623,48.075489],[-88.785745,48.07538],[-88.78568,48.075298],[-88.785549,48.075232],[-88.785386,48.075204],[-88.785107,48.075369],[-88.784837,48.075396],[-88.7846,48.075489],[-88.784346,48.075665],[-88.784174,48.075763],[-88.783929,48.075856],[-88.783847,48.075961],[-88.783855,48.076076],[-88.783937,48.076087],[-88.784043,48.076081],[-88.78428,48.075939],[-88.784436,48.075884],[-88.784665,48.075846],[-88.784911,48.075824],[-88.785123,48.075659],[-88.785361,48.075588]],[[-88.783266,48.076487],[-88.783397,48.076481],[-88.783577,48.076383],[-88.783749,48.076235],[-88.783773,48.076136],[-88.783708,48.076076],[-88.783585,48.076065],[-88.783413,48.076119],[-88.783167,48.076251],[-88.783118,48.07635],[-88.783167,48.076465],[-88.783266,48.076487]]]},"properties":{"name":"Todd Harbor","zone_type":"Quiet/No-Wake","speed_limit_mph":5,"nps_source_file":"Todd Harbor.geojson"}},{"type":"Feature","geometry":{"type":"Polygon","coordinates":[[[-89.159648,47.910319],[-89.159555,47.910267],[-89.159271,47.910571],[-89.158194,47.91152],[-89.15799,47.911898],[-89.157476,47.912479],[-89.157255,47.912835],[-89.157255,47.913241],[-89.157157,47.91351],[-89.15692,47.913981],[-89.156585,47.914436],[-89.15639,47.914655],[-89.156316,47.914869],[-89.156389,47.915198],[-89.156845,47.915938],[-89.157432,47.91635],[-89.15762,47.916547],[-89.157474,47.916269],[-89.157443,47.915995],[-89.15747,47.915679],[-89.15758,47.915285],[-89.157737,47.914819],[-89.157945,47.914303],[-89.158367,47.913625],[-89.158856,47.912902],[-89.159259,47.912366],[-89.159501,47.912082],[-89.159746,47.911763],[-89.159921,47.911442],[-89.160054,47.911121],[-89.160088,47.910801],[-89.159937,47.910523],[-89.159648,47.910319]]]},"properties":{"name":"Washington Harbor","zone_type":"No-Wake","speed_limit_mph":5,"nps_source_file":"Washington Harbor.geojson"}},{"type":"Feature","geometry":{"type":"Polygon","coordinates":[[[-88.833827,47.971141],[-88.833737,47.971059],[-88.833566,47.971026],[-88.832553,47.971037],[-88.83226,47.970993],[-88.831949,47.970801],[-88.831949,47.970692],[-88.832031,47.970648],[-88.832227,47.970604],[-88.832537,47.970582],[-88.832578,47.970532],[-88.832561,47.970467],[-88.832463,47.970368],[-88.832088,47.970291],[-88.831818,47.970313],[-88.831679,47.970363],[-88.831622,47.970428],[-88.831671,47.970522],[-88.831606,47.970576],[-88.831484,47.970642],[-88.831459,47.970686],[-88.831451,47.970785],[-88.831271,47.97084],[-88.831182,47.970927],[-88.831067,47.970988],[-88.830341,47.971048],[-88.82954,47.971136],[-88.827303,47.971104],[-88.825899,47.970857],[-88.825825,47.970808],[-88.825792,47.970725],[-88.825841,47.970621],[-88.826201,47.970566],[-88.826339,47.970506],[-88.826813,47.970139],[-88.827229,47.970018],[-88.828381,47.969782],[-88.829083,47.969491],[-88.829311,47.969409],[-88.830054,47.969387],[-88.830185,47.969343],[-88.830609,47.969113],[-88.831156,47.968899],[-88.832356,47.968591],[-88.833328,47.968454],[-88.833549,47.96846],[-88.833541,47.968536],[-88.833402,47.968619],[-88.832936,47.968981],[-88.832667,47.969107],[-88.832716,47.969162],[-88.833965,47.969446],[-88.834161,47.969441],[-88.834366,47.969402],[-88.833827,47.971141]],[[-88.83212,47.96897],[-88.832226,47.969107],[-88.83234,47.969156],[-88.83243,47.969156],[-88.832447,47.969118],[-88.83225,47.968909],[-88.832169,47.968871],[-88.832128,47.968899],[-88.83212,47.96897]]]},"properties":{"name":"Wright Island","zone_type":"Quiet/No-Wake","speed_limit_mph":5,"nps_source_file":"Wright Island.geojson"}}]}