{"type":"FeatureCollection","metadata":{"kind":"vegetation-overview","source_vintage":"2000 NPS vegetation inventory; imagery largely 1994/1996","derived_from":"vegetation-baseline-2000.geojson","derivation":"Source vegetation classes grouped into broad visitor-facing families, dissolved by family, then simplified for overview-scale web display.","feature_count":6,"historical_baseline":true},"features":[{"type":"Feature","geometry":{"type":"GeometryCollection","geometries":[{"type":"LineString","coordinates":[[-89.1784,47.9225],[-89.1783,47.9225]]},{"type":"LineString","coordinates":[[-89.1487,47.9204],[-89.1487,47.9203]]},{"type":"LineString","coordinates":[[-89.1332,47.8371],[-89.1331,47.8371]]},{"type":"LineString","coordinates":[[-89.1449,47.9324],[-89.145,47.9324]]},{"type":"LineString","coordinates":[[-89.2497,47.8736],[-89.2496,47.8736]]},{"type":"LineString","coordinates":[[-89.0885,47.9488],[-89.0884,47.9488]]},{"type":"LineString","coordinates":[[-88.7095,47.9987],[-88.7096,47.9986]]},{"type":"LineString","coordinates":[[-88.6605,48.0441],[-88.6606,48.0441]]},{"type":"LineString","coordinates":[[-88.6212,48.0887],[-88.6212,48.0888]]},{"type":"LineString","coordinates":[[-88.6244,48.1065],[-88.6245,48.1065]]},{"type":"LineString","coordinates":[[-88.5267,48.1626],[-88.5266,48.1626]]},{"type":"LineString","coordinates":[[-89.0395,47.9644],[-89.0396,47.9644]]},{"type":"LineString","coordinates":[[-88.97,48.0071],[-88.9699,48.0071]]},{"type":"LineString","coordinates":[[-89.1218,47.9433],[-89.1217,47.9433]]},{"type":"LineString","coordinates":[[-89.1081,47.9551],[-89.1082,47.9551]]},{"type":"LineString","coordinates":[[-89.0506,47.9715],[-89.0505,47.9715]]},{"type":"LineString","coordinates":[[-88.9547,47.9467],[-88.9546,47.9467]]},{"type":"LineString","coordinates":[[-89.2616,47.8687],[-89.2617,47.8687]]},{"type":"LineString","coordinates":[[-89.1869,47.8737],[-89.187,47.8737]]},{"type":"LineString","coordinates":[[-89.2505,47.8754],[-89.2506,47.8754]]},{"type":"LineString","coordinates":[[-89.1252,47.9243],[-89.1251,47.9243]]},{"type":"LineString","coordinates":[[-89.0966,47.8399],[-89.0965,47.8399]]},{"type":"LineString","coordinates":[[-89.0787,47.8735],[-89.0787,47.8736]]},{"type":"LineString","coordinates":[[-89.0885,47.9498],[-89.0884,47.9498]]},{"type":"LineString","coordinates":[[-89.0644,47.9713],[-89.0645,47.9713]]},{"type":"LineString","coordinates":[[-89.0161,47.864],[-89.0162,47.864]]},{"type":"LineString","coordinates":[[-89.0272,47.8837],[-89.0271,47.8837]]},{"type":"LineString","coordinates":[[-89.0109,47.9427],[-89.011,47.9427]]},{"type":"LineString","coordinates":[[-88.9815,47.9521],[-88.9816,47.9521]]},{"type":"LineString","coordinates":[[-88.7876,47.985],[-88.7877,47.985]]},{"type":"LineString","coordinates":[[-88.7627,48.0039],[-88.7628,48.0039]]},{"type":"LineString","coordinates":[[-88.67,48.0174],[-88.6699,48.0174]]},{"type":"LineString","coordinates":[[-88.6874,48.0194],[-88.6873,48.0194]]},{"type":"LineString","coordinates":[[-88.7173,48.032],[-88.7172,48.032]]},{"type":"LineString","coordinates":[[-88.7233,48.0716],[-88.7233,48.0715]]},{"type":"LineString","coordinates":[[-88.6734,48.0113],[-88.6735,48.0113]]},{"type":"LineString","coordinates":[[-88.6419,48.0271],[-88.6418,48.0271]]},{"type":"LineString","coordinates":[[-88.6515,48.1244],[-88.6516,48.1244]]},{"type":"LineString","coordinates":[[-88.6222,48.1342],[-88.6221,48.1342]]},{"type":"LineString","coordinates":[[-88.5984,48.1586],[-88.5985,48.1586]]},{"type":"LineString","coordinates":[[-88.5519,48.1382],[-88.552,48.1382]]},{"type":"LineString","coordinates":[[-88.5015,48.1552],[-88.5014,48.1552]]},{"type":"LineString","coordinates":[[-88.4781,48.152],[-88.4782,48.152]]},{"type":"LineString","coordinates":[[-88.6349,48.0558],[-88.6348,48.0558]]},{"type":"LineString","coordinates":[[-89.1521,47.9262],[-89.1522,47.9262]]},{"type":"LineString","coordinates":[[-89.0546,47.862],[-89.0545,47.862]]},{"type":"LineString","coordinates":[[-89.0441,47.8656],[-89.044,47.8656]]},{"type":"LineString","coordinates":[[-89.0409,47.8721],[-89.041,47.8721]]},{"type":"LineString","coordinates":[[-89.0523,47.8778],[-89.0522,47.8778]]},{"type":"LineString","coordinates":[[-88.9822,47.9175],[-88.9823,47.9175]]},{"type":"LineString","coordinates":[[-88.966,47.8792],[-88.966,47.8791]]},{"type":"LineString","coordinates":[[-88.951,48.0064],[-88.9511,48.0064]]},{"type":"LineString","coordinates":[[-88.6868,48.0165],[-88.6867,48.0165]]},{"type":"LineString","coordinates":[[-88.6867,48.0165],[-88.6866,48.0165]]},{"type":"LineString","coordinates":[[-88.6918,48.0177],[-88.6919,48.0177]]},{"type":"LineString","coordinates":[[-88.6837,48.0774],[-88.6836,48.0774]]},{"type":"LineString","coordinates":[[-88.6155,48.1252],[-88.6154,48.1252]]},{"type":"LineString","coordinates":[[-88.5013,48.1599],[-88.5012,48.1599]]},{"type":"LineString","coordinates":[[-88.5145,48.1588],[-88.5146,48.1588]]},{"type":"LineString","coordinates":[[-89.0303,47.9043],[-89.0304,47.9043]]},{"type":"LineString","coordinates":[[-88.7177,47.9974],[-88.7178,47.9974]]},{"type":"LineString","coordinates":[[-89.0152,47.8759],[-89.0151,47.8759]]},{"type":"LineString","coordinates":[[-88.9558,47.9377],[-88.9559,47.9377]]},{"type":"LineString","coordinates":[[-89.0878,47.9552],[-89.0879,47.9552]]},{"type":"LineString","coordinates":[[-89.0504,47.8611],[-89.0505,47.8611]]},{"type":"LineString","coordinates":[[-88.9934,47.8855],[-88.9935,47.8855]]},{"type":"LineString","coordinates":[[-88.9902,47.9147],[-88.9901,47.9147]]},{"type":"LineString","coordinates":[[-88.886,47.9926],[-88.886,47.9925]]},{"type":"LineString","coordinates":[[-88.9083,47.9977],[-88.9082,47.9977]]},{"type":"LineString","coordinates":[[-88.8375,48.0365],[-88.8375,48.0366]]},{"type":"LineString","coordinates":[[-88.8177,47.9232],[-88.8176,47.9232]]},{"type":"LineString","coordinates":[[-88.8525,47.9896],[-88.8526,47.9896]]},{"type":"LineString","coordinates":[[-88.774,47.9908],[-88.774,47.9907]]},{"type":"LineString","coordinates":[[-88.7725,47.9911],[-88.7726,47.9911]]},{"type":"LineString","coordinates":[[-88.7773,48.0386],[-88.7772,48.0386]]},{"type":"LineString","coordinates":[[-88.7853,48.0466],[-88.7854,48.0465]]},{"type":"LineString","coordinates":[[-88.7226,48.0127],[-88.7225,48.0127]]},{"type":"LineString","coordinates":[[-88.7119,48.0027],[-88.7118,48.0027]]},{"type":"LineString","coordinates":[[-88.7086,48.0015],[-88.7086,48.0014]]},{"type":"LineString","coordinates":[[-88.7084,48.0165],[-88.7083,48.0165]]},{"type":"LineString","coordinates":[[-88.7017,48.0212],[-88.7016,48.0212]]},{"type":"LineString","coordinates":[[-88.7125,48.0754],[-88.7124,48.0754]]},{"type":"LineString","coordinates":[[-88.6882,48.1101],[-88.6881,48.1101]]},{"type":"LineString","coordinates":[[-88.6628,48.0235],[-88.6629,48.0235]]},{"type":"LineString","coordinates":[[-88.6554,48.0599],[-88.6553,48.0599]]},{"type":"LineString","coordinates":[[-88.6668,48.0741],[-88.6667,48.0741]]},{"type":"LineString","coordinates":[[-88.6685,48.0795],[-88.6684,48.0796]]},{"type":"LineString","coordinates":[[-88.6674,48.115],[-88.6675,48.115]]},{"type":"LineString","coordinates":[[-88.6286,48.0348],[-88.6286,48.0349]]},{"type":"LineString","coordinates":[[-88.6049,48.0541],[-88.605,48.0541]]},{"type":"LineString","coordinates":[[-88.6054,48.1284],[-88.6055,48.1284]]},{"type":"LineString","coordinates":[[-88.5707,48.1341],[-88.5706,48.1341]]},{"type":"LineString","coordinates":[[-88.4282,48.1763],[-88.4283,48.1763]]},{"type":"LineString","coordinates":[[-88.669,48.0604],[-88.6689,48.0604]]},{"type":"LineString","coordinates":[[-88.3466,48.2363],[-88.3467,48.2363]]},{"type":"Polygon","coordinates":[[[-89.1357,47.8365],[-89.1355,47.838],[-89.1341,47.8372],[-89.1319,47.8367],[-89.1357,47.8365]]]},{"type":"Polygon","coordinates":[[[-89.1343,47.8384],[-89.1331,47.8376],[-89.1352,47.8382],[-89.1343,47.8384]]]},{"type":"Polygon","coordinates":[[[-89.1708,47.8407],[-89.1722,47.8394],[-89.1742,47.8405],[-89.1708,47.8407]]]},{"type":"Polygon","coordinates":[[[-89.1936,47.8438],[-89.1926,47.8438],[-89.1929,47.8429],[-89.1936,47.8438]]]},{"type":"Polygon","coordinates":[[[-89.1956,47.8459],[-89.1972,47.8479],[-89.196,47.8471],[-89.1956,47.8459]]]},{"type":"Polygon","coordinates":[[[-89.1903,47.8464],[-89.1978,47.852],[-89.1976,47.8527],[-89.1903,47.8479],[-89.1872,47.8436],[-89.1899,47.8436],[-89.1903,47.8464]]]},{"type":"Polygon","coordinates":[[[-89.2013,47.8506],[-89.1998,47.8497],[-89.1982,47.8488],[-89.1999,47.8496],[-89.2013,47.8506]]]},{"type":"Polygon","coordinates":[[[-89.1473,47.8576],[-89.1458,47.8588],[-89.1436,47.8584],[-89.1445,47.8591],[-89.142,47.8584],[-89.1432,47.8566],[-89.1473,47.8576]]]},{"type":"Polygon","coordinates":[[[-89.1427,47.8597],[-89.1446,47.8595],[-89.146,47.8601],[-89.1427,47.8597]]]},{"type":"Polygon","coordinates":[[[-89.1517,47.8644],[-89.1495,47.8627],[-89.1522,47.8633],[-89.1517,47.8644]]]},{"type":"Polygon","coordinates":[[[-89.1135,47.8632],[-89.1141,47.8646],[-89.108,47.865],[-89.1104,47.8632],[-89.1135,47.8632]]]},{"type":"Polygon","coordinates":[[[-89.1224,47.8635],[-89.1223,47.8646],[-89.1218,47.8647],[-89.1224,47.8635]]]},{"type":"Polygon","coordinates":[[[-89.2233,47.8645],[-89.2219,47.8656],[-89.2217,47.8654],[-89.2226,47.8645],[-89.2228,47.8644],[-89.2233,47.8645]]]},{"type":"Polygon","coordinates":[[[-89.1279,47.8632],[-89.1428,47.8647],[-89.1403,47.8671],[-89.1374,47.8674],[-89.1246,47.8671],[-89.1225,47.8654],[-89.123,47.8639],[-89.1279,47.8632]],[[-89.1394,47.8664],[-89.1393,47.8663],[-89.1393,47.8664],[-89.1394,47.8664]]]},{"type":"Polygon","coordinates":[[[-89.2195,47.8665],[-89.2184,47.8659],[-89.2193,47.8658],[-89.2195,47.8665]]]},{"type":"Polygon","coordinates":[[[-89.2673,47.8659],[-89.2655,47.8669],[-89.2641,47.8671],[-89.2658,47.8659],[-89.2673,47.8659]]]},{"type":"Polygon","coordinates":[[[-89.0802,47.867],[-89.0787,47.8666],[-89.0816,47.8664],[-89.0802,47.867]]]},{"type":"Polygon","coordinates":[[[-89.1011,47.8668],[-89.1025,47.867],[-89.1006,47.8673],[-89.1011,47.8668]]]},{"type":"Polygon","coordinates":[[[-89.2053,47.8649],[-89.2057,47.8669],[-89.2043,47.8688],[-89.2041,47.8683],[-89.199,47.8694],[-89.1957,47.872],[-89.1848,47.8741],[-89.1799,47.8735],[-89.1838,47.8704],[-89.188,47.8699],[-89.19,47.8683],[-89.2053,47.8649]],[[-89.1931,47.8699],[-89.1892,47.8702],[-89.1886,47.8709],[-89.1931,47.8699]],[[-89.1936,47.868],[-89.1932,47.8681],[-89.1935,47.8681],[-89.1936,47.868]]]},{"type":"Polygon","coordinates":[[[-89.1993,47.8695],[-89.2042,47.8692],[-89.197,47.8714],[-89.1993,47.8695]]]},{"type":"Polygon","coordinates":[[[-89.1156,47.8734],[-89.1163,47.8722],[-89.1167,47.8728],[-89.1156,47.8734]]]},{"type":"Polygon","coordinates":[[[-89.2496,47.873],[-89.2593,47.8711],[-89.2519,47.8724],[-89.2472,47.8722],[-89.246,47.8741],[-89.2482,47.8738],[-89.2505,47.8754],[-89.2443,47.8758],[-89.2398,47.8778],[-89.2367,47.877],[-89.2402,47.8758],[-89.2389,47.8745],[-89.2341,47.8749],[-89.2361,47.8735],[-89.2477,47.8709],[-89.2478,47.8716],[-89.2561,47.8684],[-89.2616,47.8687],[-89.2624,47.8702],[-89.2579,47.873],[-89.2556,47.8763],[-89.2514,47.8758],[-89.247,47.8776],[-89.2448,47.8772],[-89.251,47.8757],[-89.2497,47.8736],[-89.2508,47.8734],[-89.2496,47.873]],[[-89.2599,47.8708],[-89.2604,47.871],[-89.2604,47.8709],[-89.2599,47.8708]],[[-89.2533,47.873],[-89.2522,47.8735],[-89.2535,47.873],[-89.2533,47.873]],[[-89.2526,47.8743],[-89.2573,47.873],[-89.2554,47.8725],[-89.2526,47.8743]],[[-89.2609,47.8701],[-89.2613,47.8707],[-89.2617,47.8702],[-89.2609,47.8701]],[[-89.2598,47.8694],[-89.2562,47.8708],[-89.2498,47.8717],[-89.2564,47.8712],[-89.2598,47.8694]],[[-89.2444,47.8727],[-89.2404,47.8728],[-89.2381,47.8736],[-89.241,47.8741],[-89.2444,47.8727]],[[-89.2367,47.8744],[-89.2365,47.8736],[-89.2355,47.874],[-89.2367,47.8744]],[[-89.2422,47.8753],[-89.2427,47.8757],[-89.2431,47.8752],[-89.2422,47.8753]]]},{"type":"Polygon","coordinates":[[[-89.0867,47.8755],[-89.0873,47.8747],[-89.0879,47.8749],[-89.0867,47.8755]]]},{"type":"Polygon","coordinates":[[[-89.2329,47.8756],[-89.232,47.8764],[-89.2331,47.877],[-89.2253,47.8776],[-89.2329,47.8756]]]},{"type":"Polygon","coordinates":[[[-89.102,47.8768],[-89.1005,47.8775],[-89.1004,47.877],[-89.102,47.8768]]]},{"type":"Polygon","coordinates":[[[-89.2312,47.8785],[-89.2351,47.8773],[-89.2336,47.8787],[-89.2312,47.8785]]]},{"type":"Polygon","coordinates":[[[-89.2237,47.88],[-89.2271,47.8791],[-89.2263,47.8797],[-89.2237,47.88]]]},{"type":"Polygon","coordinates":[[[-89.0878,47.8794],[-89.0821,47.8806],[-89.0816,47.8802],[-89.0878,47.8794]]]},{"type":"Polygon","coordinates":[[[-89.2234,47.8801],[-89.2195,47.8834],[-89.2162,47.8841],[-89.2149,47.8848],[-89.2148,47.8847],[-89.2161,47.8838],[-89.2151,47.8824],[-89.2183,47.8803],[-89.2179,47.8815],[-89.2203,47.8799],[-89.2234,47.8801]],[[-89.2199,47.8819],[-89.2205,47.8809],[-89.2196,47.8818],[-89.2199,47.8819]],[[-89.217,47.8833],[-89.2178,47.8823],[-89.2173,47.8823],[-89.217,47.8833]]]},{"type":"Polygon","coordinates":[[[-89.2191,47.8862],[-89.2194,47.8866],[-89.2186,47.8865],[-89.2191,47.8862]]]},{"type":"Polygon","coordinates":[[[-89.215,47.888],[-89.2139,47.8876],[-89.2154,47.8874],[-89.215,47.888]]]},{"type":"Polygon","coordinates":[[[-89.2402,47.8908],[-89.2426,47.8887],[-89.2394,47.8895],[-89.2389,47.8892],[-89.24,47.8881],[-89.239,47.887],[-89.2406,47.8858],[-89.243,47.8853],[-89.2429,47.8871],[-89.246,47.8867],[-89.2471,47.8878],[-89.247,47.8886],[-89.2432,47.8906],[-89.2402,47.8908]],[[-89.2463,47.8886],[-89.2435,47.8879],[-89.2446,47.8872],[-89.2415,47.8875],[-89.2417,47.8885],[-89.2463,47.8886]],[[-89.2411,47.8864],[-89.2423,47.887],[-89.2423,47.8864],[-89.2411,47.8864]],[[-89.2399,47.8891],[-89.2408,47.8884],[-89.2397,47.8889],[-89.2399,47.8891]]]},{"type":"Polygon","coordinates":[[[-89.0666,47.8876],[-89.0684,47.8861],[-89.0732,47.8857],[-89.0759,47.8872],[-89.0786,47.8868],[-89.0746,47.886],[-89.0762,47.8863],[-89.0781,47.886],[-89.0823,47.8879],[-89.0808,47.8878],[-89.0811,47.8886],[-89.0832,47.8875],[-89.0853,47.8897],[-89.0757,47.8903],[-89.0666,47.8876]],[[-89.0766,47.8886],[-89.0694,47.8876],[-89.0769,47.889],[-89.0766,47.8886]]]},{"type":"Polygon","coordinates":[[[-89.1118,47.8901],[-89.1081,47.8876],[-89.1126,47.8884],[-89.1118,47.8901]]]},{"type":"Polygon","coordinates":[[[-89.1054,47.8896],[-89.1058,47.8886],[-89.1068,47.8899],[-89.1054,47.8896]]]},{"type":"Polygon","coordinates":[[[-89.1111,47.8863],[-89.1173,47.8896],[-89.1225,47.8904],[-89.125,47.8929],[-89.1215,47.8917],[-89.122,47.8909],[-89.1212,47.8905],[-89.121,47.8917],[-89.1198,47.8911],[-89.1144,47.8908],[-89.1144,47.8895],[-89.1159,47.889],[-89.1132,47.8892],[-89.1143,47.8881],[-89.1101,47.8865],[-89.1111,47.8863]]]},{"type":"Polygon","coordinates":[[[-89.1095,47.8897],[-89.1108,47.8902],[-89.112,47.8932],[-89.1095,47.892],[-89.1095,47.8897]]]},{"type":"Polygon","coordinates":[[[-89.2374,47.8896],[-89.2326,47.8948],[-89.2293,47.8959],[-89.2255,47.8956],[-89.2244,47.8939],[-89.2289,47.8894],[-89.2331,47.8881],[-89.2374,47.8896]],[[-89.2335,47.893],[-89.2267,47.8944],[-89.2265,47.8951],[-89.2335,47.893]],[[-89.2317,47.891],[-89.2336,47.8909],[-89.2338,47.8906],[-89.2317,47.891]]]},{"type":"Polygon","coordinates":[[[-89.1195,47.8922],[-89.12,47.8916],[-89.1212,47.8925],[-89.1195,47.8922]]]},{"type":"Polygon","coordinates":[[[-89.1096,47.8951],[-89.1111,47.8959],[-89.1093,47.8954],[-89.1096,47.8951]]]},{"type":"Polygon","coordinates":[[[-89.1972,47.9009],[-89.1899,47.9034],[-89.1889,47.902],[-89.1962,47.8995],[-89.1954,47.9004],[-89.1972,47.9009]]]},{"type":"Polygon","coordinates":[[[-89.1503,47.9036],[-89.1501,47.9026],[-89.153,47.9027],[-89.1525,47.9035],[-89.1503,47.9036]]]},{"type":"Polygon","coordinates":[[[-89.1375,47.9055],[-89.1343,47.904],[-89.137,47.9042],[-89.1375,47.9055]]]},{"type":"Polygon","coordinates":[[[-89.1299,47.9051],[-89.1339,47.9046],[-89.1345,47.9052],[-89.1299,47.9051]]]},{"type":"Polygon","coordinates":[[[-89.1382,47.9054],[-89.14,47.9049],[-89.1401,47.9056],[-89.1382,47.9054]]]},{"type":"Polygon","coordinates":[[[-89.2095,47.9062],[-89.2105,47.9062],[-89.2094,47.9064],[-89.2095,47.9062]]]},{"type":"Polygon","coordinates":[[[-89.1235,47.9071],[-89.1283,47.9058],[-89.1296,47.9064],[-89.1254,47.9076],[-89.1235,47.9071]]]},{"type":"Polygon","coordinates":[[[-89.1341,47.9068],[-89.1375,47.9068],[-89.1375,47.9069],[-89.1341,47.9068]]]},{"type":"Polygon","coordinates":[[[-89.1663,47.9077],[-89.175,47.904],[-89.1726,47.9088],[-89.1664,47.9104],[-89.1663,47.9077]],[[-89.1686,47.908],[-89.1698,47.9079],[-89.171,47.9073],[-89.17045,47.90705],[-89.1686,47.908]]]},{"type":"Polygon","coordinates":[[[-89.2085,47.9159],[-89.2087,47.9141],[-89.21,47.9149],[-89.2085,47.9159]]]},{"type":"Polygon","coordinates":[[[-89.1507,47.9199],[-89.1527,47.9172],[-89.1558,47.9173],[-89.1507,47.9199]]]},{"type":"Polygon","coordinates":[[[-89.1882,47.9199],[-89.1859,47.9204],[-89.187,47.9196],[-89.1882,47.9199]]]},{"type":"Polygon","coordinates":[[[-89.133,47.9252],[-89.1342,47.9245],[-89.1358,47.9249],[-89.1346,47.9267],[-89.133,47.9252]]]},{"type":"Polygon","coordinates":[[[-89.085,47.9339],[-89.0896,47.9354],[-89.0837,47.9352],[-89.085,47.9339]]]},{"type":"Polygon","coordinates":[[[-89.1599,47.9381],[-89.1601,47.9374],[-89.1607,47.9374],[-89.1599,47.9381]]]},{"type":"Polygon","coordinates":[[[-89.111,47.943],[-89.1127,47.9436],[-89.1049,47.9463],[-89.1041,47.9458],[-89.1054,47.9449],[-89.1033,47.945],[-89.1099,47.9406],[-89.1125,47.9404],[-89.1133,47.9416],[-89.111,47.943]]]},{"type":"Polygon","coordinates":[[[-89.0837,47.9486],[-89.0798,47.9483],[-89.0851,47.9474],[-89.0837,47.9486]]]},{"type":"Polygon","coordinates":[[[-89.0675,47.9501],[-89.077,47.9473],[-89.0755,47.9489],[-89.0675,47.9501]]]},{"type":"Polygon","coordinates":[[[-89.114,47.9512],[-89.1116,47.9528],[-89.1107,47.9522],[-89.114,47.9512]]]},{"type":"Polygon","coordinates":[[[-89.074,47.9527],[-89.0729,47.952],[-89.0741,47.9521],[-89.074,47.9527]]]},{"type":"Polygon","coordinates":[[[-89.0874,47.9488],[-89.0829,47.9514],[-89.0876,47.9503],[-89.0858,47.953],[-89.079,47.9523],[-89.0773,47.9531],[-89.081,47.953],[-89.0774,47.9555],[-89.0645,47.959],[-89.0628,47.9579],[-89.0686,47.9552],[-89.0658,47.9543],[-89.0685,47.952],[-89.072,47.9526],[-89.0696,47.9547],[-89.0727,47.9543],[-89.0687,47.9565],[-89.0745,47.9547],[-89.073,47.9541],[-89.0735,47.9531],[-89.0874,47.9488]]]},{"type":"Polygon","coordinates":[[[-89.0868,47.9567],[-89.0876,47.9563],[-89.0876,47.9569],[-89.0868,47.9567]]]},{"type":"Polygon","coordinates":[[[-89.0305,47.8574],[-89.0282,47.8576],[-89.0305,47.8571],[-89.0305,47.8574]]]},{"type":"Polygon","coordinates":[[[-89.1683,47.8295],[-89.1693,47.8289],[-89.1711,47.8303],[-89.171,47.8291],[-89.1733,47.8283],[-89.179,47.8311],[-89.1895,47.8319],[-89.1929,47.8337],[-89.192,47.8387],[-89.1908,47.8366],[-89.1892,47.8373],[-89.1872,47.8363],[-89.1894,47.8355],[-89.1901,47.8343],[-89.189,47.8341],[-89.1864,47.8354],[-89.1861,47.8385],[-89.1832,47.8384],[-89.1838,47.8355],[-89.1803,47.8356],[-89.1814,47.8374],[-89.1782,47.8376],[-89.1769,47.8398],[-89.1751,47.8399],[-89.1705,47.8374],[-89.1645,47.8395],[-89.1657,47.8368],[-89.1628,47.8376],[-89.1639,47.8382],[-89.1622,47.8393],[-89.159,47.8378],[-89.1559,47.8386],[-89.1479,47.8374],[-89.1451,47.8386],[-89.1355,47.8342],[-89.1348,47.8356],[-89.1307,47.8363],[-89.123,47.8352],[-89.1231,47.8371],[-89.1191,47.8404],[-89.122,47.8403],[-89.121,47.8395],[-89.1226,47.8381],[-89.1307,47.8375],[-89.1296,47.8398],[-89.1333,47.8408],[-89.137,47.8394],[-89.1373,47.8404],[-89.1418,47.8396],[-89.1443,47.8406],[-89.1482,47.8399],[-89.1522,47.8416],[-89.1534,47.8394],[-89.1544,47.8396],[-89.1532,47.8421],[-89.154,47.8428],[-89.1552,47.8407],[-89.1597,47.8403],[-89.1651,47.8423],[-89.1611,47.84],[-89.1682,47.8406],[-89.1704,47.8394],[-89.1693,47.8405],[-89.1707,47.8416],[-89.1796,47.8409],[-89.1809,47.8418],[-89.1803,47.8425],[-89.1804,47.8431],[-89.1827,47.8375],[-89.1831,47.8388],[-89.1908,47.8394],[-89.1912,47.8414],[-89.1861,47.8425],[-89.1859,47.8408],[-89.1844,47.8409],[-89.1841,47.8423],[-89.1858,47.8428],[-89.1794,47.8447],[-89.1792,47.8466],[-89.1745,47.8463],[-89.1758,47.8479],[-89.18,47.8473],[-89.1789,47.8487],[-89.1739,47.8495],[-89.1666,47.8533],[-89.1596,47.8551],[-89.1574,47.8546],[-89.1567,47.8561],[-89.151,47.8551],[-89.1367,47.8559],[-89.1351,47.8573],[-89.1378,47.8579],[-89.1331,47.8594],[-89.131,47.8591],[-89.13,47.8572],[-89.127,47.8568],[-89.1264,47.8585],[-89.1163,47.8593],[-89.0917,47.8658],[-89.0749,47.866],[-89.0744,47.8682],[-89.0767,47.8662],[-89.0781,47.8667],[-89.0758,47.8685],[-89.0755,47.8703],[-89.0775,47.8688],[-89.0846,47.8698],[-89.0901,47.8676],[-89.0997,47.8678],[-89.0943,47.8697],[-89.0819,47.8711],[-89.0884,47.872],[-89.0872,47.8729],[-89.0704,47.8735],[-89.0683,47.8724],[-89.067,47.8738],[-89.0682,47.8719],[-89.0674,47.8714],[-89.0649,47.8723],[-89.066,47.8727],[-89.0648,47.8737],[-89.0654,47.8755],[-89.0625,47.8769],[-89.0617,47.8764],[-89.0628,47.8758],[-89.0634,47.8749],[-89.0621,47.8741],[-89.0646,47.8732],[-89.0546,47.8739],[-89.0529,47.8753],[-89.0479,47.8756],[-89.0433,47.8769],[-89.0434,47.8781],[-89.0399,47.8791],[-89.033,47.8795],[-89.0368,47.88],[-89.043,47.8844],[-89.0405,47.8843],[-89.0418,47.8841],[-89.0362,47.8806],[-89.0322,47.8809],[-89.0302,47.8819],[-89.0354,47.8818],[-89.0365,47.8825],[-89.0292,47.8832],[-89.0332,47.8868],[-89.0299,47.8886],[-89.0279,47.8877],[-89.0295,47.8879],[-89.0288,47.8865],[-89.03,47.8873],[-89.0299,47.8859],[-89.0308,47.8871],[-89.0306,47.8858],[-89.0293,47.8838],[-89.0273,47.884],[-89.0276,47.8832],[-89.0268,47.883],[-89.0244,47.8838],[-89.0256,47.8846],[-89.0228,47.8848],[-89.0246,47.8852],[-89.0228,47.8855],[-89.0246,47.8868],[-89.0216,47.8862],[-89.0214,47.8852],[-89.0122,47.8872],[-89.011,47.8884],[-89.013,47.8901],[-89.011,47.8898],[-89.0111,47.891],[-89.0068,47.8914],[-89.0028,47.89],[-89.0055,47.8885],[-89.0075,47.8891],[-89.0063,47.8879],[-89.0009,47.8891],[-89.0026,47.889],[-89.0027,47.8905],[-89.0047,47.8919],[-89.0052,47.8913],[-89.0064,47.8917],[-89.0055,47.8917],[-89.0061,47.893],[-89.0007,47.8898],[-88.9781,47.8951],[-88.9713,47.8948],[-88.9668,47.8928],[-88.9571,47.8942],[-88.9643,47.8913],[-88.9772,47.8891],[-88.9724,47.891],[-88.9742,47.8914],[-88.9804,47.889],[-88.976,47.888],[-88.9623,47.8907],[-88.9778,47.886],[-88.977,47.8839],[-88.9735,47.8824],[-88.9701,47.8849],[-88.9687,47.8842],[-88.9613,47.8863],[-88.9584,47.89],[-88.9612,47.8906],[-88.959,47.8919],[-88.9522,47.8903],[-88.9223,47.8978],[-88.9023,47.902],[-88.8991,47.9019],[-88.8997,47.9003],[-88.9041,47.8996],[-88.9036,47.8988],[-88.9052,47.8982],[-88.9044,47.8976],[-88.9113,47.8968],[-88.9089,47.8962],[-88.9121,47.8943],[-88.9108,47.8942],[-88.9104,47.8947],[-88.908,47.8952],[-88.9079,47.895],[-88.9168,47.8919],[-88.9124,47.8932],[-88.9139,47.8922],[-88.9229,47.8893],[-88.933,47.8868],[-88.9317,47.886],[-88.9337,47.8867],[-88.9371,47.8857],[-88.9388,47.8847],[-88.9373,47.8843],[-88.9504,47.8796],[-88.9708,47.8751],[-88.997,47.8665],[-89.0021,47.8655],[-89.0013,47.8663],[-89.0032,47.8663],[-89.0036,47.865],[-89.0133,47.8631],[-89.0172,47.8604],[-89.0233,47.8586],[-89.028,47.8578],[-89.0249,47.8589],[-89.0266,47.8595],[-89.0283,47.8582],[-89.0318,47.8584],[-89.0306,47.8579],[-89.0328,47.8565],[-89.0427,47.8563],[-89.0534,47.8535],[-89.054,47.8544],[-89.0557,47.8536],[-89.0539,47.8535],[-89.0641,47.8489],[-89.0732,47.8473],[-89.0755,47.8486],[-89.0767,47.8475],[-89.0753,47.848],[-89.0747,47.847],[-89.084,47.8452],[-89.0854,47.8439],[-89.0868,47.8445],[-89.0877,47.8443],[-89.0861,47.8435],[-89.0874,47.842],[-89.094,47.8409],[-89.0952,47.8419],[-89.0955,47.8408],[-89.0968,47.841],[-89.0985,47.8402],[-89.0964,47.8407],[-89.0952,47.8406],[-89.1012,47.8376],[-89.106,47.8378],[-89.1089,47.8358],[-89.1104,47.8365],[-89.1102,47.8376],[-89.1162,47.8374],[-89.1172,47.8364],[-89.1163,47.835],[-89.1102,47.8356],[-89.1092,47.8354],[-89.1168,47.8327],[-89.1199,47.8281],[-89.1254,47.8291],[-89.1361,47.8277],[-89.146,47.8283],[-89.1494,47.8266],[-89.1505,47.8274],[-89.1495,47.8289],[-89.1518,47.8293],[-89.1493,47.8296],[-89.1546,47.8305],[-89.1569,47.8298],[-89.1573,47.828],[-89.1512,47.8265],[-89.1616,47.8238],[-89.164,47.8249],[-89.1621,47.8249],[-89.1611,47.8269],[-89.1642,47.8282],[-89.1591,47.8294],[-89.1605,47.8315],[-89.1694,47.8305],[-89.1683,47.8295]],[[-89.1693,47.833],[-89.1711,47.8336],[-89.1688,47.8324],[-89.1693,47.833]],[[-89.1734,47.8359],[-89.1747,47.835],[-89.1757,47.8352],[-89.1738,47.8346],[-89.1734,47.8359]],[[-89.1617,47.8357],[-89.1579,47.8338],[-89.154,47.8346],[-89.1568,47.8363],[-89.1617,47.8357]],[[-89.1513,47.8344],[-89.1491,47.8355],[-89.1473,47.8359],[-89.1502,47.8369],[-89.1493,47.8358],[-89.1513,47.8344]],[[-89.1492,47.8341],[-89.1484,47.8329],[-89.1477,47.8337],[-89.1492,47.8341]],[[-89.1718,47.8333],[-89.1763,47.8329],[-89.1777,47.8336],[-89.1758,47.8323],[-89.1718,47.8333]],[[-89.173,47.8345],[-89.1731,47.8347],[-89.1731,47.8346],[-89.173,47.8345]],[[-89.1645,47.8465],[-89.1646,47.8466],[-89.1645,47.8464],[-89.1645,47.8465]],[[-89.17,47.8441],[-89.1692,47.8445],[-89.1686,47.8457],[-89.1695,47.845],[-89.17,47.8441]],[[-89.1603,47.8434],[-89.1596,47.8443],[-89.161,47.8439],[-89.1603,47.8434]],[[-89.1578,47.8487],[-89.1599,47.8484],[-89.1599,47.8477],[-89.1578,47.8487]],[[-89.1612,47.8484],[-89.1562,47.85],[-89.1536,47.8528],[-89.1523,47.8514],[-89.1479,47.8532],[-89.1456,47.8521],[-89.1337,47.8517],[-89.1379,47.8506],[-89.1304,47.8503],[-89.1288,47.8511],[-89.1326,47.8517],[-89.1248,47.853],[-89.123,47.8542],[-89.1314,47.853],[-89.1324,47.853],[-89.1312,47.8536],[-89.1397,47.8536],[-89.1328,47.8529],[-89.1436,47.8524],[-89.146,47.8532],[-89.1427,47.8538],[-89.1453,47.8535],[-89.1468,47.8537],[-89.143,47.8548],[-89.1343,47.8548],[-89.1338,47.8552],[-89.1473,47.855],[-89.1511,47.8539],[-89.148,47.8535],[-89.1543,47.8537],[-89.1544,47.8528],[-89.1639,47.8503],[-89.1607,47.8506],[-89.1616,47.85],[-89.1606,47.8496],[-89.1625,47.8492],[-89.1612,47.8484]],[[-89.171,47.8479],[-89.1739,47.8486],[-89.1735,47.8481],[-89.171,47.8479]],[[-89.1627,47.8519],[-89.1644,47.8515],[-89.1594,47.8519],[-89.1627,47.8519]],[[-89.1538,47.8351],[-89.1535,47.8352],[-89.1536,47.8352],[-89.1538,47.8351]],[[-89.1415,47.8344],[-89.1424,47.8358],[-89.1425,47.8351],[-89.1415,47.8344]],[[-89.1433,47.8363],[-89.1447,47.8369],[-89.1458,47.8352],[-89.1488,47.8346],[-89.1431,47.8348],[-89.1452,47.8356],[-89.1433,47.8363]],[[-89.1545,47.8463],[-89.1579,47.8479],[-89.1592,47.8472],[-89.159,47.8467],[-89.1579,47.8469],[-89.1557,47.8462],[-89.1545,47.8463]],[[-89.133,47.8487],[-89.136,47.8499],[-89.1393,47.8497],[-89.133,47.8487]],[[-89.1369,47.8491],[-89.137,47.8492],[-89.137,47.8491],[-89.1369,47.8491]],[[-89.1334,47.8442],[-89.1334,47.8441],[-89.1333,47.8441],[-89.1334,47.8442]],[[-89.138,47.8514],[-89.1373,47.8509],[-89.137,47.8513],[-89.138,47.8514]],[[-89.1456,47.8488],[-89.1439,47.8488],[-89.1435,47.8495],[-89.1456,47.8488]],[[-89.1437,47.848],[-89.1425,47.8482],[-89.1413,47.8492],[-89.1437,47.848]],[[-89.1392,47.8461],[-89.1395,47.8468],[-89.1415,47.8465],[-89.1392,47.8461]],[[-89.1117,47.8484],[-89.1118,47.8485],[-89.1119,47.8485],[-89.1117,47.8484]],[[-89.0878,47.8515],[-89.0969,47.8501],[-89.0988,47.8479],[-89.0894,47.8497],[-89.0878,47.8515]],[[-89.0837,47.8536],[-89.085,47.8541],[-89.0858,47.8536],[-89.0837,47.8536]],[[-89.0858,47.8558],[-89.0873,47.8571],[-89.0898,47.8545],[-89.0898,47.8532],[-89.0858,47.8558]],[[-89.0843,47.8558],[-89.0843,47.8559],[-89.0844,47.8559],[-89.0843,47.8558]],[[-89.095,47.8538],[-89.0949,47.8538],[-89.095,47.8539],[-89.095,47.8538]],[[-89.1021,47.8567],[-89.1003,47.8574],[-89.1029,47.8569],[-89.1021,47.8567]],[[-89.0947,47.8602],[-89.0913,47.8599],[-89.0874,47.8596],[-89.0927,47.8603],[-89.0877,47.8605],[-89.091,47.8617],[-89.0947,47.8602]],[[-89.0958,47.8546],[-89.0956,47.8555],[-89.0935,47.8556],[-89.0961,47.8555],[-89.0958,47.8546]],[[-89.0983,47.8597],[-89.0984,47.8597],[-89.0982,47.8596],[-89.0983,47.8597]],[[-89.1008,47.8606],[-89.0988,47.861],[-89.0978,47.8615],[-89.1,47.8614],[-89.1008,47.8606]],[[-89.0861,47.8623],[-89.0851,47.8618],[-89.0848,47.8624],[-89.0861,47.8623]],[[-89.0918,47.8626],[-89.088,47.8624],[-89.0896,47.863],[-89.0906,47.8631],[-89.0918,47.8626]],[[-89.1217,47.8318],[-89.119,47.8342],[-89.1229,47.8346],[-89.1269,47.8315],[-89.1218,47.832],[-89.1243,47.8309],[-89.1218,47.8296],[-89.1208,47.8306],[-89.1217,47.8318]],[[-89.096,47.844],[-89.0937,47.8441],[-89.0927,47.8445],[-89.0955,47.845],[-89.096,47.844]],[[-89.0917,47.8432],[-89.0913,47.8448],[-89.0917,47.8448],[-89.0917,47.8432]],[[-89.0845,47.8464],[-89.082,47.8462],[-89.0848,47.8467],[-89.0845,47.8464]],[[-89.0761,47.8586],[-89.0785,47.8592],[-89.0794,47.8589],[-89.0761,47.8586]],[[-89.0796,47.8615],[-89.0831,47.8621],[-89.0825,47.8607],[-89.0796,47.8615]],[[-89.0793,47.8711],[-89.0787,47.8709],[-89.0787,47.8711],[-89.0793,47.8711]],[[-89.0795,47.8709],[-89.0804,47.8711],[-89.0805,47.871],[-89.0805,47.8708],[-89.0795,47.8709]],[[-89.0759,47.8708],[-89.07,47.8688],[-89.0697,47.8669],[-89.0674,47.868],[-89.0663,47.867],[-89.0654,47.8682],[-89.0632,47.8648],[-89.0631,47.8674],[-89.0625,47.8656],[-89.0604,47.8661],[-89.0631,47.8681],[-89.0624,47.8696],[-89.0608,47.8691],[-89.0619,47.8684],[-89.0602,47.8687],[-89.062,47.87],[-89.0609,47.8707],[-89.0652,47.8695],[-89.0654,47.8708],[-89.0673,47.8697],[-89.0751,47.8712],[-89.0759,47.8708]],[[-89.0692,47.8559],[-89.0691,47.8559],[-89.069,47.856],[-89.0692,47.8559]],[[-89.0336,47.8572],[-89.0347,47.8565],[-89.0333,47.857],[-89.0336,47.8572]],[[-89.0708,47.8588],[-89.0703,47.8578],[-89.0701,47.8589],[-89.0708,47.8588]],[[-89.05,47.8591],[-89.0505,47.8593],[-89.0504,47.8592],[-89.05,47.8591]],[[-89.0254,47.8608],[-89.023,47.8612],[-89.0222,47.8616],[-89.0245,47.8613],[-89.0254,47.8608]],[[-89.0393,47.8625],[-89.0395,47.8625],[-89.0397,47.8624],[-89.0393,47.8625]],[[-89.0157,47.8631],[-89.0182,47.8627],[-89.0183,47.8625],[-89.0157,47.8631]],[[-89.0146,47.8682],[-89.0097,47.8697],[-89.0092,47.8701],[-89.0121,47.8696],[-89.0146,47.8682]],[[-89.0393,47.8708],[-89.0218,47.8747],[-89.0161,47.8774],[-89.0241,47.8745],[-89.0355,47.8722],[-89.0393,47.8708]],[[-88.9934,47.8713],[-88.9859,47.8754],[-88.9842,47.8742],[-88.9852,47.8729],[-88.9824,47.8738],[-88.9836,47.8749],[-88.9812,47.8746],[-88.9779,47.8765],[-88.9765,47.876],[-88.979,47.875],[-88.9739,47.8757],[-88.9756,47.876],[-88.9727,47.8771],[-88.9719,47.877],[-88.9738,47.8763],[-88.9701,47.8763],[-88.9654,47.8783],[-88.9639,47.8777],[-88.9649,47.8788],[-88.9715,47.8768],[-88.9659,47.8789],[-88.9676,47.8786],[-88.9688,47.8789],[-88.9668,47.8797],[-88.959,47.8802],[-88.9638,47.8791],[-88.9637,47.8785],[-88.9624,47.8787],[-88.9621,47.8781],[-88.962,47.8792],[-88.9577,47.8793],[-88.9489,47.8834],[-88.9419,47.8845],[-88.9404,47.8856],[-88.9429,47.8852],[-88.9439,47.8861],[-88.9402,47.8869],[-88.9421,47.8871],[-88.9408,47.8882],[-88.9476,47.886],[-88.942,47.888],[-88.9423,47.8882],[-88.9515,47.8858],[-88.9527,47.8865],[-88.9592,47.8832],[-88.9684,47.8809],[-88.9665,47.8805],[-88.9714,47.8793],[-88.9729,47.8774],[-88.9773,47.8765],[-88.9758,47.8786],[-88.9812,47.8782],[-88.9826,47.8775],[-88.9819,47.877],[-88.9822,47.8761],[-88.983,47.8774],[-88.9879,47.8757],[-88.9862,47.8758],[-88.9879,47.8747],[-88.996,47.8729],[-88.9936,47.8738],[-88.9953,47.8736],[-89.0027,47.8716],[-88.9967,47.873],[-88.9994,47.872],[-88.9934,47.8713]],[[-88.9818,47.873],[-88.9817,47.8729],[-88.9817,47.873],[-88.9818,47.873]],[[-89.0106,47.8776],[-89.0108,47.8789],[-89.0144,47.8774],[-89.0106,47.8776]],[[-89.0154,47.8761],[-89.0169,47.8751],[-89.0089,47.8771],[-89.0122,47.8772],[-89.0154,47.8761]],[[-89.0048,47.8815],[-88.9979,47.8812],[-88.9986,47.8827],[-88.9963,47.885],[-88.9995,47.8832],[-89.0183,47.8796],[-89.019,47.8788],[-89.0048,47.8815]],[[-88.9906,47.8827],[-88.9833,47.8849],[-88.9926,47.8825],[-88.9906,47.8827]],[[-88.9898,47.8872],[-88.9931,47.8848],[-88.9933,47.8862],[-88.9915,47.8868],[-88.9911,47.8876],[-88.9949,47.8879],[-88.9988,47.8859],[-88.9997,47.8865],[-89.0009,47.8862],[-88.9992,47.8854],[-88.994,47.8863],[-88.9956,47.8844],[-88.9942,47.883],[-88.9862,47.8856],[-88.9869,47.8868],[-88.9898,47.8872]],[[-88.9839,47.886],[-88.9842,47.8873],[-88.9846,47.8874],[-88.9839,47.886]],[[-88.9863,47.887],[-88.9845,47.886],[-88.9852,47.8873],[-88.9863,47.887]],[[-88.9806,47.8869],[-88.9822,47.8887],[-88.9834,47.8884],[-88.982,47.8861],[-88.9806,47.8869]],[[-88.9394,47.8845],[-88.9409,47.8849],[-88.9411,47.8844],[-88.9394,47.8845]],[[-88.9363,47.888],[-88.9369,47.8887],[-88.9387,47.8879],[-88.9366,47.8883],[-88.9368,47.8875],[-88.9363,47.888]],[[-88.9338,47.8874],[-88.9353,47.8874],[-88.9387,47.8863],[-88.9379,47.8859],[-88.9345,47.8869],[-88.9338,47.8874]],[[-88.9312,47.8879],[-88.9317,47.8892],[-88.9321,47.8894],[-88.9327,47.8881],[-88.9312,47.8879]],[[-88.9286,47.8881],[-88.9299,47.8885],[-88.9309,47.8885],[-88.9299,47.8879],[-88.9286,47.8881]],[[-88.931,47.8896],[-88.9311,47.8895],[-88.9308,47.8897],[-88.931,47.8896]],[[-88.9316,47.8908],[-88.9315,47.8897],[-88.9303,47.8911],[-88.9316,47.8908]],[[-88.9282,47.8915],[-88.9278,47.8904],[-88.9268,47.8918],[-88.9295,47.8913],[-88.9282,47.8915]],[[-88.9192,47.8914],[-88.9203,47.8911],[-88.919,47.8911],[-88.9192,47.8914]],[[-88.9237,47.8923],[-88.9246,47.8924],[-88.9269,47.8912],[-88.9253,47.8912],[-88.9237,47.8923]],[[-88.9212,47.8943],[-88.9234,47.8943],[-88.9261,47.8936],[-88.9212,47.8943]],[[-88.9289,47.8924],[-88.9217,47.8933],[-88.9216,47.8936],[-88.9258,47.8934],[-88.9289,47.8924]],[[-88.9107,47.8957],[-88.9116,47.8964],[-88.9124,47.8956],[-88.9107,47.8957]],[[-88.912,47.8949],[-88.9129,47.8957],[-88.9133,47.8955],[-88.913,47.8947],[-88.912,47.8949]],[[-88.9167,47.8945],[-88.916,47.8943],[-88.9137,47.896],[-88.9167,47.8945]],[[-89.1067,47.851],[-89.1066,47.851],[-89.1065,47.8511],[-89.1067,47.851]],[[-89.1173,47.8557],[-89.1174,47.8558],[-89.1175,47.8558],[-89.1173,47.8557]],[[-89.1194,47.8364],[-89.1179,47.8351],[-89.1176,47.8365],[-89.1157,47.838],[-89.1171,47.8383],[-89.1194,47.8364]],[[-89.0665,47.8563],[-89.0665,47.8562],[-89.0664,47.8561],[-89.0665,47.8563]],[[-89.0499,47.8585],[-89.0457,47.8565],[-89.0459,47.8576],[-89.0443,47.8584],[-89.0428,47.8582],[-89.0432,47.8573],[-89.027,47.862],[-89.0237,47.8619],[-89.0147,47.8638],[-89.015,47.8657],[-89.0124,47.8643],[-89.0097,47.8669],[-89.0079,47.8662],[-89.0012,47.8688],[-89.0041,47.8699],[-89.0185,47.8666],[-89.0164,47.8658],[-89.0165,47.8648],[-89.0209,47.8654],[-89.0228,47.8642],[-89.0232,47.8623],[-89.0268,47.864],[-89.0422,47.8605],[-89.0439,47.8589],[-89.0484,47.8582],[-89.0502,47.8587],[-89.0594,47.8583],[-89.0642,47.857],[-89.0635,47.8561],[-89.0582,47.8581],[-89.0499,47.8585]],[[-89.0303,47.8789],[-89.041,47.8755],[-89.0307,47.8786],[-89.0292,47.878],[-89.0289,47.8791],[-89.028,47.8774],[-89.029,47.8766],[-89.0275,47.876],[-89.0293,47.8746],[-89.0195,47.8772],[-89.0263,47.8762],[-89.0249,47.8768],[-89.0275,47.8775],[-89.0288,47.8793],[-89.0201,47.8806],[-89.0237,47.8808],[-89.0219,47.882],[-89.024,47.8818],[-89.0232,47.8828],[-89.0245,47.8825],[-89.0242,47.8812],[-89.0272,47.8803],[-89.029,47.8811],[-89.0288,47.8798],[-89.0303,47.8789]],[[-89.1181,47.8321],[-89.1194,47.8328],[-89.1198,47.832],[-89.1181,47.8321]],[[-89.0982,47.8409],[-89.0992,47.8408],[-89.0999,47.8405],[-89.0982,47.8409]],[[-89.1115,47.8434],[-89.1101,47.844],[-89.1113,47.8443],[-89.1115,47.8434]],[[-89.0872,47.8482],[-89.0856,47.848],[-89.0883,47.8473],[-89.082,47.8477],[-89.0861,47.8492],[-89.0872,47.8482]],[[-89.0885,47.8497],[-89.0887,47.8493],[-89.0868,47.8497],[-89.0885,47.8497]],[[-89.0865,47.8497],[-89.0857,47.8493],[-89.085,47.849],[-89.0856,47.8496],[-89.0865,47.8497]],[[-89.0827,47.849],[-89.0845,47.85],[-89.0847,47.8495],[-89.0836,47.8491],[-89.0846,47.8489],[-89.0827,47.849]],[[-89.0977,47.8478],[-89.0974,47.8477],[-89.0954,47.848],[-89.0977,47.8478]],[[-89.0712,47.8559],[-89.0717,47.8548],[-89.0693,47.8555],[-89.0712,47.8559]],[[-89.0869,47.8584],[-89.0854,47.8597],[-89.0855,47.8598],[-89.0869,47.8584]],[[-89.0669,47.8704],[-89.0683,47.8714],[-89.0689,47.8709],[-89.0682,47.8703],[-89.0669,47.8704]],[[-89.0557,47.8532],[-89.0572,47.8531],[-89.0586,47.8533],[-89.0584,47.8529],[-89.0557,47.8532]],[[-89.0533,47.859],[-89.0559,47.8592],[-89.0564,47.8589],[-89.0558,47.8588],[-89.0533,47.859]],[[-89.0676,47.8586],[-89.0699,47.8574],[-89.0662,47.8579],[-89.0676,47.8586]],[[-89.0598,47.8599],[-89.0587,47.8596],[-89.0579,47.8596],[-89.0598,47.8599]],[[-89.0489,47.8599],[-89.0555,47.8609],[-89.0573,47.8602],[-89.0489,47.8599]],[[-89.0433,47.8617],[-89.0448,47.8614],[-89.0418,47.8627],[-89.0475,47.8622],[-89.0462,47.8621],[-89.0455,47.8612],[-89.0458,47.8604],[-89.045,47.8602],[-89.0433,47.8617]],[[-89.0383,47.8626],[-89.0367,47.8628],[-89.0386,47.8619],[-89.0336,47.8631],[-89.0364,47.8632],[-89.0383,47.8626]],[[-89.0547,47.8631],[-89.0526,47.8634],[-89.0555,47.8632],[-89.0547,47.8631]],[[-89.0483,47.8659],[-89.053,47.8662],[-89.053,47.866],[-89.0483,47.8659]],[[-89.0548,47.8652],[-89.0538,47.8649],[-89.0538,47.865],[-89.0548,47.8652]],[[-89.0561,47.8644],[-89.0557,47.8645],[-89.0558,47.8645],[-89.0561,47.8644]],[[-89.045,47.87],[-89.048,47.8695],[-89.0503,47.8674],[-89.0477,47.8661],[-89.0474,47.8683],[-89.045,47.87]],[[-89.0467,47.8651],[-89.0472,47.8653],[-89.0481,47.8656],[-89.0467,47.8651]],[[-89.0553,47.8678],[-89.0583,47.8678],[-89.059,47.8674],[-89.0553,47.8678]],[[-89.0431,47.865],[-89.0422,47.8639],[-89.0372,47.8644],[-89.0296,47.8675],[-89.0261,47.8671],[-89.0211,47.8694],[-88.9967,47.8761],[-88.9884,47.8761],[-88.9907,47.8768],[-88.9876,47.878],[-88.9852,47.8807],[-88.9822,47.8801],[-88.9747,47.882],[-88.979,47.8835],[-88.9798,47.8853],[-89.0159,47.8748],[-89.0455,47.869],[-89.0465,47.8662],[-89.0446,47.8663],[-89.045,47.8645],[-89.0527,47.8648],[-89.0449,47.8643],[-89.0431,47.865]],[[-89.0575,47.8702],[-89.0595,47.8701],[-89.0599,47.8695],[-89.0575,47.8702]],[[-89.0365,47.875],[-89.0342,47.8761],[-89.0428,47.8738],[-89.0462,47.8734],[-89.0488,47.8737],[-89.0426,47.8744],[-89.0445,47.8752],[-89.06,47.8707],[-89.0531,47.8712],[-89.0508,47.8729],[-89.0496,47.8726],[-89.0519,47.8715],[-89.0426,47.8712],[-89.0391,47.8729],[-89.0404,47.8732],[-89.0386,47.8738],[-89.0399,47.8741],[-89.0359,47.8742],[-89.0365,47.875]],[[-89.0629,47.8711],[-89.0626,47.8723],[-89.0617,47.8721],[-89.0606,47.8724],[-89.062,47.8728],[-89.0643,47.8719],[-89.0629,47.8711]],[[-89.0588,47.8715],[-89.0568,47.8721],[-89.0566,47.8725],[-89.0584,47.8726],[-89.0588,47.8715]],[[-89.0197,47.8621],[-89.0214,47.862],[-89.0219,47.8616],[-89.0197,47.8621]],[[-89.026,47.864],[-89.0251,47.8646],[-89.0265,47.8646],[-89.026,47.864]],[[-89.0264,47.865],[-89.0244,47.8652],[-89.0235,47.8656],[-89.0264,47.865]],[[-89.0221,47.8661],[-89.0225,47.8677],[-89.0229,47.8658],[-89.0221,47.8661]],[[-89.0044,47.8669],[-89.0028,47.8667],[-89.0015,47.8672],[-89.0035,47.8677],[-89.0044,47.8669]],[[-89.0,47.873],[-88.9946,47.8752],[-89.0062,47.8723],[-89.0,47.873]],[[-89.0152,47.87],[-89.0098,47.871],[-89.009,47.8716],[-89.0152,47.87]],[[-89.0189,47.8692],[-89.0201,47.8692],[-89.0213,47.8689],[-89.0189,47.8692]],[[-89.0301,47.8666],[-89.0285,47.8657],[-89.0275,47.8658],[-89.029,47.8667],[-89.0301,47.8666]],[[-89.0393,47.8632],[-89.0379,47.8631],[-89.0355,47.8634],[-89.0378,47.8636],[-89.0393,47.8632]],[[-89.0328,47.8645],[-89.0319,47.8641],[-89.0304,47.8653],[-89.0319,47.8656],[-89.0328,47.8645]],[[-89.0352,47.8641],[-89.0342,47.8654],[-89.0357,47.8646],[-89.0352,47.8641]],[[-89.0174,47.8755],[-89.0196,47.8748],[-89.017,47.8755],[-89.0174,47.8755]],[[-88.9963,47.8839],[-88.9959,47.8825],[-88.9955,47.8827],[-88.9963,47.8839]],[[-88.9678,47.8768],[-88.9687,47.8766],[-88.9692,47.8762],[-88.9678,47.8768]],[[-88.9794,47.8734],[-88.9772,47.8742],[-88.9793,47.8738],[-88.9794,47.8734]],[[-88.9439,47.8829],[-88.9429,47.8829],[-88.9429,47.883],[-88.9439,47.8829]],[[-88.9631,47.8778],[-88.9626,47.8784],[-88.9633,47.8781],[-88.9631,47.8778]],[[-88.9418,47.8835],[-88.9396,47.884],[-88.9392,47.8843],[-88.9406,47.8841],[-88.9418,47.8835]],[[-88.9833,47.8792],[-88.9857,47.88],[-88.9832,47.879],[-88.9833,47.8792]],[[-88.9772,47.8914],[-88.9757,47.8914],[-88.9754,47.8914],[-88.9756,47.8915],[-88.9772,47.8914]],[[-88.905,47.8995],[-88.909,47.8981],[-88.9046,47.8992],[-88.905,47.8995]],[[-88.9171,47.8931],[-88.9147,47.8933],[-88.9145,47.8943],[-88.9154,47.8936],[-88.9168,47.8934],[-88.9171,47.8931]],[[-88.917,47.8936],[-88.9201,47.8924],[-88.9186,47.8927],[-88.917,47.8936]],[[-88.9201,47.8924],[-88.9226,47.8917],[-88.9226,47.8915],[-88.9201,47.8924]],[[-88.9834,47.8781],[-88.9769,47.8799],[-88.98,47.8794],[-88.9834,47.8781]],[[-88.9787,47.8946],[-88.9786,47.8946],[-88.9783,47.8947],[-88.9787,47.8946]],[[-88.9265,47.89],[-88.9259,47.8897],[-88.9254,47.8901],[-88.9265,47.89]],[[-89.112,47.8398],[-89.1088,47.84],[-89.1083,47.8405],[-89.1103,47.8405],[-89.112,47.8398]],[[-89.0889,47.8444],[-89.08724,47.84502],[-89.0872,47.8471],[-89.0893,47.8461],[-89.0878,47.8457],[-89.0889,47.8444]],[[-89.0753,47.8497],[-89.0765,47.8487],[-89.0735,47.8492],[-89.0753,47.8497]],[[-89.0776,47.8467],[-89.0768,47.8473],[-89.0781,47.8473],[-89.0776,47.8467]],[[-89.0548,47.8568],[-89.056,47.8563],[-89.0558,47.8562],[-89.0548,47.8568]],[[-89.082,47.8534],[-89.0788,47.8524],[-89.0798,47.853],[-89.082,47.8534]],[[-89.053,47.8572],[-89.0543,47.8569],[-89.054,47.8565],[-89.053,47.8572]],[[-89.0749,47.8567],[-89.0761,47.8563],[-89.0741,47.856],[-89.0749,47.8567]],[[-89.0617,47.8606],[-89.0601,47.8611],[-89.0618,47.8609],[-89.0617,47.8606]],[[-89.0582,47.8606],[-89.0601,47.8601],[-89.0579,47.8604],[-89.0582,47.8606]],[[-89.0758,47.8631],[-89.0737,47.8631],[-89.0732,47.8635],[-89.0763,47.8642],[-89.0758,47.8631]],[[-89.0768,47.8641],[-89.0793,47.8641],[-89.0813,47.8634],[-89.0798,47.8634],[-89.0768,47.8641]],[[-89.0813,47.8634],[-89.082,47.8635],[-89.0824,47.8633],[-89.0813,47.8634]],[[-89.062,47.8626],[-89.0618,47.8627],[-89.0617,47.8628],[-89.062,47.8626]],[[-89.0596,47.8614],[-89.0587,47.8609],[-89.0587,47.8617],[-89.0596,47.8614]],[[-89.048,47.8624],[-89.0494,47.8623],[-89.0511,47.8626],[-89.0514,47.8629],[-89.0499,47.8625],[-89.0468,47.8625],[-89.0453,47.863],[-89.0524,47.8632],[-89.0573,47.8626],[-89.0508,47.8621],[-89.048,47.8624]],[[-89.0477,47.8634],[-89.0459,47.8632],[-89.0455,47.8636],[-89.0435,47.8635],[-89.0453,47.8639],[-89.0477,47.8634]],[[-89.046,47.8608],[-89.0526,47.8622],[-89.0577,47.8618],[-89.046,47.8608]],[[-89.0527,47.8674],[-89.0549,47.8674],[-89.0511,47.8681],[-89.0548,47.8678],[-89.0555,47.8672],[-89.0527,47.8674]],[[-89.0302,47.8744],[-89.0361,47.8739],[-89.0355,47.8732],[-89.0302,47.8744]],[[-89.0294,47.8761],[-89.0317,47.8753],[-89.0279,47.8759],[-89.0293,47.8763],[-89.03,47.8775],[-89.0294,47.8761]],[[-89.0182,47.8813],[-89.0166,47.883],[-89.0212,47.8816],[-89.0182,47.8813]],[[-89.0236,47.8792],[-89.024,47.878],[-89.0223,47.8782],[-89.0236,47.8792]],[[-89.0118,47.8829],[-89.0003,47.8859],[-89.0135,47.8835],[-89.0118,47.8829]],[[-89.0981,47.8446],[-89.0968,47.8443],[-89.0977,47.8448],[-89.0981,47.8446]],[[-89.0735,47.8545],[-89.0734,47.8547],[-89.0736,47.8545],[-89.0735,47.8545]],[[-89.0996,47.8592],[-89.1029,47.8584],[-89.0984,47.8589],[-89.0996,47.8592]],[[-89.1027,47.8539],[-89.1014,47.8534],[-89.1013,47.8542],[-89.1027,47.8539]],[[-89.0859,47.8471],[-89.0839,47.8474],[-89.0839,47.8475],[-89.0859,47.8471]],[[-89.0732,47.863],[-89.066,47.8631],[-89.067,47.8637],[-89.0717,47.864],[-89.0732,47.863]],[[-89.0508,47.8639],[-89.051,47.8635],[-89.0495,47.8638],[-89.0508,47.8639]],[[-89.0161,47.884],[-89.0152,47.884],[-89.0146,47.8849],[-89.0154,47.885],[-89.0161,47.884]],[[-89.0285,47.8599],[-89.0259,47.8609],[-89.0288,47.86],[-89.0285,47.8599]],[[-89.021,47.8605],[-89.0207,47.8599],[-89.0201,47.8603],[-89.021,47.8605]],[[-89.0058,47.8707],[-89.0032,47.8716],[-89.0063,47.8707],[-89.0058,47.8707]],[[-88.9808,47.8739],[-88.9828,47.8736],[-88.983,47.8732],[-88.9821,47.8733],[-88.9808,47.8739]],[[-88.9672,47.8817],[-88.9685,47.881],[-88.9667,47.8817],[-88.9672,47.8817]],[[-88.9379,47.8895],[-88.9403,47.8891],[-88.9422,47.8883],[-88.9388,47.8887],[-88.9379,47.8895]],[[-88.9346,47.8904],[-88.9364,47.8903],[-88.9366,47.8899],[-88.9346,47.8904]],[[-88.9333,47.8913],[-88.9317,47.8912],[-88.9313,47.8916],[-88.9333,47.8913]]]},{"type":"Polygon","coordinates":[[[-89.0641,47.8668],[-89.065,47.8689],[-89.0633,47.8696],[-89.0633,47.8676],[-89.0641,47.8668]]]},{"type":"Polygon","coordinates":[[[-89.0485,47.8721],[-89.0469,47.8725],[-89.0468,47.8722],[-89.0485,47.8721]]]},{"type":"Polygon","coordinates":[[[-89.0369,47.8744],[-89.0374,47.875],[-89.0368,47.8748],[-89.0369,47.8744]]]},{"type":"Polygon","coordinates":[[[-89.0658,47.8754],[-89.0665,47.8743],[-89.0669,47.8751],[-89.0658,47.8754]]]},{"type":"Polygon","coordinates":[[[-89.0711,47.8756],[-89.0728,47.8759],[-89.0707,47.876],[-89.0711,47.8756]]]},{"type":"Polygon","coordinates":[[[-88.984,47.8766],[-88.9852,47.8757],[-88.9859,47.8758],[-88.984,47.8766]]]},{"type":"Polygon","coordinates":[[[-89.0583,47.8774],[-89.0602,47.8762],[-89.0596,47.8749],[-89.0622,47.8759],[-89.0614,47.8763],[-89.0612,47.8773],[-89.0583,47.8774]]]},{"type":"Polygon","coordinates":[[[-89.0285,47.8767],[-89.0272,47.8765],[-89.0265,47.8762],[-89.0285,47.8767]]]},{"type":"Polygon","coordinates":[[[-89.0473,47.8762],[-89.0471,47.8769],[-89.0463,47.8764],[-89.0473,47.8762]]]},{"type":"Polygon","coordinates":[[[-89.0697,47.876],[-89.0679,47.8771],[-89.0672,47.8769],[-89.0697,47.876]]]},{"type":"Polygon","coordinates":[[[-89.0444,47.8771],[-89.0467,47.8775],[-89.044,47.8775],[-89.0444,47.8771]]]},{"type":"Polygon","coordinates":[[[-89.0541,47.879],[-89.0497,47.8765],[-89.0525,47.8758],[-89.0572,47.8778],[-89.0548,47.8804],[-89.0515,47.8798],[-89.0508,47.8811],[-89.052,47.8783],[-89.0541,47.879]]]},{"type":"Polygon","coordinates":[[[-89.0565,47.879],[-89.059,47.8779],[-89.0573,47.8792],[-89.0565,47.879]]]},{"type":"Polygon","coordinates":[[[-89.0567,47.88],[-89.0569,47.8813],[-89.0562,47.8805],[-89.0567,47.88]]]},{"type":"Polygon","coordinates":[[[-88.9653,47.8812],[-88.9636,47.8809],[-88.9657,47.8808],[-88.9653,47.8812]]]},{"type":"Polygon","coordinates":[[[-89.0458,47.883],[-89.0465,47.8823],[-89.047,47.8816],[-89.0468,47.8804],[-89.0456,47.8814],[-89.0436,47.8781],[-89.0506,47.8811],[-89.0494,47.8817],[-89.0494,47.8841],[-89.048,47.8827],[-89.0458,47.883]]]},{"type":"Polygon","coordinates":[[[-88.9902,47.8809],[-88.9817,47.8825],[-88.991,47.8802],[-88.9902,47.8809]]]},{"type":"Polygon","coordinates":[[[-88.9594,47.8816],[-88.9582,47.8821],[-88.9577,47.8819],[-88.9584,47.8813],[-88.9594,47.8816]]]},{"type":"Polygon","coordinates":[[[-89.0564,47.8833],[-89.0554,47.8829],[-89.0551,47.8823],[-89.056,47.8819],[-89.0564,47.8833]]]},{"type":"Polygon","coordinates":[[[-89.0536,47.8813],[-89.0519,47.8843],[-89.0528,47.8852],[-89.052,47.886],[-89.0503,47.8849],[-89.0516,47.8837],[-89.0505,47.8823],[-89.0528,47.8805],[-89.0543,47.8806],[-89.0528,47.8809],[-89.0536,47.8813]],[[-89.0514,47.8822],[-89.052,47.8832],[-89.0522,47.8827],[-89.0514,47.8822]]]},{"type":"Polygon","coordinates":[[[-88.9566,47.8836],[-88.9545,47.8838],[-88.9544,47.8836],[-88.9566,47.8836]]]},{"type":"Polygon","coordinates":[[[-89.0395,47.8852],[-89.0387,47.8851],[-89.0388,47.884],[-89.0402,47.8852],[-89.0386,47.8856],[-89.0395,47.8852]]]},{"type":"Polygon","coordinates":[[[-89.0353,47.8861],[-89.0385,47.8848],[-89.0373,47.8858],[-89.0353,47.8861]]]},{"type":"Polygon","coordinates":[[[-89.0471,47.8858],[-89.0491,47.8854],[-89.0469,47.8855],[-89.0463,47.8835],[-89.05,47.885],[-89.0503,47.8871],[-89.0488,47.8875],[-89.0471,47.8858]]]},{"type":"Polygon","coordinates":[[[-89.0262,47.8868],[-89.0249,47.8853],[-89.0267,47.8866],[-89.0262,47.8868]]]},{"type":"Polygon","coordinates":[[[-89.0466,47.8861],[-89.0475,47.8864],[-89.0476,47.8873],[-89.0471,47.8872],[-89.0466,47.8861]]]},{"type":"Polygon","coordinates":[[[-89.0537,47.8875],[-89.0531,47.8865],[-89.0544,47.8868],[-89.0537,47.8875]]]},{"type":"Polygon","coordinates":[[[-89.0417,47.8876],[-89.0409,47.8869],[-89.0426,47.8873],[-89.0417,47.8876]]]},{"type":"Polygon","coordinates":[[[-89.0176,47.8872],[-89.0153,47.8884],[-89.0143,47.8882],[-89.0176,47.8872]]]},{"type":"Polygon","coordinates":[[[-89.023,47.8874],[-89.0242,47.8889],[-89.0241,47.8894],[-89.022,47.8883],[-89.023,47.8874]]]},{"type":"Polygon","coordinates":[[[-89.0179,47.8881],[-89.0199,47.8882],[-89.0183,47.8896],[-89.0179,47.8881]]]},{"type":"Polygon","coordinates":[[[-89.0621,47.8817],[-89.0607,47.8816],[-89.061,47.8805],[-89.0601,47.8814],[-89.0602,47.8798],[-89.0642,47.8782],[-89.0659,47.8785],[-89.0641,47.8767],[-89.065,47.8761],[-89.0674,47.8757],[-89.0647,47.8766],[-89.067,47.8762],[-89.0665,47.8772],[-89.0701,47.8772],[-89.0678,47.8788],[-89.0693,47.8802],[-89.0672,47.8802],[-89.0665,47.8817],[-89.0676,47.8828],[-89.0722,47.8815],[-89.0733,47.8823],[-89.0599,47.8876],[-89.0574,47.8902],[-89.0551,47.8912],[-89.054,47.8952],[-89.0572,47.8931],[-89.0583,47.8947],[-89.0571,47.8964],[-89.0587,47.895],[-89.06,47.8968],[-89.0549,47.8977],[-89.0597,47.8981],[-89.0542,47.8987],[-89.0536,47.9003],[-89.0425,47.9019],[-89.0454,47.9024],[-89.0455,47.9034],[-89.0347,47.9033],[-89.0341,47.9016],[-89.0352,47.8995],[-89.0396,47.8971],[-89.0345,47.8988],[-89.0347,47.8974],[-89.0323,47.8959],[-89.0413,47.8925],[-89.0443,47.8898],[-89.0437,47.8864],[-89.0436,47.8888],[-89.0394,47.8876],[-89.0425,47.8877],[-89.043,47.8874],[-89.0423,47.8866],[-89.0439,47.8861],[-89.0445,47.8871],[-89.0455,47.8855],[-89.0451,47.8885],[-89.0462,47.8891],[-89.0464,47.8901],[-89.0453,47.8912],[-89.0458,47.8893],[-89.0447,47.8902],[-89.045,47.8896],[-89.0449,47.889],[-89.0432,47.892],[-89.0391,47.8941],[-89.0474,47.8923],[-89.0483,47.8916],[-89.0467,47.8908],[-89.0489,47.8908],[-89.0484,47.8899],[-89.0518,47.8888],[-89.0506,47.8903],[-89.0536,47.8899],[-89.0527,47.8879],[-89.0542,47.8877],[-89.0537,47.889],[-89.0548,47.8895],[-89.0559,47.8875],[-89.0533,47.8858],[-89.0541,47.8845],[-89.0576,47.8841],[-89.0581,47.8824],[-89.0596,47.8842],[-89.0621,47.8817]],[[-89.0656,47.8799],[-89.0641,47.8789],[-89.0638,47.8796],[-89.0656,47.8799]],[[-89.0619,47.8832],[-89.0656,47.883],[-89.066,47.8824],[-89.0619,47.8832]],[[-89.0491,47.8935],[-89.0514,47.8941],[-89.0528,47.8916],[-89.0431,47.894],[-89.0421,47.8952],[-89.0491,47.8935]],[[-89.057,47.8892],[-89.0557,47.8893],[-89.0544,47.8906],[-89.0563,47.8903],[-89.057,47.8892]],[[-89.0589,47.8843],[-89.0543,47.8854],[-89.0559,47.8864],[-89.0587,47.8855],[-89.0558,47.889],[-89.0592,47.8866],[-89.0589,47.8843]],[[-89.0629,47.8845],[-89.0611,47.8851],[-89.063,47.8846],[-89.0629,47.8845]],[[-89.0403,47.8979],[-89.0417,47.8973],[-89.045,47.8968],[-89.0414,47.8961],[-89.0403,47.8979]],[[-89.0348,47.8967],[-89.0355,47.896],[-89.0352,47.8959],[-89.0348,47.8967]],[[-89.0382,47.8948],[-89.0386,47.8961],[-89.0407,47.8949],[-89.0382,47.8948]],[[-89.0397,47.9007],[-89.04,47.8993],[-89.0368,47.9013],[-89.0375,47.9014],[-89.0397,47.9007]],[[-89.0368,47.8955],[-89.036,47.8948],[-89.0358,47.8953],[-89.0368,47.8955]],[[-89.0499,47.8994],[-89.0465,47.8979],[-89.0532,47.8971],[-89.0473,47.8973],[-89.0452,47.8985],[-89.0479,47.8996],[-89.0499,47.8994]],[[-89.0452,47.9006],[-89.043,47.9],[-89.0406,47.901],[-89.0452,47.9006]]]},{"type":"Polygon","coordinates":[[[-89.0157,47.8903],[-89.0168,47.8913],[-89.0142,47.8899],[-89.0157,47.8903]]]},{"type":"Polygon","coordinates":[[[-89.038,47.8914],[-89.0374,47.8902],[-89.0393,47.8906],[-89.038,47.8914]]]},{"type":"Polygon","coordinates":[[[-89.0338,47.8915],[-89.0347,47.8906],[-89.0316,47.8896],[-89.0318,47.8877],[-89.0352,47.8891],[-89.0372,47.8916],[-89.0343,47.894],[-89.0327,47.8905],[-89.0338,47.8915]]]},{"type":"Polygon","coordinates":[[[-89.0151,47.8926],[-89.0129,47.8939],[-89.0113,47.8933],[-89.0151,47.8926]]]},{"type":"Polygon","coordinates":[[[-89.0223,47.8953],[-89.0202,47.8959],[-89.0185,47.8945],[-89.0238,47.8927],[-89.0211,47.8945],[-89.0223,47.8953]]]},{"type":"Polygon","coordinates":[[[-89.0321,47.8955],[-89.0307,47.8944],[-89.032,47.8939],[-89.0321,47.8955]]]},{"type":"Polygon","coordinates":[[[-89.0082,47.8954],[-89.0075,47.8948],[-89.0091,47.8933],[-89.0135,47.8945],[-89.0091,47.8964],[-89.007,47.8956],[-89.0082,47.8954]]]},{"type":"Polygon","coordinates":[[[-89.0304,47.8981],[-89.0338,47.898],[-89.0299,47.8985],[-89.0304,47.8981]]]},{"type":"Polygon","coordinates":[[[-89.0551,47.8991],[-89.062,47.8978],[-89.0658,47.9019],[-89.058,47.9001],[-89.055,47.9011],[-89.0535,47.9008],[-89.0551,47.8991]]]},{"type":"Polygon","coordinates":[[[-89.0035,47.899],[-89.0052,47.9012],[-88.9975,47.9008],[-89.0035,47.899]]]},{"type":"Polygon","coordinates":[[[-89.0038,47.9025],[-89.0041,47.9058],[-89.002,47.9013],[-89.0038,47.9025]]]},{"type":"Polygon","coordinates":[[[-88.9963,47.9135],[-88.9951,47.9142],[-88.9944,47.9138],[-88.9963,47.9135]]]},{"type":"Polygon","coordinates":[[[-88.9933,47.9139],[-88.991,47.9147],[-88.9909,47.9145],[-88.9902,47.9147],[-88.9912,47.9137],[-88.9933,47.9139]]]},{"type":"Polygon","coordinates":[[[-88.9794,47.9218],[-88.9815,47.9221],[-88.9818,47.9227],[-88.9805,47.9235],[-88.9794,47.9218]]]},{"type":"Polygon","coordinates":[[[-88.9753,47.922],[-88.976,47.9244],[-88.9758,47.925],[-88.9743,47.923],[-88.9753,47.922]]]},{"type":"Polygon","coordinates":[[[-89.015,47.928],[-89.0121,47.9282],[-89.0166,47.9273],[-89.015,47.928]]]},{"type":"Polygon","coordinates":[[[-89.0131,47.9292],[-89.0144,47.9291],[-89.0136,47.9293],[-89.0131,47.9292]]]},{"type":"Polygon","coordinates":[[[-89.0674,47.9504],[-89.0613,47.9511],[-89.0605,47.9504],[-89.0653,47.949],[-89.0674,47.9504]]]},{"type":"Polygon","coordinates":[[[-89.063,47.9548],[-89.0654,47.9545],[-89.0629,47.9552],[-89.063,47.9548]]]},{"type":"Polygon","coordinates":[[[-89.0492,47.9607],[-89.0534,47.959],[-89.0541,47.9593],[-89.0492,47.9607]]]},{"type":"Polygon","coordinates":[[[-89.0482,47.9625],[-89.052,47.961],[-89.0615,47.9583],[-89.0612,47.9597],[-89.0543,47.9633],[-89.0456,47.9659],[-89.0457,47.9648],[-89.0496,47.9629],[-89.0482,47.9625]]]},{"type":"Polygon","coordinates":[[[-88.992,47.9692],[-88.997,47.9666],[-89.0,47.9673],[-88.998,47.9688],[-88.992,47.9692]]]},{"type":"Polygon","coordinates":[[[-89.0553,47.9694],[-89.0533,47.9688],[-89.0571,47.9678],[-89.0553,47.9694]]]},{"type":"Polygon","coordinates":[[[-88.997,47.9708],[-88.9923,47.9722],[-88.9919,47.9715],[-88.997,47.9708]]]},{"type":"Polygon","coordinates":[[[-88.9859,47.9723],[-88.9893,47.9715],[-88.987,47.9714],[-88.99,47.9714],[-88.9887,47.9719],[-88.9859,47.9723]]]},{"type":"Polygon","coordinates":[[[-89.0187,47.9747],[-89.0175,47.9761],[-89.016,47.9752],[-89.0187,47.9747]]]},{"type":"Polygon","coordinates":[[[-88.9634,47.9805],[-88.961,47.9806],[-88.9646,47.98],[-88.9634,47.9805]]]},{"type":"Polygon","coordinates":[[[-89.0187,47.9866],[-89.0195,47.9854],[-89.0187,47.987],[-89.0187,47.9866]]]},{"type":"Polygon","coordinates":[[[-88.9539,47.8842],[-88.9517,47.8844],[-88.9542,47.8839],[-88.9539,47.8842]]]},{"type":"Polygon","coordinates":[[[-88.9563,47.884],[-88.9545,47.885],[-88.9537,47.8846],[-88.9563,47.884]]]},{"type":"Polygon","coordinates":[[[-88.9468,47.8855],[-88.9485,47.8845],[-88.9495,47.8848],[-88.9468,47.8855]]]},{"type":"Polygon","coordinates":[[[-88.9464,47.8848],[-88.9443,47.886],[-88.944,47.8853],[-88.9464,47.8848]]]},{"type":"Polygon","coordinates":[[[-88.9479,47.8862],[-88.9497,47.8852],[-88.9528,47.8849],[-88.9521,47.8855],[-88.9479,47.8862]]]},{"type":"Polygon","coordinates":[[[-88.9305,47.8866],[-88.9306,47.8859],[-88.9314,47.886],[-88.9305,47.8866]]]},{"type":"Polygon","coordinates":[[[-88.9137,47.8908],[-88.9303,47.8858],[-88.9178,47.8904],[-88.9152,47.8911],[-88.9137,47.8908]]]},{"type":"Polygon","coordinates":[[[-88.9128,47.8921],[-88.9115,47.8919],[-88.9114,47.8917],[-88.9134,47.8908],[-88.9128,47.8921]]]},{"type":"Polygon","coordinates":[[[-88.9113,47.8933],[-88.9095,47.8938],[-88.9105,47.8933],[-88.9113,47.8933]]]},{"type":"Polygon","coordinates":[[[-88.8741,47.9051],[-88.8686,47.9071],[-88.869,47.9067],[-88.8741,47.9051]]]},{"type":"Polygon","coordinates":[[[-88.8505,47.9123],[-88.8476,47.9127],[-88.851,47.9115],[-88.8505,47.9123]]]},{"type":"Polygon","coordinates":[[[-88.8455,47.9151],[-88.8501,47.9136],[-88.8516,47.913],[-88.8499,47.9142],[-88.8455,47.9151]]]},{"type":"Polygon","coordinates":[[[-88.8223,47.9215],[-88.8183,47.9232],[-88.8177,47.9232],[-88.8223,47.9215]]]},{"type":"Polygon","coordinates":[[[-88.8161,47.9285],[-88.8179,47.9281],[-88.8156,47.9289],[-88.8161,47.9285]]]},{"type":"Polygon","coordinates":[[[-88.8151,47.929],[-88.7863,47.9395],[-88.7983,47.9346],[-88.8151,47.929]]]},{"type":"Polygon","coordinates":[[[-88.8918,47.9538],[-88.8893,47.9551],[-88.8902,47.9566],[-88.8857,47.9572],[-88.8851,47.9563],[-88.8793,47.9573],[-88.8766,47.9591],[-88.8716,47.959],[-88.884,47.9544],[-88.887,47.9549],[-88.8868,47.9536],[-88.8811,47.9536],[-88.8854,47.9521],[-88.8895,47.9516],[-88.8918,47.9538]],[[-88.8876,47.9562],[-88.8874,47.9561],[-88.8875,47.9562],[-88.8876,47.9562]],[[-88.8877,47.9534],[-88.89,47.9537],[-88.8896,47.9526],[-88.8877,47.9534]]]},{"type":"Polygon","coordinates":[[[-88.9387,47.9561],[-88.9401,47.955],[-88.9423,47.9557],[-88.9399,47.9566],[-88.9387,47.9561]]]},{"type":"Polygon","coordinates":[[[-88.8318,47.9649],[-88.8354,47.9646],[-88.8318,47.9652],[-88.8318,47.9649]]]},{"type":"Polygon","coordinates":[[[-88.8949,47.9642],[-88.8938,47.9659],[-88.8893,47.9667],[-88.8917,47.9647],[-88.8949,47.9642]]]},{"type":"Polygon","coordinates":[[[-88.8994,47.965],[-88.8986,47.9664],[-88.8919,47.9677],[-88.8994,47.965]]]},{"type":"Polygon","coordinates":[[[-88.8619,47.9664],[-88.8607,47.9673],[-88.8599,47.9668],[-88.8619,47.9664]]]},{"type":"Polygon","coordinates":[[[-88.8359,47.9673],[-88.8288,47.9681],[-88.8339,47.9669],[-88.8359,47.9673]]]},{"type":"Polygon","coordinates":[[[-88.8349,47.9683],[-88.8259,47.9709],[-88.8314,47.9709],[-88.8309,47.9723],[-88.8335,47.9712],[-88.8319,47.9711],[-88.8317,47.9704],[-88.8339,47.971],[-88.8336,47.9715],[-88.8282,47.9735],[-88.8228,47.9742],[-88.8202,47.9734],[-88.8254,47.9701],[-88.8213,47.9704],[-88.8202,47.9701],[-88.8193,47.9688],[-88.8222,47.9678],[-88.8296,47.9692],[-88.8336,47.9677],[-88.8349,47.9683]],[[-88.8205,47.9687],[-88.8204,47.9699],[-88.8213,47.9697],[-88.8205,47.9687]],[[-88.8281,47.9696],[-88.8225,47.9684],[-88.823,47.9694],[-88.8281,47.9696]]]},{"type":"Polygon","coordinates":[[[-88.8092,47.972],[-88.8102,47.9717],[-88.812,47.972],[-88.8112,47.9726],[-88.8092,47.972]]]},{"type":"Polygon","coordinates":[[[-88.8161,47.9743],[-88.8183,47.9736],[-88.8191,47.9735],[-88.82,47.9736],[-88.8161,47.9743]]]},{"type":"Polygon","coordinates":[[[-88.8062,47.9755],[-88.8083,47.9753],[-88.8093,47.9756],[-88.8062,47.9755]]]},{"type":"Polygon","coordinates":[[[-88.9393,47.937],[-88.9561,47.9316],[-88.9564,47.9328],[-88.953,47.9344],[-88.9568,47.9332],[-88.9571,47.935],[-88.959,47.9356],[-88.9558,47.9377],[-88.9421,47.9415],[-88.9457,47.9417],[-88.9361,47.9466],[-88.9352,47.9479],[-88.9278,47.9502],[-88.9208,47.9504],[-88.9261,47.951],[-88.9132,47.9536],[-88.913,47.955],[-88.8936,47.961],[-88.8925,47.9632],[-88.8902,47.9625],[-88.8871,47.9635],[-88.8899,47.965],[-88.8842,47.9665],[-88.8827,47.9657],[-88.8834,47.9667],[-88.8812,47.9671],[-88.8815,47.9686],[-88.8755,47.9699],[-88.8792,47.9709],[-88.8567,47.9769],[-88.8523,47.9805],[-88.8512,47.98],[-88.8528,47.979],[-88.8488,47.9799],[-88.8454,47.9833],[-88.8353,47.9857],[-88.8363,47.9844],[-88.8347,47.9843],[-88.8132,47.9909],[-88.8118,47.9906],[-88.8145,47.9891],[-88.8121,47.9888],[-88.8116,47.9881],[-88.8078,47.9888],[-88.8092,47.9875],[-88.8067,47.9883],[-88.8065,47.9872],[-88.8044,47.9867],[-88.8022,47.9868],[-88.8016,47.9865],[-88.801,47.987],[-88.8059,47.9872],[-88.807,47.9888],[-88.8009,47.9907],[-88.7958,47.9898],[-88.7851,47.9924],[-88.7577,48.0057],[-88.7567,48.0054],[-88.7548,48.0058],[-88.7581,48.0032],[-88.7618,48.0021],[-88.7649,47.9987],[-88.7583,48.001],[-88.76,48.002],[-88.758,48.0031],[-88.7578,48.0017],[-88.756,48.002],[-88.7554,48.0004],[-88.7516,48.001],[-88.7551,48.0021],[-88.751,48.0034],[-88.7525,48.0034],[-88.7516,48.0046],[-88.7543,48.0045],[-88.7502,48.0083],[-88.7523,48.0085],[-88.7501,48.0107],[-88.7473,48.0093],[-88.7453,48.0101],[-88.7391,48.0091],[-88.7426,48.0074],[-88.744,48.0042],[-88.7495,48.004],[-88.7496,48.0013],[-88.7458,48.0015],[-88.7488,48.0006],[-88.7475,47.9998],[-88.7382,48.0014],[-88.7372,48.0025],[-88.7394,48.003],[-88.7389,48.0037],[-88.7325,48.0047],[-88.727,48.0019],[-88.721,48.0027],[-88.7191,48.0025],[-88.7184,48.0015],[-88.7155,48.0032],[-88.6933,48.0089],[-88.7024,48.0056],[-88.7015,48.0046],[-88.6995,48.0061],[-88.687,48.0092],[-88.6824,48.0115],[-88.6908,48.0086],[-88.6928,48.009],[-88.6786,48.0133],[-88.6725,48.0173],[-88.67,48.0174],[-88.6716,48.0153],[-88.6801,48.0123],[-88.6733,48.0145],[-88.6724,48.0126],[-88.6694,48.018],[-88.6623,48.0225],[-88.6584,48.0233],[-88.656,48.0262],[-88.6481,48.0287],[-88.6418,48.0278],[-88.6466,48.0253],[-88.6407,48.0269],[-88.6507,48.0226],[-88.6623,48.0156],[-88.6661,48.015],[-88.6694,48.0123],[-88.6728,48.0112],[-88.6742,48.012],[-88.6765,48.0098],[-88.6926,48.0038],[-88.6947,48.0033],[-88.693,48.0044],[-88.6946,48.0051],[-88.6954,48.004],[-88.6943,48.0042],[-88.6944,48.004],[-88.6978,48.0023],[-88.7008,48.0016],[-88.7027,48.0027],[-88.7016,48.0016],[-88.7038,48.001],[-88.7049,48.0014],[-88.7032,48.0023],[-88.7046,48.0026],[-88.7026,48.0032],[-88.7041,48.0039],[-88.704,48.003],[-88.7103,48.0012],[-88.707,48.0026],[-88.7093,48.0024],[-88.7081,48.0029],[-88.7092,48.0035],[-88.709,48.0041],[-88.7112,48.001],[-88.7196,47.9988],[-88.7214,47.9977],[-88.7223,47.9983],[-88.7211,47.9997],[-88.7229,48.0003],[-88.7202,48.0024],[-88.7271,48.0011],[-88.7283,47.9998],[-88.7241,48.001],[-88.7231,47.9988],[-88.7264,47.9974],[-88.7265,47.9958],[-88.7275,47.9973],[-88.7314,47.9978],[-88.7323,47.9975],[-88.7306,47.997],[-88.7309,47.9961],[-88.729,47.997],[-88.7274,47.9965],[-88.7314,47.9937],[-88.7325,47.9951],[-88.7345,47.9943],[-88.7322,47.9937],[-88.7335,47.9925],[-88.735,47.9923],[-88.7355,47.9925],[-88.7334,47.9934],[-88.7357,47.9933],[-88.7383,47.9923],[-88.7363,47.9917],[-88.74,47.9913],[-88.7398,47.9924],[-88.7406,47.9913],[-88.7442,47.9913],[-88.7445,47.9903],[-88.7464,47.9917],[-88.7461,47.9904],[-88.7496,47.9895],[-88.7504,47.99],[-88.7489,47.9915],[-88.7525,47.992],[-88.7505,47.9911],[-88.7504,47.9887],[-88.7518,47.989],[-88.7511,47.9897],[-88.7535,47.9893],[-88.7542,47.9875],[-88.753,47.9871],[-88.7549,47.9861],[-88.7581,47.9861],[-88.7547,47.987],[-88.7548,47.988],[-88.7569,47.9873],[-88.7616,47.9868],[-88.7631,47.986],[-88.7715,47.9854],[-88.7654,47.9918],[-88.7672,47.991],[-88.7674,47.9929],[-88.7638,47.9927],[-88.7568,47.9953],[-88.7554,47.9954],[-88.7566,47.9942],[-88.7544,47.9952],[-88.7507,47.9953],[-88.7495,47.9967],[-88.7606,47.9949],[-88.7621,47.9953],[-88.7605,47.9964],[-88.7625,47.9965],[-88.7695,47.992375],[-88.7678,47.9928],[-88.7727,47.9857],[-88.7744,47.988],[-88.776,47.987],[-88.7755,47.9859],[-88.7776,47.9857],[-88.7776,47.9845],[-88.7809,47.984],[-88.7828,47.9845],[-88.7807,47.9865],[-88.7854,47.9844],[-88.7868,47.9859],[-88.7865,47.9841],[-88.793,47.9842],[-88.7928,47.9848],[-88.7935,47.9851],[-88.7935,47.9838],[-88.7952,47.9839],[-88.7934,47.9859],[-88.7948,47.9872],[-88.8006,47.9835],[-88.8036,47.9852],[-88.8132,47.9835],[-88.8155,47.9848],[-88.8139,47.9835],[-88.8207,47.9804],[-88.8254,47.9811],[-88.8339,47.9782],[-88.8357,47.9787],[-88.8368,47.9776],[-88.8354,47.9775],[-88.8509,47.9702],[-88.8524,47.9709],[-88.8555,47.9697],[-88.8551,47.9687],[-88.8496,47.9692],[-88.8531,47.9652],[-88.8676,47.9616],[-88.8709,47.9597],[-88.8795,47.9596],[-88.8809,47.9606],[-88.8655,47.9629],[-88.8645,47.9643],[-88.8594,47.9649],[-88.856,47.9669],[-88.8592,47.967],[-88.8584,47.9689],[-88.8604,47.9693],[-88.8664,47.9665],[-88.8636,47.9666],[-88.8635,47.9656],[-88.8821,47.9616],[-88.8835,47.9608],[-88.8821,47.9592],[-88.8905,47.957],[-88.8922,47.9587],[-88.8953,47.9566],[-88.8957,47.9555],[-88.8939,47.9556],[-88.8941,47.9548],[-88.9393,47.937]],[[-88.7502,48.0082],[-88.7493,48.0081],[-88.7486,48.0086],[-88.7495,48.0088],[-88.7502,48.0082]],[[-88.7086,48.0038],[-88.7063,48.0028],[-88.7051,48.0043],[-88.7073,48.0045],[-88.7086,48.0038]],[[-88.9437,47.939],[-88.9425,47.9407],[-88.947,47.9386],[-88.9452,47.9393],[-88.9437,47.939]],[[-88.9365,47.9406],[-88.9421,47.9394],[-88.942,47.9384],[-88.9365,47.9406]],[[-88.9321,47.9431],[-88.9337,47.9421],[-88.932,47.9428],[-88.9321,47.9431]],[[-88.9284,47.9438],[-88.931,47.942],[-88.9276,47.9435],[-88.9284,47.9438]],[[-88.9347,47.9403],[-88.9346,47.9403],[-88.9344,47.9404],[-88.9347,47.9403]],[[-88.9271,47.9441],[-88.926,47.9447],[-88.9272,47.9445],[-88.9271,47.9441]],[[-88.9275,47.9485],[-88.9286,47.9485],[-88.9295,47.9479],[-88.9285,47.9478],[-88.9275,47.9485]],[[-88.9181,47.9501],[-88.9204,47.949],[-88.9249,47.9474],[-88.9206,47.9486],[-88.918,47.9499],[-88.9172,47.9496],[-88.9187,47.9484],[-88.9161,47.9495],[-88.9181,47.9501]],[[-88.9058,47.9526],[-88.9068,47.953],[-88.9089,47.9521],[-88.9075,47.9515],[-88.9058,47.9526]],[[-88.8598,47.9715],[-88.8636,47.9698],[-88.8597,47.9714],[-88.8598,47.9715]],[[-88.8538,47.9743],[-88.8564,47.9743],[-88.857375,47.973575],[-88.8538,47.9743]],[[-88.8459,47.9762],[-88.8442,47.9767],[-88.8424,47.9764],[-88.8446,47.9772],[-88.8459,47.9762]],[[-88.841,47.9784],[-88.8421,47.977],[-88.8405,47.9781],[-88.841,47.9784]],[[-88.8445,47.9783],[-88.8446,47.9783],[-88.8447,47.9782],[-88.8445,47.9783]],[[-88.8429,47.9797],[-88.8456,47.9791],[-88.8464,47.9797],[-88.8447,47.9803],[-88.8474,47.9806],[-88.8485,47.979],[-88.847,47.9803],[-88.8475,47.9782],[-88.8468,47.9792],[-88.8456,47.9787],[-88.8416,47.9794],[-88.8439,47.9779],[-88.8436,47.9779],[-88.8405,47.9794],[-88.8429,47.9797]],[[-88.8272,47.9854],[-88.8313,47.9845],[-88.8327,47.9836],[-88.8294,47.9836],[-88.8272,47.9854]],[[-88.828,47.9836],[-88.8282,47.9837],[-88.8283,47.9837],[-88.828,47.9836]],[[-88.8344,47.9823],[-88.836,47.9821],[-88.8361,47.9819],[-88.8344,47.9823]],[[-88.8363,47.9838],[-88.8379,47.9838],[-88.8395,47.9828],[-88.8363,47.9838]],[[-88.8244,47.9825],[-88.8213,47.9833],[-88.8221,47.9841],[-88.8207,47.9852],[-88.8161,47.9863],[-88.817,47.9867],[-88.815,47.9892],[-88.8234,47.9867],[-88.8246,47.9854],[-88.8227,47.9844],[-88.8252,47.9832],[-88.8225,47.9833],[-88.8244,47.9825]],[[-88.7854,47.9882],[-88.7855,47.9892],[-88.7875,47.9886],[-88.7865,47.9894],[-88.788,47.99],[-88.7881,47.9886],[-88.7871,47.9878],[-88.7892,47.9865],[-88.7854,47.9882]],[[-88.7975,47.9861],[-88.7976,47.9861],[-88.798,47.986],[-88.7975,47.9861]],[[-88.8153,47.9863],[-88.8161,47.9855],[-88.8138,47.9863],[-88.8153,47.9863]],[[-88.7885,47.9846],[-88.7877,47.9846],[-88.7875,47.9848],[-88.7876,47.9852],[-88.7885,47.9846]],[[-88.787,47.9859],[-88.7875,47.9864],[-88.7876,47.9856],[-88.787,47.9859]],[[-88.8286,47.9855],[-88.8268,47.9859],[-88.8266,47.986266666666666],[-88.8286,47.9855]],[[-88.8021,47.989],[-88.8022,47.9877],[-88.8007,47.988],[-88.8007,47.9888],[-88.8021,47.989]],[[-88.775,47.9892],[-88.7716,47.989],[-88.774,47.99],[-88.7703,47.9898],[-88.7723,47.9916],[-88.7753,47.9906],[-88.775,47.9892]],[[-88.7776,47.9915],[-88.7736,47.9927],[-88.7765,47.9922],[-88.7733,47.9938],[-88.78,47.9917],[-88.7773,47.992],[-88.7796,47.99],[-88.782,47.9911],[-88.7802,47.9922],[-88.7823,47.9911],[-88.7876,47.9907],[-88.7836,47.9892],[-88.7819,47.9901],[-88.7789,47.9894],[-88.7776,47.9915]],[[-88.7622,47.9895],[-88.7643,47.9897],[-88.7666,47.9884],[-88.7656,47.9882],[-88.7622,47.9895]],[[-88.766,47.9867],[-88.7625,47.9867],[-88.7587,47.988],[-88.7635,47.9878],[-88.766,47.9867]],[[-88.7607,47.9906],[-88.7617,47.9904],[-88.7613,47.9895],[-88.7608,47.9896],[-88.7607,47.9906]],[[-88.7633,47.9901],[-88.763,47.9902],[-88.7631,47.9902],[-88.7633,47.9901]],[[-88.7539,47.9905],[-88.7548,47.9896],[-88.7559,47.9899],[-88.7586,47.9884],[-88.7569,47.9875],[-88.7556,47.9896],[-88.7555,47.9886],[-88.7543,47.9889],[-88.7539,47.9905]],[[-88.7443,47.9922],[-88.7419,47.9924],[-88.745,47.9939],[-88.7477,47.992],[-88.7485,47.9925],[-88.7506,47.992],[-88.7472,47.9915],[-88.7441,47.9931],[-88.7443,47.9922]],[[-88.7701,47.9961],[-88.7661,47.9968],[-88.7683,47.9968],[-88.773,47.9959],[-88.7754,47.9968],[-88.7757,47.996],[-88.7745,47.9955],[-88.7714,47.996],[-88.771,47.9947],[-88.7701,47.9961]],[[-88.7454,47.9957],[-88.7449,47.9946],[-88.7444,47.9954],[-88.7454,47.9957]],[[-88.746,47.9965],[-88.7449,47.9961],[-88.7441,47.9967],[-88.7449,47.9968],[-88.746,47.9965]],[[-88.7651,47.996],[-88.7652,47.9968],[-88.7661,47.9962],[-88.7651,47.996]],[[-88.7428,47.997],[-88.7419,47.9965],[-88.7406,47.9973],[-88.7421,47.9978],[-88.7428,47.997]],[[-88.739,47.9971],[-88.738,47.9992],[-88.7394,47.999],[-88.74,47.9987],[-88.7382,47.9989],[-88.74,47.9981],[-88.739,47.9971]],[[-88.7522,47.9987],[-88.7516,47.9977],[-88.7502,47.9993],[-88.7522,47.9987]],[[-88.7483,47.9961],[-88.7468,47.9967],[-88.7468,47.9982],[-88.7483,47.9961]],[[-88.7367,47.9943],[-88.735,47.995],[-88.735,47.9952],[-88.7363,47.995],[-88.7367,47.9943]],[[-88.7345,47.9987],[-88.7318,48.0009],[-88.7366,48.0006],[-88.7368,47.9997],[-88.7341,47.9997],[-88.7375,47.9991],[-88.7374,47.998],[-88.7364,47.9983],[-88.7373,47.9976],[-88.736,47.9982],[-88.7359,47.9977],[-88.7377,47.9967],[-88.7359,47.9958],[-88.7388,47.9963],[-88.7396,47.9945],[-88.7359,47.9954],[-88.7345,47.9987]],[[-88.7313,48.0008],[-88.7327,47.9999],[-88.7308,48.0008],[-88.7313,48.0008]],[[-88.7295,47.9993],[-88.7295,48.001],[-88.7306,47.9995],[-88.7295,47.9993]],[[-88.6522,48.025],[-88.6655,48.0194],[-88.6698,48.0165],[-88.6669,48.0167],[-88.6569,48.0216],[-88.6535,48.0236],[-88.6514,48.0253],[-88.6544,48.0254],[-88.6522,48.025]],[[-88.9583,47.9356],[-88.9561,47.9363],[-88.9584,47.9359],[-88.9583,47.9356]],[[-88.9462,47.9374],[-88.9469,47.9368],[-88.9485,47.9359],[-88.9464,47.9362],[-88.9462,47.9374]],[[-88.9314,47.9443],[-88.9286,47.9457],[-88.932,47.9445],[-88.9314,47.9443]],[[-88.9312,47.9462],[-88.9325,47.9461],[-88.9327,47.9453],[-88.9312,47.9462]],[[-88.9519,47.9338],[-88.9503,47.9345],[-88.9477,47.9355],[-88.9502,47.935],[-88.9519,47.9338]],[[-88.9366,47.9448],[-88.9395,47.9421],[-88.9416,47.9417],[-88.9402,47.9414],[-88.9345,47.9432],[-88.9363,47.943],[-88.9366,47.9448]],[[-88.9259,47.9478],[-88.9249,47.9482],[-88.9241,47.949],[-88.9255,47.9487],[-88.9259,47.9478]],[[-88.9284,47.9448],[-88.9305,47.9439],[-88.9308,47.9436],[-88.9284,47.9448]],[[-88.9193,47.9477],[-88.9181,47.9478],[-88.9176,47.9482],[-88.918,47.9483],[-88.9193,47.9477]],[[-88.9022,47.9572],[-88.8981,47.9585],[-88.8979,47.9589],[-88.9022,47.9572]],[[-88.8812,47.9622],[-88.8811,47.9631],[-88.8823,47.9622],[-88.8812,47.9622]],[[-88.8576,47.9674],[-88.8544,47.9683],[-88.8586,47.9677],[-88.8576,47.9674]],[[-88.8549,47.9666],[-88.8525,47.9679],[-88.8556,47.9667],[-88.8549,47.9666]],[[-88.9166,47.9476],[-88.9158,47.9483],[-88.9174,47.9476],[-88.9166,47.9476]],[[-88.9004,47.9561],[-88.9022,47.9549],[-88.8984,47.956],[-88.9004,47.9561]],[[-88.8976,47.9584],[-88.9014,47.9572],[-88.9018,47.9567],[-88.8987,47.9576],[-88.8976,47.9584]],[[-88.8885,47.9581],[-88.8882,47.9594],[-88.8889,47.9592],[-88.8885,47.9581]],[[-88.8823,47.9652],[-88.8842,47.9651],[-88.885,47.9645],[-88.8823,47.9652]],[[-88.8696,47.9721],[-88.8723,47.9724],[-88.874,47.9717],[-88.8696,47.9721]],[[-88.8689,47.9704],[-88.8706,47.9711],[-88.8708,47.9708],[-88.8689,47.9704]],[[-88.8677,47.9705],[-88.8724,47.9688],[-88.8725,47.9684],[-88.8685,47.9692],[-88.8677,47.9705]],[[-88.8739,47.9674],[-88.8728,47.9672],[-88.8727,47.9674],[-88.8739,47.9674]],[[-88.8334,47.9842],[-88.8367,47.9833],[-88.8372,47.9829],[-88.834,47.9836],[-88.8334,47.9842]],[[-88.8147,47.9869],[-88.8122,47.9868],[-88.8119,47.9882],[-88.8147,47.9869]],[[-88.813,47.9877],[-88.8121,47.9886],[-88.814,47.9875],[-88.813,47.9877]],[[-88.8735,47.9607],[-88.8771,47.9606],[-88.8775,47.9603],[-88.8735,47.9607]],[[-88.7692,47.9933],[-88.7699,47.9946],[-88.768,47.9946],[-88.7678,47.9952],[-88.7699,47.9949],[-88.7707,47.9939],[-88.7692,47.9933]],[[-88.6793,48.0103],[-88.6764,48.0109],[-88.6761,48.0116],[-88.6793,48.0103]],[[-88.7783,47.987],[-88.7785,47.9879],[-88.7803,47.9866],[-88.7783,47.987]],[[-88.7813,47.9844],[-88.7791,47.9846],[-88.779,47.9848],[-88.7809,47.985],[-88.7813,47.9844]],[[-88.7828,47.9863],[-88.7832,47.9854],[-88.7817,47.9866],[-88.7828,47.9863]],[[-88.7767,47.9867],[-88.7775,47.9868],[-88.7763,47.9862],[-88.7767,47.9867]],[[-88.7794,47.9863],[-88.7783,47.9865],[-88.7783,47.9867],[-88.7794,47.9863]],[[-88.7962,47.9889],[-88.7988,47.9871],[-88.7969,47.9874],[-88.7962,47.9889]],[[-88.7583,47.9903],[-88.76,47.991],[-88.7606,47.9899],[-88.7604,47.9898],[-88.7583,47.9903]],[[-88.7911,47.9905],[-88.7913,47.9906],[-88.7914,47.9906],[-88.7911,47.9905]],[[-88.7851,47.9911],[-88.7852,47.9919],[-88.7859,47.9915],[-88.7851,47.9911]],[[-88.7818,47.9932],[-88.7846,47.9911],[-88.7805,47.9929],[-88.7818,47.9932]],[[-88.7848,47.9922],[-88.7839,47.9921],[-88.7835,47.9925],[-88.7848,47.9922]],[[-88.7673,47.9952],[-88.7661,47.9951],[-88.7672,47.9944],[-88.7654,47.9951],[-88.766,47.9958],[-88.767,47.9956],[-88.7673,47.9952]],[[-88.7591,48.0048],[-88.7577,48.0044],[-88.7577,48.0052],[-88.7591,48.0048]],[[-88.7428,47.9944],[-88.7443,47.9946],[-88.742,47.9929],[-88.7412,47.9935],[-88.7428,47.9944]],[[-88.7475,47.994],[-88.7453,47.9942],[-88.7444,47.9943],[-88.7475,47.994]],[[-88.7566,47.9969],[-88.7568,47.9968],[-88.7567,47.9968],[-88.7566,47.9969]],[[-88.7486,48.0061],[-88.7459,48.0047],[-88.744,48.0059],[-88.7472,48.0066],[-88.7486,48.0061]],[[-88.6959,48.0063],[-88.7022,48.003],[-88.6999,48.0019],[-88.6944,48.0055],[-88.6969,48.0052],[-88.6959,48.0063]],[[-88.7086,48.0043],[-88.7077,48.0049],[-88.7091,48.0044],[-88.7086,48.0043]],[[-88.7022,48.004],[-88.7022,48.005],[-88.7036,48.0042],[-88.7022,48.004]],[[-88.6891,48.0062],[-88.6824,48.009],[-88.6897,48.0067],[-88.6891,48.0062]],[[-88.6698,48.0138],[-88.6687,48.0139],[-88.6685,48.0143],[-88.6698,48.0138]],[[-88.6492,48.0244],[-88.6492,48.0234],[-88.6484,48.0244],[-88.6492,48.0244]],[[-88.6539,48.0215],[-88.6567,48.021],[-88.6592,48.0193],[-88.6642,48.0172],[-88.6666,48.0158],[-88.6539,48.0215]],[[-88.6662,48.0152],[-88.6687,48.0156],[-88.6693,48.0152],[-88.6683,48.0147],[-88.6662,48.0152]],[[-88.6501,48.0268],[-88.6498,48.0264],[-88.6495,48.0268],[-88.6501,48.0268]],[[-88.7957,47.989],[-88.7943,47.9893],[-88.7946,47.9897],[-88.7957,47.989]],[[-88.7927,47.9886],[-88.7904,47.9895],[-88.793,47.9888],[-88.7927,47.9886]],[[-88.7277,47.998],[-88.7269,47.999],[-88.7293,47.9981],[-88.7277,47.998]],[[-88.7601,47.9922],[-88.7619,47.9922],[-88.7627,47.9918],[-88.7601,47.9922]],[[-88.7533,47.9921],[-88.7497,47.9929],[-88.7527,47.993],[-88.7533,47.9921]],[[-88.7562,47.994],[-88.7552,47.9936],[-88.7541,47.9943],[-88.7551,47.9946],[-88.7562,47.994]],[[-88.7493,47.9935],[-88.7503,47.9944],[-88.7505,47.9932],[-88.7493,47.9935]],[[-88.7752,47.9952],[-88.776,47.9954],[-88.7776,47.995],[-88.7763,47.9943],[-88.7752,47.9952]],[[-88.7662,47.9972],[-88.7689,47.9983],[-88.7723,47.9977],[-88.7719,47.9969],[-88.7662,47.9972]],[[-88.7389,47.9934],[-88.7403,47.9936],[-88.7417,47.9927],[-88.7408,47.9916],[-88.7381,47.9938],[-88.7408,47.9947],[-88.7415,47.9938],[-88.7389,47.9934]],[[-88.7393,47.9924],[-88.7374,47.993],[-88.7372,47.9933],[-88.7393,47.9924]],[[-88.7356,48.0031],[-88.7342,48.003],[-88.7335,48.0035],[-88.7344,48.0038],[-88.7356,48.0031]],[[-88.7563,47.9981],[-88.7586,47.9984],[-88.7596,47.998],[-88.7572,47.997],[-88.7563,47.9981]],[[-88.7398,48.0002],[-88.7388,48.0001],[-88.7388,48.0002],[-88.7398,48.0002]],[[-88.7432,47.9977],[-88.7427,47.9987],[-88.7438,47.9977],[-88.7432,47.9977]],[[-88.7139,48.0012],[-88.7133,48.0022],[-88.7117,48.001],[-88.7104,48.0035],[-88.716,48.0017],[-88.7139,48.0012]],[[-88.6628,48.0216],[-88.6601,48.0223],[-88.6594,48.0229],[-88.6628,48.0216]],[[-88.6467,48.0274],[-88.6469,48.0277],[-88.6483,48.027],[-88.6467,48.0274]],[[-88.6484,48.0279],[-88.6487,48.0273],[-88.6471,48.028],[-88.6484,48.0279]]]},{"type":"Polygon","coordinates":[[[-88.9195,47.9803],[-88.9233,47.9804],[-88.9221,47.9812],[-88.9185,47.981],[-88.9195,47.9803]],[[-88.9223,47.9805],[-88.9224,47.9806],[-88.9226,47.9804],[-88.9223,47.9805]]]},{"type":"Polygon","coordinates":[[[-88.9254,47.9834],[-88.9242,47.9839],[-88.9228,47.984],[-88.9254,47.9834]]]},{"type":"Polygon","coordinates":[[[-88.8349,47.9847],[-88.8348,47.9846],[-88.8349,47.9846],[-88.8349,47.9847]]]},{"type":"Polygon","coordinates":[[[-88.8673,47.9949],[-88.8674,47.995],[-88.8673,47.995],[-88.8673,47.9949]]]},{"type":"Polygon","coordinates":[[[-88.867,47.9957],[-88.8677,47.995],[-88.8674,47.9948],[-88.8683,47.9947],[-88.867,47.9957]]]},{"type":"Polygon","coordinates":[[[-88.93,47.9947],[-88.9299,47.9955],[-88.9279,47.9954],[-88.93,47.9947]]]},{"type":"Polygon","coordinates":[[[-88.859,48.0031],[-88.8577,48.0031],[-88.8576,48.0023],[-88.8589,48.0021],[-88.859,48.0031]]]},{"type":"Polygon","coordinates":[[[-88.9296,48.0021],[-88.9266,48.0037],[-88.9256,48.0036],[-88.9296,48.0021]]]},{"type":"Polygon","coordinates":[[[-88.887,48.0031],[-88.8852,48.0035],[-88.8848,48.003],[-88.887,48.0031]]]},{"type":"Polygon","coordinates":[[[-88.8251,48.0146],[-88.829,48.0128],[-88.8288,48.0135],[-88.8279,48.0141],[-88.8251,48.0146]]]},{"type":"Polygon","coordinates":[[[-88.8961,48.0159],[-88.8983,48.0149],[-88.8999,48.0148],[-88.8983,48.0156],[-88.8961,48.0159]]]},{"type":"Polygon","coordinates":[[[-88.8359,48.0156],[-88.8355,48.0167],[-88.8348,48.0163],[-88.8359,48.0156]]]},{"type":"Polygon","coordinates":[[[-89.2164,47.8657],[-89.2195,47.8668],[-89.2183,47.8678],[-89.2192,47.868],[-89.221,47.866],[-89.2226,47.8681],[-89.2015,47.881],[-89.1946,47.8837],[-89.1978,47.8814],[-89.1946,47.8808],[-89.1902,47.8842],[-89.1949,47.8851],[-89.1969,47.8833],[-89.1976,47.8858],[-89.1944,47.8852],[-89.1922,47.8857],[-89.1903,47.8849],[-89.189,47.8855],[-89.1886,47.8843],[-89.187,47.8845],[-89.1813,47.8866],[-89.1784,47.8901],[-89.1803,47.8908],[-89.1892,47.8889],[-89.1872,47.886],[-89.1882,47.8845],[-89.1888,47.8856],[-89.2006,47.8865],[-89.1974,47.8881],[-89.1983,47.8893],[-89.2029,47.8861],[-89.211,47.8855],[-89.2104,47.8885],[-89.2052,47.8901],[-89.2098,47.8896],[-89.2083,47.8912],[-89.206,47.8918],[-89.2014,47.89],[-89.1897,47.8957],[-89.2025,47.8919],[-89.2014,47.8937],[-89.1955,47.8961],[-89.1848,47.8978],[-89.1782,47.9005],[-89.1745,47.9003],[-89.167,47.9037],[-89.1601,47.9087],[-89.156,47.9147],[-89.1568,47.9169],[-89.1507,47.9168],[-89.1521,47.9176],[-89.1458,47.9212],[-89.1434,47.9235],[-89.1376,47.9239],[-89.1358,47.9248],[-89.1346,47.9239],[-89.1382,47.923],[-89.1337,47.9229],[-89.1323,47.9248],[-89.1251,47.9263],[-89.1265,47.9274],[-89.1335,47.9261],[-89.1302,47.9282],[-89.1118,47.9295],[-89.1099,47.9315],[-89.1044,47.9318],[-89.1,47.9335],[-89.1087,47.9316],[-89.1101,47.9323],[-89.1176,47.9292],[-89.1239,47.9297],[-89.1299,47.9284],[-89.1293,47.9302],[-89.1259,47.9306],[-89.1251,47.9318],[-89.1284,47.9306],[-89.1307,47.9328],[-89.1308,47.9315],[-89.129,47.9305],[-89.1298,47.9301],[-89.1299,47.9289],[-89.1313,47.9279],[-89.1324,47.9286],[-89.1375,47.9244],[-89.1397,47.9244],[-89.139,47.9249],[-89.139,47.9268],[-89.1398,47.9245],[-89.1433,47.9238],[-89.1465,47.9211],[-89.1519,47.9199],[-89.1566,47.9174],[-89.1615,47.9178],[-89.1581,47.9202],[-89.1622,47.9184],[-89.1635,47.9192],[-89.1661,47.9172],[-89.166,47.9152],[-89.1705,47.9119],[-89.1798,47.9117],[-89.1799,47.9087],[-89.1784,47.9075],[-89.1795,47.9058],[-89.198,47.9021],[-89.2024,47.9003],[-89.1979,47.8999],[-89.1984,47.8989],[-89.2056,47.8968],[-89.2073,47.8974],[-89.2087,47.8955],[-89.2121,47.8959],[-89.2165,47.8922],[-89.22,47.8924],[-89.2197,47.8942],[-89.2216,47.8942],[-89.2223,47.8945],[-89.2221,47.8954],[-89.2197,47.8957],[-89.22,47.8973],[-89.2184,47.8985],[-89.2072,47.903],[-89.2119,47.9014],[-89.2119,47.9027],[-89.2055,47.9048],[-89.2064,47.9054],[-89.2121,47.9029],[-89.2111,47.9051],[-89.208,47.9068],[-89.2064,47.9084],[-89.2106,47.9065],[-89.2106,47.909],[-89.2053,47.9106],[-89.2037,47.9097],[-89.2047,47.9082],[-89.2037,47.9081],[-89.1982,47.9099],[-89.1956,47.9121],[-89.1979,47.9116],[-89.1966,47.9134],[-89.1974,47.9136],[-89.2,47.9118],[-89.1993,47.9104],[-89.2029,47.9088],[-89.2031,47.9116],[-89.209,47.9102],[-89.2113,47.9088],[-89.2117,47.9079],[-89.2151,47.9083],[-89.2117,47.9074],[-89.2134,47.9035],[-89.2123,47.9012],[-89.2199,47.8987],[-89.2199,47.9002],[-89.2214,47.9005],[-89.2184,47.9046],[-89.223,47.9057],[-89.2191,47.9078],[-89.2191,47.9097],[-89.2208,47.911],[-89.2134,47.9142],[-89.2117,47.9135],[-89.2104,47.9145],[-89.2088,47.9131],[-89.2045,47.915],[-89.2078,47.9157],[-89.1987,47.9197],[-89.2007,47.9192],[-89.201,47.9213],[-89.1994,47.9226],[-89.2013,47.923],[-89.1931,47.9271],[-89.1873,47.9287],[-89.189,47.9279],[-89.1886,47.9277],[-89.1824,47.9302],[-89.1856,47.9294],[-89.1791,47.9353],[-89.1754,47.9349],[-89.1713,47.9386],[-89.1462,47.9479],[-89.1343,47.9516],[-89.1081,47.9633],[-89.0877,47.9705],[-89.0376,47.9859],[-89.029,47.9897],[-89.0209,47.9907],[-89.0092,47.9963],[-89.001,47.9977],[-88.9873,48.0046],[-88.9558,48.0133],[-88.9516,48.0133],[-88.9493,48.0167],[-88.945,48.0167],[-88.9412,48.0192],[-88.9312,48.022],[-88.9258,48.0203],[-88.913,48.0239],[-88.9148,48.0224],[-88.9065,48.0242],[-88.9159,48.0196],[-88.9171,48.0205],[-88.9186,48.0197],[-88.9167,48.0189],[-88.9196,48.0195],[-88.9247,48.0177],[-88.9222,48.0172],[-88.925,48.0165],[-88.925,48.014],[-88.9277,48.0134],[-88.9281,48.0126],[-88.9226,48.0146],[-88.9247,48.0143],[-88.9245,48.0162],[-88.9225,48.0162],[-88.9191,48.0184],[-88.9171,48.0184],[-88.9136,48.0206],[-88.9108,48.0198],[-88.9069,48.0218],[-88.9045,48.0211],[-88.9048,48.0222],[-88.902,48.0217],[-88.8994,48.024],[-88.8968,48.0225],[-88.8974,48.025],[-88.8919,48.0273],[-88.8928,48.0277],[-88.8909,48.0285],[-88.8908,48.0299],[-88.8892,48.0294],[-88.8894,48.0303],[-88.8927,48.0295],[-88.9047,48.0243],[-88.9061,48.0245],[-88.8948,48.029],[-88.8925,48.0319],[-88.8804,48.0348],[-88.8806,48.0333],[-88.888,48.0306],[-88.8862,48.0303],[-88.8822,48.0325],[-88.8792,48.0319],[-88.8735,48.0356],[-88.8489,48.0443],[-88.8267,48.0489],[-88.8217,48.0512],[-88.822,48.0535],[-88.8249,48.0527],[-88.824,48.0538],[-88.815,48.0581],[-88.8119,48.0581],[-88.8202,48.054],[-88.821,48.0529],[-88.8144,48.056],[-88.8104,48.0553],[-88.7992,48.0594],[-88.7955,48.0576],[-88.7977,48.0601],[-88.7893,48.0625],[-88.7711,48.0706],[-88.7745,48.0715],[-88.7719,48.0726],[-88.7741,48.0732],[-88.7718,48.0744],[-88.7736,48.0744],[-88.7688,48.0766],[-88.7713,48.0763],[-88.7687,48.078],[-88.7718,48.078],[-88.7718,48.0792],[-88.7619,48.0848],[-88.7642,48.0853],[-88.7128,48.1029],[-88.6917,48.1125],[-88.6894,48.1121],[-88.6873,48.1131],[-88.6863,48.1128],[-88.7153,48.1],[-88.7095,48.1014],[-88.6929,48.1097],[-88.6882,48.1114],[-88.6868,48.1114],[-88.6924,48.1094],[-88.6871,48.1111],[-88.6912,48.1076],[-88.6902,48.1072],[-88.6925,48.1047],[-88.6965,48.103],[-88.6958,48.1022],[-88.6982,48.0988],[-88.7022,48.0955],[-88.7062,48.0943],[-88.7052,48.0921],[-88.7091,48.0878],[-88.709,48.0865],[-88.7134,48.0834],[-88.7136,48.0811],[-88.7149,48.0802],[-88.7214,48.0729],[-88.7246,48.0712],[-88.7237,48.0704],[-88.7271,48.0658],[-88.7314,48.0635],[-88.7295,48.063],[-88.7338,48.0616],[-88.7331,48.061],[-88.7343,48.06],[-88.7365,48.0596],[-88.7393,48.0583],[-88.7469,48.0583],[-88.7477,48.0571],[-88.75,48.0574],[-88.767,48.0527],[-88.7691,48.0539],[-88.7692,48.0528],[-88.7677,48.0524],[-88.7742,48.0499],[-88.7755,48.0498],[-88.7743,48.051],[-88.78,48.0494],[-88.7865,48.049],[-88.7872,48.0505],[-88.7858,48.0516],[-88.787,48.0525],[-88.7775,48.054],[-88.7844,48.0542],[-88.801,48.0497],[-88.8086,48.0491],[-88.8106,48.0484],[-88.8049,48.0471],[-88.8096,48.0461],[-88.8105,48.0455],[-88.8049,48.0466],[-88.8057,48.0454],[-88.8041,48.0452],[-88.8089,48.0439],[-88.8121,48.0408],[-88.8114,48.0401],[-88.8133,48.0404],[-88.8215,48.0368],[-88.8246,48.0376],[-88.8155,48.0413],[-88.8139,48.043],[-88.8147,48.0437],[-88.8179,48.0428],[-88.8156,48.0431],[-88.8154,48.0422],[-88.8207,48.0414],[-88.8202,48.0406],[-88.8223,48.0394],[-88.8266,48.0387],[-88.8253,48.0411],[-88.8206,48.0426],[-88.8178,48.0451],[-88.8142,48.0449],[-88.8124,48.0464],[-88.8155,48.0458],[-88.812,48.0475],[-88.8121,48.0477],[-88.8249,48.0424],[-88.8296,48.0398],[-88.8343,48.04],[-88.8339,48.0382],[-88.8366,48.037],[-88.8649,48.0269],[-88.8635,48.0259],[-88.8606,48.0265],[-88.8617,48.0269],[-88.8589,48.0277],[-88.859,48.0287],[-88.8459,48.0331],[-88.8436,48.0327],[-88.8386,48.0347],[-88.8392,48.0357],[-88.8366,48.0369],[-88.8285,48.0385],[-88.8275,48.0369],[-88.8311,48.0356],[-88.8278,48.0359],[-88.8321,48.0318],[-88.8312,48.0312],[-88.8362,48.0287],[-88.8415,48.0283],[-88.8411,48.0275],[-88.8592,48.0209],[-88.8889,48.0133],[-88.8923,48.0108],[-88.9055,48.0105],[-88.9016,48.0132],[-88.8889,48.0174],[-88.8873,48.0171],[-88.8829,48.0199],[-88.874,48.0224],[-88.8723,48.0222],[-88.8786,48.0203],[-88.8711,48.0215],[-88.8702,48.0225],[-88.8724,48.0231],[-88.8714,48.0248],[-88.8721,48.0262],[-88.869,48.0277],[-88.8695,48.028],[-88.8754,48.0257],[-88.8725,48.0258],[-88.8746,48.0241],[-88.9024,48.0148],[-88.9044,48.0138],[-88.9031,48.0134],[-88.9036,48.0125],[-88.908,48.0116],[-88.9056,48.0133],[-88.9104,48.0115],[-88.9098,48.0131],[-88.9103,48.0135],[-88.9127,48.012],[-88.9103,48.0112],[-88.919,48.0095],[-88.9249,48.0069],[-88.914,48.0095],[-88.9126,48.009],[-88.914025,48.007725],[-88.9073,48.0086],[-88.9047,48.0065],[-88.9011,48.0069],[-88.8886,48.0114],[-88.8867,48.0131],[-88.8795,48.0146],[-88.8719,48.0141],[-88.8517,48.0216],[-88.8485,48.0214],[-88.8476,48.0197],[-88.8456,48.0202],[-88.8467,48.0215],[-88.8398,48.0242],[-88.835,48.0289],[-88.825,48.0339],[-88.8286,48.0336],[-88.8283,48.0344],[-88.8181,48.0364],[-88.8102,48.0397],[-88.8108,48.0407],[-88.8087,48.0423],[-88.8073,48.041],[-88.8072,48.0425],[-88.7841,48.0455],[-88.7804,48.0482],[-88.764,48.0514],[-88.7532,48.0559],[-88.7466,48.0563],[-88.7462,48.0577],[-88.7415,48.0577],[-88.7407,48.057],[-88.7416,48.056],[-88.7407,48.0558],[-88.7401,48.0572],[-88.7411,48.0578],[-88.7314,48.0602],[-88.7251,48.0641],[-88.7092,48.0674],[-88.6964,48.0753],[-88.6829,48.0811],[-88.6836,48.0829],[-88.6876,48.0798],[-88.6933,48.0786],[-88.6939,48.0798],[-88.6949,48.0799],[-88.6993,48.0783],[-88.6869,48.0848],[-88.7001,48.0783],[-88.7016,48.0789],[-88.6952,48.0821],[-88.7061,48.0774],[-88.7066,48.0778],[-88.6863,48.088],[-88.6778,48.0894],[-88.677,48.089],[-88.6798,48.0876],[-88.6735,48.0879],[-88.6764,48.0862],[-88.6753,48.0859],[-88.6711,48.0887],[-88.6716,48.0877],[-88.6693,48.0878],[-88.6522,48.0926],[-88.6477,48.0926],[-88.6448,48.093],[-88.6496,48.0903],[-88.6515,48.0911],[-88.651,48.0891],[-88.6571,48.0878],[-88.6495,48.0892],[-88.6453,48.0907],[-88.6415,48.0939],[-88.652,48.0928],[-88.6543,48.0945],[-88.6508,48.096],[-88.6516,48.0966],[-88.6505,48.0978],[-88.6543,48.0971],[-88.6456,48.1004],[-88.6443,48.0997],[-88.6477,48.0987],[-88.6432,48.0988],[-88.6299,48.1048],[-88.6221,48.1061],[-88.6187,48.1074],[-88.6068,48.1132],[-88.6055,48.1153],[-88.5981,48.1179],[-88.5967,48.1195],[-88.6077,48.1151],[-88.6086,48.1126],[-88.6177,48.1094],[-88.6219,48.1065],[-88.6254,48.1073],[-88.6215,48.1092],[-88.6218,48.1115],[-88.6032,48.1184],[-88.5893,48.125],[-88.5912,48.1253],[-88.5867,48.1271],[-88.6036,48.1207],[-88.6046,48.12],[-88.5971,48.1226],[-88.604,48.119],[-88.6077,48.1187],[-88.6071,48.1176],[-88.6125,48.1171],[-88.598,48.1246],[-88.579,48.1306],[-88.5558,48.1353],[-88.5552,48.1369],[-88.5526,48.1369],[-88.5508,48.1387],[-88.55,48.1374],[-88.5437,48.1375],[-88.5403,48.1402],[-88.5287,48.1454],[-88.507,48.153],[-88.4785,48.1696],[-88.4583,48.1767],[-88.4413,48.1857],[-88.4219,48.1909],[-88.4227,48.1888],[-88.4296,48.1844],[-88.4541,48.1725],[-88.4535,48.1713],[-88.4555,48.17],[-88.4601,48.1678],[-88.4639,48.167],[-88.4761,48.1598],[-88.4779,48.1598],[-88.4899,48.1547],[-88.5158,48.1418],[-88.5254,48.1385],[-88.5336,48.1337],[-88.5429,48.1304],[-88.5542,48.1248],[-88.5449,48.1286],[-88.54,48.129],[-88.535,48.1331],[-88.5301,48.1347],[-88.5206,48.1398],[-88.5111,48.1423],[-88.5114,48.1429],[-88.5104,48.1437],[-88.5035,48.1477],[-88.4932,48.151],[-88.4796,48.1586],[-88.4755,48.1587],[-88.4838,48.1554],[-88.4737,48.1581],[-88.4903,48.1502],[-88.494,48.1501],[-88.5013,48.1473],[-88.5025,48.1464],[-88.4967,48.1487],[-88.495,48.1485],[-88.4979,48.148],[-88.5001,48.1469],[-88.5018,48.1457],[-88.5001,48.1463],[-88.4997,48.146],[-88.5014,48.1452],[-88.5068,48.1441],[-88.5064,48.1429],[-88.5117,48.1413],[-88.5405,48.1259],[-88.5448,48.125],[-88.5468,48.1233],[-88.5768,48.1095],[-88.5795,48.1095],[-88.5823,48.1075],[-88.5846,48.1074],[-88.5861,48.1061],[-88.5996,48.1017],[-88.6096,48.0977],[-88.6123,48.0984],[-88.6122,48.0971],[-88.6158,48.0951],[-88.6437,48.0828],[-88.6568,48.0786],[-88.6562,48.0778],[-88.6629,48.0749],[-88.6673,48.0748],[-88.6682,48.0741],[-88.6671,48.0739],[-88.6758,48.0711],[-88.6511,48.0776],[-88.6535,48.0778],[-88.6344,48.0857],[-88.6312,48.0853],[-88.6248,48.0907],[-88.6142,48.0942],[-88.6094,48.0941],[-88.6152,48.0946],[-88.6111,48.0957],[-88.6092,48.0976],[-88.5849,48.1055],[-88.5537,48.1184],[-88.55,48.1172],[-88.5499,48.1188],[-88.5421,48.1213],[-88.5306,48.1283],[-88.5389,48.1257],[-88.5334,48.1291],[-88.513,48.1357],[-88.4914,48.1455],[-88.4902,48.147],[-88.486,48.1476],[-88.4757,48.1533],[-88.4792,48.1521],[-88.4776,48.1538],[-88.4699,48.1551],[-88.4567,48.1624],[-88.4503,48.1641],[-88.4512,48.1637],[-88.4505,48.163],[-88.4603,48.1584],[-88.4633,48.1551],[-88.4737,48.1515],[-88.4741,48.1494],[-88.4758,48.1487],[-88.4749,48.1495],[-88.4771,48.1501],[-88.482,48.1484],[-88.4801,48.1467],[-88.4779,48.1488],[-88.4808,48.1485],[-88.4766,48.1495],[-88.4764,48.1485],[-88.4792,48.1467],[-88.4853,48.1442],[-88.4837,48.1456],[-88.487,48.1457],[-88.5038,48.1375],[-88.5052,48.1379],[-88.5043,48.1368],[-88.5068,48.1355],[-88.5107,48.1352],[-88.5088,48.1348],[-88.5117,48.1332],[-88.5083,48.1344],[-88.513,48.1317],[-88.5168,48.1313],[-88.5241,48.1256],[-88.5292,48.1246],[-88.5373,48.1193],[-88.5564,48.1107],[-88.5551,48.1102],[-88.5444,48.1158],[-88.5423,48.1154],[-88.5432,48.1138],[-88.555,48.1079],[-88.5719,48.1015],[-88.5737,48.0998],[-88.5761,48.0988],[-88.5793,48.0981],[-88.5834,48.0951],[-88.593,48.0933],[-88.5945,48.0918],[-88.5978,48.0928],[-88.598,48.0931],[-88.5975,48.0936],[-88.5977,48.0937],[-88.6005,48.0943],[-88.6026,48.0931],[-88.6037,48.0935],[-88.6055,48.0932],[-88.6063,48.0944],[-88.6082,48.0941],[-88.6056,48.093],[-88.6028,48.0928],[-88.5984,48.0935],[-88.598,48.0926],[-88.5967,48.092],[-88.6,48.0918],[-88.5996,48.0909],[-88.6033,48.09],[-88.6045,48.0883],[-88.6053,48.0891],[-88.608,48.0884],[-88.6072,48.088],[-88.6045,48.0881],[-88.5962,48.0902],[-88.6038,48.0874],[-88.613,48.0813],[-88.616,48.0809],[-88.6164,48.0802],[-88.6221,48.0774],[-88.6245,48.0768],[-88.6217,48.078],[-88.6228,48.0791],[-88.6242,48.0781],[-88.6289,48.0784],[-88.6253,48.0763],[-88.6283,48.0751],[-88.6335,48.0744],[-88.6314,48.076],[-88.632,48.0775],[-88.6307,48.076],[-88.6281,48.0766],[-88.6311,48.0781],[-88.6394,48.0761],[-88.6389,48.0752],[-88.6335,48.077],[-88.6347,48.0736],[-88.6393,48.0732],[-88.64,48.0727],[-88.6389,48.0724],[-88.641,48.0712],[-88.6362,48.0709],[-88.6441,48.0679],[-88.6454,48.0658],[-88.6469,48.0664],[-88.6477,48.0657],[-88.6464,48.0649],[-88.6476,48.0642],[-88.6517,48.0644],[-88.6459,48.0684],[-88.6497,48.0665],[-88.656,48.0663],[-88.6545,48.0658],[-88.6556,48.0647],[-88.6498,48.0662],[-88.6521,48.0645],[-88.6631,48.0631],[-88.6625,48.0623],[-88.6581,48.0632],[-88.6602,48.0618],[-88.6647,48.0625],[-88.6688,48.0606],[-88.6749,48.0616],[-88.6821,48.0587],[-88.6831,48.0593],[-88.6813,48.0598],[-88.6802,48.0621],[-88.6829,48.0618],[-88.6844,48.06],[-88.7148,48.0488],[-88.7188,48.0467],[-88.719,48.0456],[-88.7228,48.0462],[-88.721,48.0453],[-88.7238,48.0431],[-88.7135,48.0462],[-88.711,48.0453],[-88.712,48.0448],[-88.7112,48.0432],[-88.7126,48.0425],[-88.7273,48.0417],[-88.7293,48.0411],[-88.7299,48.0404],[-88.7329,48.0413],[-88.7434,48.0411],[-88.7417,48.0427],[-88.7341,48.044],[-88.7287,48.0457],[-88.7259,48.0469],[-88.7262,48.047],[-88.7436,48.0431],[-88.7449,48.0409],[-88.7524,48.0392],[-88.7546,48.0405],[-88.7539,48.0392],[-88.7553,48.0396],[-88.7557,48.0394],[-88.7545,48.037],[-88.7512,48.0391],[-88.7451,48.04],[-88.7303,48.0402],[-88.727,48.0416],[-88.7246,48.04],[-88.7254,48.0396],[-88.738,48.0376],[-88.7364,48.0386],[-88.739,48.0386],[-88.7401,48.0377],[-88.7385,48.0376],[-88.7521,48.0356],[-88.7603,48.0326],[-88.7572,48.0364],[-88.7574,48.0378],[-88.7595,48.0385],[-88.7647,48.0375],[-88.7628,48.0362],[-88.7764,48.0314],[-88.7633,48.0357],[-88.7583,48.0355],[-88.7622,48.0337],[-88.7621,48.0322],[-88.7671,48.0313],[-88.7682,48.0304],[-88.7673,48.0291],[-88.7682,48.0275],[-88.7723,48.0259],[-88.7732,48.0253],[-88.7724,48.0248],[-88.7721,48.0258],[-88.7671,48.0279],[-88.7638,48.0307],[-88.7439,48.0367],[-88.725,48.039],[-88.7211,48.0403],[-88.7103,48.0402],[-88.7085,48.0384],[-88.7114,48.0364],[-88.712,48.0356],[-88.7114,48.0352],[-88.7099,48.0358],[-88.7105,48.0365],[-88.7032,48.037],[-88.7076,48.0379],[-88.7063,48.04],[-88.7039,48.0401],[-88.7,48.0379],[-88.7001,48.036],[-88.6856,48.0307],[-88.6863,48.0297],[-88.6865,48.0309],[-88.6894,48.0303],[-88.6885,48.0292],[-88.69085,48.0279],[-88.6931,48.0252],[-88.6856,48.0298],[-88.6851,48.0289],[-88.6831,48.0299],[-88.6703,48.0272],[-88.6736,48.0283],[-88.6723,48.0289],[-88.6745,48.0285],[-88.6882,48.0319],[-88.6953,48.0364],[-88.6936,48.0372],[-88.6939,48.0366],[-88.692,48.0366],[-88.6897,48.0375],[-88.6932,48.037],[-88.6913,48.0386],[-88.6956,48.0366],[-88.6973,48.0371],[-88.6971,48.0393],[-88.6946,48.0398],[-88.6935,48.0406],[-88.6964,48.0398],[-88.6983,48.0388],[-88.6991,48.0394],[-88.6958,48.0408],[-88.6838,48.0421],[-88.6764,48.0465],[-88.6671,48.0489],[-88.6678,48.0501],[-88.6745,48.047],[-88.6833,48.0461],[-88.6839,48.0471],[-88.6818,48.0483],[-88.6775,48.0494],[-88.682,48.0487],[-88.6811,48.0495],[-88.6705,48.0519],[-88.6722,48.0507],[-88.6707,48.0503],[-88.6733,48.0492],[-88.6735,48.0484],[-88.6691,48.0503],[-88.6699,48.052],[-88.6679,48.0514],[-88.6664,48.0525],[-88.6615,48.0537],[-88.6555,48.0548],[-88.6543,48.0549],[-88.6638,48.0528],[-88.6631,48.0523],[-88.6587,48.0531],[-88.6591,48.0522],[-88.6565,48.0526],[-88.6575,48.0519],[-88.6517,48.0526],[-88.6576,48.0499],[-88.6605,48.0498],[-88.664,48.0492],[-88.6643,48.0489],[-88.6573,48.0498],[-88.6515,48.0516],[-88.6537,48.0499],[-88.6591,48.0491],[-88.6577,48.0488],[-88.6591,48.0481],[-88.6513,48.0507],[-88.6467,48.0502],[-88.6531,48.0468],[-88.6551,48.0463],[-88.6547,48.0479],[-88.6576,48.047],[-88.6553,48.0475],[-88.6569,48.0457],[-88.6548,48.0458],[-88.6578,48.044533333333334],[-88.6537,48.0451],[-88.6529,48.0434],[-88.6507,48.0445],[-88.6521,48.0451],[-88.6512,48.0459],[-88.6523,48.0469],[-88.6462,48.0474],[-88.6478,48.0487],[-88.6443,48.051],[-88.6379,48.0532],[-88.6364,48.0526],[-88.6425,48.0502],[-88.6372,48.0501],[-88.6363,48.0525],[-88.6318,48.0527],[-88.6296,48.0543],[-88.6359,48.0532],[-88.6304,48.0544],[-88.6309,48.0557],[-88.6274,48.0559],[-88.6296,48.0548],[-88.6288,48.0538],[-88.6354,48.051],[-88.6298,48.0526],[-88.6304,48.0507],[-88.629,48.0506],[-88.6345,48.05],[-88.6357,48.0491],[-88.6338,48.0491],[-88.6368,48.0488],[-88.641,48.0468],[-88.63,48.0489],[-88.6341,48.045],[-88.6363,48.0448],[-88.6483,48.0394],[-88.6444,48.0411],[-88.6435,48.041],[-88.6412,48.042],[-88.6406,48.0419],[-88.6516,48.0379],[-88.6426,48.0406],[-88.642,48.0399],[-88.6411,48.0405],[-88.6419,48.0411],[-88.6328,48.0446],[-88.6285,48.0491],[-88.6226,48.0523],[-88.6224,48.0543],[-88.6235,48.0548],[-88.6233,48.0534],[-88.6252,48.0519],[-88.6267,48.0526],[-88.6268,48.0507],[-88.6283,48.0505],[-88.6296,48.0527],[-88.6259,48.0558],[-88.6266,48.0582],[-88.6373,48.0563],[-88.6349,48.0558],[-88.6364,48.0553],[-88.6352,48.055],[-88.6366,48.0536],[-88.6364,48.055],[-88.6385,48.0552],[-88.6378,48.0546],[-88.6397,48.0539],[-88.6407,48.0547],[-88.6385,48.0558],[-88.6388,48.0566],[-88.6346,48.0576],[-88.6399,48.0566],[-88.6404,48.0585],[-88.6433,48.0571],[-88.6408,48.0574],[-88.6414,48.0566],[-88.6447,48.0565],[-88.6464,48.0556],[-88.6449,48.0554],[-88.6488,48.0544],[-88.6496,48.0548],[-88.647,48.0559],[-88.6499,48.0554],[-88.6501,48.0576],[-88.6521,48.0551],[-88.6547,48.0562],[-88.6676,48.0524],[-88.674,48.0525],[-88.6575,48.0579],[-88.6532,48.0586],[-88.6585,48.0564],[-88.6561,48.056],[-88.649,48.0594],[-88.6377,48.0617],[-88.6328,48.0586],[-88.6341,48.0607],[-88.6294,48.061],[-88.6247,48.0635],[-88.6218,48.0691],[-88.6224,48.0704],[-88.6172,48.0741],[-88.6168,48.0762],[-88.6058,48.0793],[-88.5974,48.085],[-88.589,48.0885],[-88.5794,48.0905],[-88.5802,48.0902],[-88.5787,48.0886],[-88.5827,48.087],[-88.5895,48.0856],[-88.591,48.0858],[-88.593,48.0839],[-88.5817,48.0869],[-88.5895,48.0828],[-88.5874,48.0822],[-88.5827,48.0853],[-88.5774,48.0866],[-88.5782,48.0855],[-88.577,48.085],[-88.5794,48.0833],[-88.5774,48.083],[-88.5828,48.0801],[-88.5951,48.0774],[-88.5977,48.0753],[-88.5788,48.0782],[-88.574,48.0745],[-88.5736,48.0733],[-88.5754,48.073],[-88.5748,48.0718],[-88.5821,48.0681],[-88.5836,48.0682],[-88.5838,48.0697],[-88.5871,48.0689],[-88.5855,48.0661],[-88.5842,48.0661],[-88.5814,48.0683],[-88.58,48.0681],[-88.5804,48.0668],[-88.5791,48.0671],[-88.5797,48.0681],[-88.5754,48.0708],[-88.5742,48.069],[-88.5758,48.0661],[-88.5745,48.0653],[-88.5759,48.0643],[-88.575,48.0632],[-88.5771,48.063],[-88.5785,48.0607],[-88.584,48.0578],[-88.5821,48.0575],[-88.5885,48.0526],[-88.594,48.0509],[-88.5891,48.0539],[-88.5909,48.0535],[-88.5949,48.0502],[-88.593,48.0511],[-88.5918,48.0509],[-88.612,48.0405],[-88.6138,48.0409],[-88.6117,48.0424],[-88.6159,48.0404],[-88.6197,48.0407],[-88.6321,48.036],[-88.6344,48.0341],[-88.6331,48.0335],[-88.6357,48.0321],[-88.6468,48.0296],[-88.6456,48.0291],[-88.6485,48.0301],[-88.6515,48.0288],[-88.6543,48.0297],[-88.6558,48.0296],[-88.652,48.03],[-88.6514,48.0322],[-88.6473,48.0338],[-88.6439,48.0326],[-88.6439,48.034],[-88.6397,48.0341],[-88.6328,48.0375],[-88.6313,48.0403],[-88.6257,48.0429],[-88.6252,48.0451],[-88.6203,48.0486],[-88.6168,48.0487],[-88.6172,48.0499],[-88.6199,48.0494],[-88.618,48.051],[-88.6163,48.0496],[-88.6133,48.0525],[-88.6168,48.0512],[-88.6148,48.0528],[-88.6213,48.0527],[-88.6191,48.0506],[-88.6229,48.0489],[-88.6282,48.044],[-88.63,48.0431],[-88.631,48.0437],[-88.6303,48.0442],[-88.632,48.044],[-88.6335,48.0424],[-88.6318,48.0434],[-88.63,48.0427],[-88.6318,48.0411],[-88.6341,48.0405],[-88.6322,48.0418],[-88.6334,48.042],[-88.6433,48.0374],[-88.6408,48.04],[-88.638,48.0404],[-88.6407,48.0403],[-88.6487,48.0333],[-88.6545,48.0311],[-88.6514,48.0332],[-88.651,48.034],[-88.6593,48.0298],[-88.6563,48.0298],[-88.6579,48.0288],[-88.6551,48.0296],[-88.6558,48.0289],[-88.669,48.0274],[-88.6642,48.0262],[-88.6687,48.0246],[-88.6626,48.0265],[-88.6611,48.0253],[-88.6667,48.0216],[-88.6751,48.0193],[-88.6761,48.0168],[-88.678,48.0158],[-88.6775,48.0144],[-88.6881,48.0114],[-88.6908,48.0125],[-88.7164,48.0049],[-88.7167,48.0062],[-88.7192,48.0038],[-88.723,48.0039],[-88.7189,48.0055],[-88.7217,48.0057],[-88.7231,48.0045],[-88.7233,48.0047],[-88.7229,48.0057],[-88.723,48.0064],[-88.7267,48.0026],[-88.7297,48.0041],[-88.728,48.0054],[-88.7307,48.0048],[-88.7311,48.0069],[-88.7296,48.0066],[-88.7287,48.0088],[-88.7259,48.0108],[-88.7311,48.0073],[-88.7337,48.0074],[-88.7327,48.0067],[-88.7342,48.0054],[-88.7361,48.0069],[-88.7325,48.0088],[-88.7322,48.0095],[-88.7383,48.0068],[-88.7391,48.0078],[-88.7382,48.009],[-88.7403,48.0101],[-88.7367,48.012],[-88.7369,48.0125],[-88.7402,48.0106],[-88.7417,48.0113],[-88.7416,48.0127],[-88.7364,48.0155],[-88.7421,48.0142],[-88.7396,48.0141],[-88.7403,48.0137],[-88.7441,48.0146],[-88.7392,48.0171],[-88.7376,48.0167],[-88.7382,48.018],[-88.7364,48.019],[-88.7354,48.0175],[-88.7314,48.0173],[-88.732,48.0161],[-88.7259,48.0164],[-88.7281,48.0141],[-88.7243,48.0148],[-88.7258,48.0148],[-88.7242,48.0161],[-88.7248,48.0168],[-88.7283,48.0182],[-88.7334,48.0176],[-88.7331,48.0188],[-88.7345,48.0192],[-88.7303,48.0209],[-88.7286,48.023],[-88.7247,48.0229],[-88.71733333333333,48.02603333333334],[-88.7257,48.024],[-88.7258,48.023],[-88.7322,48.0236],[-88.7287,48.0265],[-88.7232,48.0282],[-88.7248,48.0308],[-88.7218,48.0308],[-88.7228,48.0293],[-88.722,48.029],[-88.7186,48.0301],[-88.7183,48.0288],[-88.7174,48.0298],[-88.7091,48.0286],[-88.7023,48.0308],[-88.7051,48.0309],[-88.7088,48.0289],[-88.7168,48.031],[-88.7137,48.0314],[-88.7124,48.0321],[-88.7158,48.0315],[-88.7189,48.0338],[-88.7243,48.0335],[-88.7134,48.0379],[-88.7103,48.0373],[-88.7112,48.0386],[-88.7203,48.036],[-88.7184,48.0375],[-88.7218,48.0358],[-88.7306,48.0349],[-88.7326,48.0336],[-88.7309,48.0333],[-88.7385,48.0295],[-88.7444,48.0299],[-88.7441,48.0313],[-88.7459,48.0311],[-88.7475,48.0289],[-88.7555,48.0271],[-88.7542,48.0283],[-88.765,48.0242],[-88.7672,48.022],[-88.7689,48.0222],[-88.7688,48.0212],[-88.7709,48.0221],[-88.7714,48.0204],[-88.7739,48.0202],[-88.7753,48.0187],[-88.7707,48.0199],[-88.7697,48.0213],[-88.769,48.0204],[-88.7622,48.0243],[-88.7569,48.0245],[-88.7546,48.0267],[-88.7472,48.0287],[-88.7458,48.0276],[-88.7411,48.0294],[-88.7391,48.0285],[-88.7419,48.0273],[-88.747,48.0265],[-88.7544,48.0244],[-88.7553,48.0239],[-88.753,48.0244],[-88.7533,48.0236],[-88.7519,48.0248],[-88.7508,48.0245],[-88.7525,48.0238],[-88.7506,48.0242],[-88.7375,48.0286],[-88.7365,48.0282],[-88.7392,48.0264],[-88.7304,48.0289],[-88.7281,48.0278],[-88.7315,48.0254],[-88.7436,48.0253],[-88.7634,48.0214],[-88.8087,48.008],[-88.8102,48.0079],[-88.8107,48.0092],[-88.7994,48.0109],[-88.8011,48.011],[-88.7967,48.0128],[-88.8102,48.0098],[-88.8114,48.0093],[-88.811,48.0078],[-88.8137,48.0056],[-88.832,48.002],[-88.8318,48.001],[-88.8347,48.0],[-88.8364,47.9997],[-88.8369,47.9999],[-88.8367,47.9989],[-88.8404,47.9983],[-88.8414,47.9973],[-88.8373,47.9987],[-88.838,47.9981],[-88.843,47.9966],[-88.8424,47.9979],[-88.8428,47.9985],[-88.8433,47.9965],[-88.8481,47.9957],[-88.8464,47.9953],[-88.846,47.9934],[-88.8438,47.994],[-88.8443,47.9929],[-88.8555,47.9897],[-88.849,47.991],[-88.8553,47.987],[-88.8563,47.9849],[-88.8647,47.9823],[-88.8586,47.983],[-88.8486,47.9858],[-88.8474,47.9856],[-88.8499,47.985],[-88.8485,47.985],[-88.8494,47.9842],[-88.8585,47.9814],[-88.8597,47.9813],[-88.8544,47.9838],[-88.861,47.982],[-88.8712,47.9774],[-88.8757,47.9735],[-88.8767,47.9743],[-88.8772,47.9726],[-88.8827,47.971],[-88.8837,47.9717],[-88.8919,47.9679],[-88.8978,47.9675],[-88.9,47.9658],[-88.8993,47.9642],[-88.9021,47.9639],[-88.9046,47.9628],[-88.9061,47.963],[-88.9098,47.9625],[-88.9152,47.9607],[-88.9174,47.9594],[-88.918,47.9583],[-88.9126,47.9591],[-88.9089,47.9599],[-88.9074,47.9595],[-88.909,47.96],[-88.9105,47.9596],[-88.9162,47.9587],[-88.9173,47.9591],[-88.9092,47.9625],[-88.9049,47.9626],[-88.901,47.964],[-88.8985,47.9626],[-88.9109,47.9559],[-88.9352,47.949],[-88.9364,47.9467],[-88.9403,47.9448],[-88.9427,47.9459],[-88.9496,47.9444],[-88.95,47.9421],[-88.9474,47.9444],[-88.9422,47.9447],[-88.9489,47.9412],[-88.9505,47.9414],[-88.951,47.9399],[-88.954,47.941],[-88.9537,47.9424],[-88.9541,47.9436],[-88.9518,47.9453],[-88.9544,47.9472],[-88.9494,47.9493],[-88.9479,47.9479],[-88.9452,47.9495],[-88.9489,47.9492],[-88.9482,47.9507],[-88.939,47.9526],[-88.9459,47.9519],[-88.9453,47.9534],[-88.9379,47.955],[-88.9395,47.9554],[-88.92022857142857,47.96471428571429],[-88.9213,47.9653],[-88.9116,47.9656],[-88.9196,47.9671],[-88.9207,47.9656],[-88.9254,47.9652],[-88.9267,47.9635],[-88.9259,47.963],[-88.9309,47.9601],[-88.943,47.9564],[-88.943,47.9548],[-88.9456,47.9545],[-88.9458,47.9529],[-88.9481,47.9512],[-88.9488,47.9527],[-88.9478,47.954],[-88.9488,47.9548],[-88.9479,47.9562],[-88.9496,47.9575],[-88.9477,47.9592],[-88.9492,47.9592],[-88.9476,47.9605],[-88.9478,47.9627],[-88.9418,47.9642],[-88.9327,47.9688],[-88.9309,47.9713],[-88.9286,47.9714],[-88.9186,47.9773],[-88.9127,47.9793],[-88.9105,47.9784],[-88.9092,47.9812],[-88.9018,47.9848],[-88.9067,47.9835],[-88.9083,47.9819],[-88.9091,47.9828],[-88.9161,47.9808],[-88.9137,47.9827],[-88.9158,47.9829],[-88.9247,47.9805],[-88.9263,47.9792],[-88.919,47.9802],[-88.9177,47.9811],[-88.9152,47.9803],[-88.9139,47.9805],[-88.9134,47.9804],[-88.9434,47.9651],[-88.9472,47.9643],[-88.9479,47.9645],[-88.9462,47.9651],[-88.9466,47.9667],[-88.9442,47.9669],[-88.9425,47.9699],[-88.9292,47.9741],[-88.9277,47.9761],[-88.9306,47.9761],[-88.9299,47.9773],[-88.9336,47.9751],[-88.9342,47.9766],[-88.9371,47.9721],[-88.9428,47.97],[-88.9449,47.9675],[-88.9531,47.966],[-88.9478,47.968],[-88.9487,47.9684],[-88.9585,47.9639],[-88.961,47.9644],[-88.9601,47.9667],[-88.9563,47.9681],[-88.9536,47.9674],[-88.9538,47.9694],[-88.9561,47.9693],[-88.964,47.9651],[-88.9655,47.966],[-88.9641,47.9671],[-88.9648,47.9675],[-88.9661,47.9657],[-88.9633,47.9636],[-88.9596,47.9635],[-88.9901,47.9527],[-88.9913,47.9517],[-88.9829,47.9542],[-88.981,47.9528],[-88.9938,47.9475],[-88.9907,47.947],[-88.992,47.9457],[-89.0168,47.9385],[-89.0173,47.9405],[-89.0158,47.9414],[-89.0116,47.9412],[-89.0105,47.9432],[-89.0052,47.9455],[-88.9966,47.947],[-89.0123,47.9459],[-89.0256,47.9433],[-89.028,47.9421],[-89.0215,47.9433],[-89.0153,47.9429],[-89.0308,47.9359],[-89.0428,47.9328],[-89.038,47.932],[-89.0364,47.9339],[-89.0313,47.9342],[-89.0279,47.9363],[-89.0248,47.9353],[-89.0338,47.9309],[-89.0252,47.9334],[-89.0204,47.9353],[-89.0229,47.9359],[-89.021,47.9372],[-89.0087,47.939],[-88.992,47.9454],[-88.9873,47.9494],[-88.9811,47.9507],[-88.9763,47.9536],[-88.9815,47.9521],[-88.9808,47.9525],[-88.9808,47.9542],[-88.9686,47.959],[-88.9652,47.9583],[-88.9618,47.9599],[-88.9582,47.9586],[-88.9777,47.9511],[-88.9693,47.9532],[-88.9646,47.9528],[-88.9681,47.954],[-88.9559,47.9577],[-88.9501,47.9578],[-88.9529,47.9569],[-88.9482,47.9562],[-88.949,47.9551],[-88.949,47.9522],[-88.9502,47.9511],[-88.9506,47.9514],[-88.9535,47.9512],[-88.9512,47.9509],[-88.9524,47.9496],[-88.9494,47.9505],[-88.95,47.9493],[-88.9608,47.9478],[-88.9551,47.9482],[-88.9553,47.9469],[-88.9594,47.9457],[-88.9547,47.9467],[-88.9521,47.9452],[-88.9544,47.9435],[-88.9538,47.9392],[-88.9636,47.9386],[-88.9777,47.9311],[-88.9822,47.9301],[-88.9735,47.931],[-88.977,47.9292],[-88.9761,47.929],[-88.9657,47.9343],[-88.9655,47.9333],[-88.9575,47.9349],[-88.9564,47.9313],[-88.9587,47.9308],[-88.9581,47.9295],[-88.9608,47.9303],[-88.9607,47.9291],[-88.9521,47.929],[-88.952,47.93],[-88.9431,47.9317],[-88.9385,47.9347],[-88.9229,47.9376],[-88.9305,47.9343],[-88.9477,47.9301],[-88.9508,47.928],[-88.9522,47.9286],[-88.9531,47.9271],[-88.9614,47.9275],[-88.9626,47.9298],[-88.9724,47.9262],[-88.984,47.9237],[-88.986,47.9215],[-88.9831,47.9186],[-88.9866,47.9206],[-88.9831,47.9183],[-88.9779,47.9208],[-88.9741,47.9201],[-88.9638,47.9241],[-88.969,47.924],[-88.9669,47.9254],[-88.962,47.926],[-88.9595,47.9245],[-88.9547,47.9269],[-88.957,47.925],[-88.9667,47.9209],[-88.9756,47.9191],[-88.9783,47.9173],[-88.9803,47.9178],[-88.9799,47.9167],[-88.9835,47.9165],[-88.9879,47.9134],[-89.003,47.9082],[-89.0072,47.9089],[-89.0143,47.9035],[-89.0175,47.904],[-89.0239,47.9011],[-89.0253,47.9011],[-89.0212,47.9009],[-89.0272,47.8992],[-89.0269,47.9],[-89.0297,47.9005],[-89.0339,47.899],[-89.0297,47.9018],[-89.0337,47.902],[-89.0334,47.9052],[-89.04,47.9038],[-89.0472,47.9041],[-89.0467,47.9027],[-89.0513,47.9015],[-89.0513,47.906],[-89.053,47.9044],[-89.0529,47.9019],[-89.0546,47.9017],[-89.0544,47.9042],[-89.0589,47.9061],[-89.0574,47.9066],[-89.057,47.9088],[-89.0597,47.9074],[-89.0591,47.9047],[-89.0546,47.9038],[-89.0575,47.9009],[-89.0606,47.9015],[-89.0608,47.907],[-89.0628,47.908],[-89.0617,47.9034],[-89.0645,47.9044],[-89.062,47.9019],[-89.0658,47.9039],[-89.0701,47.9052],[-89.0804,47.9049],[-89.0702,47.905],[-89.0663,47.9032],[-89.0697,47.9018],[-89.0764,47.9033],[-89.069,47.903],[-89.0718,47.9043],[-89.0754,47.9039],[-89.087,47.905],[-89.0878,47.9048],[-89.0922,47.9052],[-89.0957,47.905],[-89.0773,47.9037],[-89.0772,47.9026],[-89.08,47.9017],[-89.0876,47.9033],[-89.0911,47.9024],[-89.1048,47.9041],[-89.1029,47.903],[-89.0929,47.902],[-89.0881,47.9026],[-89.0813,47.9009],[-89.0778,47.9018],[-89.0662,47.9012],[-89.0656,47.9003],[-89.0676,47.8999],[-89.0636,47.8986],[-89.0646,47.8969],[-89.06,47.8955],[-89.0613,47.8931],[-89.0661,47.8943],[-89.067,47.8913],[-89.0685,47.8907],[-89.0819,47.8918],[-89.0865,47.8901],[-89.0892,47.8903],[-89.0865,47.8926],[-89.0869,47.8942],[-89.0913,47.8952],[-89.0891,47.8946],[-89.0885,47.8917],[-89.0907,47.8917],[-89.0909,47.8903],[-89.0929,47.8898],[-89.0962,47.891],[-89.0963,47.8895],[-89.0984,47.891],[-89.0984,47.8929],[-89.0971,47.8927],[-89.0985,47.894],[-89.1067,47.8949],[-89.1086,47.8956],[-89.0945,47.8947],[-89.0957,47.8972],[-89.1051,47.8974],[-89.1062,47.8991],[-89.1066,47.8973],[-89.1086,47.8979],[-89.1102,47.8969],[-89.1141,47.8985],[-89.1147,47.8968],[-89.1122,47.8953],[-89.1173,47.8949],[-89.119,47.8951],[-89.1205,47.8975],[-89.1225,47.8974],[-89.1206,47.8964],[-89.1201,47.8941],[-89.1282,47.8928],[-89.1241,47.8911],[-89.1318,47.8913],[-89.1217,47.8884],[-89.1198,47.8889],[-89.1132,47.8864],[-89.1133,47.8849],[-89.1161,47.8862],[-89.1272,47.8871],[-89.1354,47.8866],[-89.1239,47.8855],[-89.1321,47.8834],[-89.1352,47.8839],[-89.1519,47.8839],[-89.1332,47.8828],[-89.1546,47.8775],[-89.1643,47.8773],[-89.1486,47.8773],[-89.1478,47.8758],[-89.1488,47.8749],[-89.1477,47.8739],[-89.1485,47.873],[-89.1475,47.8738],[-89.1481,47.875],[-89.1443,47.8758],[-89.1458,47.8773],[-89.14,47.8777],[-89.1332,47.8805],[-89.131,47.88],[-89.1286,47.8816],[-89.1286,47.883],[-89.125,47.8837],[-89.1255,47.8819],[-89.1232,47.8826],[-89.1223,47.8848],[-89.1214,47.8831],[-89.1212,47.8849],[-89.1199,47.8847],[-89.1207,47.8836],[-89.1194,47.8846],[-89.1191,47.8838],[-89.1187,47.8854],[-89.1173,47.884],[-89.1174,47.8855],[-89.1126,47.8846],[-89.1076,47.8864],[-89.0924,47.8879],[-89.0888,47.8874],[-89.0858,47.885],[-89.0856,47.8859],[-89.0833,47.8854],[-89.085,47.8839],[-89.0769,47.884],[-89.0799,47.884],[-89.0843,47.886],[-89.0862,47.8861],[-89.0874,47.8877],[-89.0859,47.8879],[-89.086,47.887],[-89.0814,47.8866],[-89.0808,47.8846],[-89.0766,47.886],[-89.0705,47.8848],[-89.0766,47.8799],[-89.078,47.8798],[-89.0788,47.8814],[-89.075,47.8824],[-89.088,47.8815],[-89.0893,47.8798],[-89.1015,47.8792],[-89.1119,47.8758],[-89.1135,47.8739],[-89.1196,47.8742],[-89.1207,47.8736],[-89.1173,47.8727],[-89.12,47.8703],[-89.1335,47.8685],[-89.1359,47.8716],[-89.1353,47.8706],[-89.1369,47.8716],[-89.1402,47.8715],[-89.1362,47.8709],[-89.1343,47.8679],[-89.1416,47.8685],[-89.1411,47.8667],[-89.1428,47.8672],[-89.1435,47.8645],[-89.145,47.8654],[-89.1445,47.8638],[-89.146,47.8652],[-89.1436,47.8662],[-89.146,47.8658],[-89.1463,47.8682],[-89.153,47.867],[-89.1539,47.8657],[-89.156,47.8704],[-89.1743,47.8712],[-89.1779,47.8701],[-89.1771,47.871],[-89.1773,47.8721],[-89.1751,47.8726],[-89.1734,47.8756],[-89.1671,47.8765],[-89.1627,47.8789],[-89.1631,47.8797],[-89.158,47.8813],[-89.1482,47.8806],[-89.1501,47.8816],[-89.1485,47.8823],[-89.1557,47.8816],[-89.1583,47.8826],[-89.1603,47.8821],[-89.1633,47.8834],[-89.1673,47.8835],[-89.1682,47.8831],[-89.1638,47.8832],[-89.1607,47.8813],[-89.1652,47.8789],[-89.1723,47.8785],[-89.1709,47.8794],[-89.1736,47.8796],[-89.1853,47.8746],[-89.1872,47.8745],[-89.1863,47.8752],[-89.1871,47.8755],[-89.1883,47.8741],[-89.1961,47.8724],[-89.205,47.8693],[-89.2083,47.8719],[-89.2055,47.8734],[-89.2018,47.8733],[-89.2001,47.8756],[-89.206,47.8739],[-89.20935,47.8727],[-89.2074,47.8667],[-89.2127,47.8708],[-89.2149,47.8698],[-89.2132,47.8694],[-89.2149,47.8687],[-89.213,47.8682],[-89.2133,47.8644],[-89.2123,47.8651],[-89.2129,47.8678],[-89.2118,47.8655],[-89.2122,47.8631],[-89.2155,47.8618],[-89.2129,47.8606],[-89.2103,47.8618],[-89.2081,47.8613],[-89.2076,47.8623],[-89.2082,47.8629],[-89.2085,47.8617],[-89.2095,47.8622],[-89.2131,47.8619],[-89.2101,47.8643],[-89.209,47.8673],[-89.2075,47.8653],[-89.2107,47.8629],[-89.2013,47.8657],[-89.1902,47.8669],[-89.186,47.869],[-89.1871,47.8694],[-89.1783,47.872],[-89.1773,47.8711],[-89.1802,47.8674],[-89.1764,47.8674],[-89.177,47.869],[-89.1722,47.8706],[-89.1564,47.8699],[-89.1548,47.8665],[-89.1607,47.8657],[-89.1652,47.8668],[-89.1678,47.8649],[-89.1652,47.8646],[-89.1645,47.8632],[-89.157,47.8643],[-89.1528,47.8631],[-89.1664,47.8618],[-89.1733,47.86],[-89.1766,47.8567],[-89.1882,47.8551],[-89.1885,47.8543],[-89.1837,47.8513],[-89.1822,47.8484],[-89.1802,47.8477],[-89.1815,47.8473],[-89.181,47.845],[-89.1853,47.8433],[-89.1898,47.8421],[-89.1922,47.8421],[-89.1908,47.8433],[-89.1874,47.843],[-89.1849,47.8448],[-89.1889,47.85],[-89.1936,47.853],[-89.1934,47.8539],[-89.1948,47.8536],[-89.1943,47.8543],[-89.1978,47.8528],[-89.1994,47.8503],[-89.2006,47.8508],[-89.1996,47.8516],[-89.2165,47.8511],[-89.2354,47.8527],[-89.2351,47.8551],[-89.2282,47.8587],[-89.2235,47.8641],[-89.2222,47.8631],[-89.2244,47.8616],[-89.224,47.8608],[-89.2143,47.8639],[-89.2142,47.8666],[-89.2164,47.8657]],[[-89.1612,47.9421],[-89.1611,47.9422],[-89.1612,47.9422],[-89.1612,47.9421]],[[-88.6967,48.1016],[-88.6966,48.1016],[-88.6965,48.1017],[-88.6967,48.1016]],[[-88.6801,48.0621],[-88.6655,48.0671],[-88.6621,48.0697],[-88.652,48.071],[-88.6515,48.0729],[-88.6466,48.0743],[-88.6462,48.075],[-88.6516,48.0732],[-88.6543,48.0717],[-88.656,48.0719],[-88.6471,48.076],[-88.6422,48.0755],[-88.6424,48.0774],[-88.6369,48.0791],[-88.6311,48.0833],[-88.6213,48.0859],[-88.6154,48.0901],[-88.6119,48.0905],[-88.6092,48.0913],[-88.6245,48.0886],[-88.6212,48.0887],[-88.6265,48.0871],[-88.6327,48.0828],[-88.6542,48.0734],[-88.6565,48.0716],[-88.6719,48.0665],[-88.6801,48.0621]],[[-88.6549,48.0442],[-88.6582,48.0442],[-88.6599,48.0433],[-88.6582,48.0424],[-88.6579,48.0435],[-88.6557,48.0436],[-88.6549,48.0442]],[[-88.8392,48.0003],[-88.8364,48.0004],[-88.8372,48.0007],[-88.8392,48.0003]],[[-89.0806,47.8845],[-89.0806,47.8846],[-89.0807,47.8846],[-89.0806,47.8845]],[[-89.2189,47.8696],[-89.219,47.8696],[-89.2189,47.8695],[-89.2189,47.8696]],[[-89.1965,47.8795],[-89.2026,47.8784],[-89.1988,47.8785],[-89.1965,47.8795]],[[-89.1935,47.8869],[-89.1922,47.8866],[-89.1912,47.8881],[-89.1926,47.8871],[-89.1935,47.8869]],[[-89.1911,47.8887],[-89.191,47.8888],[-89.191,47.8889],[-89.1911,47.8887]],[[-89.2059,47.8914],[-89.2081,47.8907],[-89.20546666666667,47.891133333333336],[-89.2059,47.8914]],[[-89.1931,47.8953],[-89.1912,47.896],[-89.1932,47.8955],[-89.1931,47.8953]],[[-89.2186,47.907],[-89.2185,47.9067],[-89.2185,47.9069],[-89.2186,47.907]],[[-89.2152,47.91],[-89.2156,47.9099],[-89.2164,47.9091],[-89.2152,47.91]],[[-89.1929,47.9103],[-89.1927,47.9104],[-89.1929,47.9104],[-89.1929,47.9103]],[[-89.2119,47.9123],[-89.2119,47.9129],[-89.213,47.9123],[-89.2119,47.9123]],[[-89.2006,47.9159],[-89.1922,47.9187],[-89.1904,47.919],[-89.1908,47.918],[-89.1898,47.9179],[-89.1798,47.9214],[-89.1847,47.9205],[-89.1806,47.9225],[-89.1897,47.9197],[-89.1894,47.9218],[-89.1861,47.9227],[-89.1821,47.9258],[-89.1904,47.9223],[-89.1905,47.9194],[-89.1968,47.9172],[-89.1956,47.9188],[-89.1965,47.9189],[-89.198,47.9176],[-89.1972,47.9171],[-89.2006,47.9159]],[[-89.1999,47.9142],[-89.2005,47.9138],[-89.2007,47.9133],[-89.1999,47.9142]],[[-89.1991,47.9128],[-89.199,47.9129],[-89.1992,47.9128],[-89.1991,47.9128]],[[-89.1921,47.9221],[-89.1962,47.9195],[-89.1951,47.9196],[-89.1921,47.9221]],[[-89.1938,47.9257],[-89.1925,47.9251],[-89.19,47.9269],[-89.1908,47.9264],[-89.1938,47.9257]],[[-89.2014,47.8598],[-89.1982,47.8583],[-89.2,47.8607],[-89.2014,47.8598]],[[-89.1969,47.8585],[-89.1915,47.8588],[-89.1901,47.8591],[-89.1894,47.8596],[-89.1968,47.859],[-89.1946,47.8605],[-89.1943,47.8626],[-89.1928,47.8644],[-89.1964,47.8612],[-89.1958,47.8619],[-89.1977,47.8632],[-89.2014,47.8623],[-89.1984,47.8621],[-89.1969,47.8585]],[[-89.1936,47.8608],[-89.1916,47.8605],[-89.1921,47.8642],[-89.1938,47.8624],[-89.1936,47.8608]],[[-89.1873,47.8634],[-89.1801,47.8626],[-89.1809,47.862],[-89.1762,47.8627],[-89.1803,47.8629],[-89.1834,47.8648],[-89.1832,47.8665],[-89.1844,47.867],[-89.1858,47.8652],[-89.1852,47.8642],[-89.1873,47.8634]],[[-89.1961,47.8558],[-89.1954,47.8548],[-89.195,47.855],[-89.1953,47.8557],[-89.1961,47.8558]],[[-89.207,47.8555],[-89.2033,47.8566],[-89.2056,47.8583],[-89.2063,47.8577],[-89.2052,47.8564],[-89.207,47.8555]],[[-89.2003,47.8574],[-89.2017,47.8545],[-89.2015,47.8543],[-89.2003,47.8574]],[[-89.1498,47.8743],[-89.1525,47.8766],[-89.1529,47.8753],[-89.1498,47.8743]],[[-89.1544,47.8689],[-89.1548,47.87],[-89.1546,47.8687],[-89.1544,47.8689]],[[-89.19636,47.87392],[-89.1934,47.8735],[-89.1928,47.874],[-89.19636,47.87392]],[[-89.1972,47.8725],[-89.1971,47.8726],[-89.1972,47.8726],[-89.1972,47.8725]],[[-89.1792,47.8808],[-89.196,47.8772],[-89.197,47.8755],[-89.1792,47.8808]],[[-89.1898,47.8762],[-89.1898,47.8748],[-89.189,47.8751],[-89.1898,47.8762]],[[-89.1828,47.8821],[-89.1806,47.8819],[-89.1801,47.8824],[-89.1809,47.8826],[-89.1828,47.8821]],[[-89.1967,47.89],[-89.1927,47.8909],[-89.1952,47.8913],[-89.1967,47.89]],[[-89.1861,47.8926],[-89.1842,47.8934],[-89.1832,47.8938],[-89.1844,47.8936],[-89.1861,47.8926]],[[-89.1862,47.8957],[-89.1865,47.8958],[-89.1863,47.8957],[-89.1862,47.8957]],[[-89.1526,47.9097],[-89.1446,47.9153],[-89.1362,47.9184],[-89.1334,47.9207],[-89.1261,47.9212],[-89.1245,47.9226],[-89.1115,47.9247],[-89.0972,47.928],[-89.1128,47.9278],[-89.115,47.9259],[-89.1141,47.9248],[-89.1199,47.9236],[-89.1252,47.9247],[-89.1269,47.9223],[-89.1305,47.9229],[-89.1392,47.9184],[-89.1464,47.9163],[-89.1468,47.9144],[-89.1548,47.9102],[-89.1526,47.9097]],[[-89.1569,47.903],[-89.1567,47.9031],[-89.1568,47.9031],[-89.1569,47.903]],[[-89.1655,47.8989],[-89.1639,47.8985],[-89.1618,47.8995],[-89.1622,47.8996],[-89.1655,47.8989]],[[-89.1663,47.8966],[-89.1732,47.8953],[-89.1765,47.8927],[-89.1757,47.8907],[-89.1772,47.8924],[-89.1785,47.8921],[-89.1765,47.8901],[-89.1796,47.8863],[-89.1739,47.8878],[-89.1716,47.8913],[-89.1687,47.8915],[-89.1674,47.8903],[-89.1643,47.8923],[-89.1616,47.8917],[-89.15988,47.89382],[-89.1641,47.8937],[-89.1687,47.8917],[-89.1691,47.8945],[-89.1681,47.8954],[-89.1666,47.8934],[-89.167,47.8953],[-89.1606,47.8975],[-89.1584,47.8969],[-89.1585,47.8983],[-89.1485,47.8981],[-89.1485,47.8992],[-89.1381,47.903],[-89.1333,47.9018],[-89.1377,47.9041],[-89.1294,47.9022],[-89.1273,47.9041],[-89.1225,47.9049],[-89.1217,47.9056],[-89.1243,47.905],[-89.1225,47.9069],[-89.1192,47.9056],[-89.1179,47.9072],[-89.1131,47.9073],[-89.1147,47.9077],[-89.114,47.9085],[-89.1158,47.9083],[-89.1156,47.9095],[-89.1167,47.9076],[-89.1199,47.9072],[-89.124,47.9081],[-89.1215,47.9085],[-89.122,47.9095],[-89.124,47.9087],[-89.1178,47.9131],[-89.1137,47.9132],[-89.1126,47.9124],[-89.1136,47.9118],[-89.1123,47.9118],[-89.1073,47.9169],[-89.1126,47.9139],[-89.1191,47.9135],[-89.1254,47.9098],[-89.127,47.9074],[-89.1309,47.9068],[-89.1321,47.9077],[-89.1286,47.9085],[-89.1316,47.9096],[-89.1338,47.9079],[-89.1351,47.9093],[-89.149,47.9041],[-89.153,47.9037],[-89.1663,47.8966]],[[-89.1755,47.8953],[-89.1773,47.8945],[-89.1748,47.8942],[-89.1755,47.8953]],[[-89.1779,47.8944],[-89.1793,47.8945],[-89.1813,47.8935],[-89.1789,47.8933],[-89.1779,47.8944]],[[-89.1873,47.8915],[-89.1871,47.8922],[-89.1891,47.8913],[-89.1873,47.8915]],[[-89.1846,47.9058],[-89.1847,47.9057],[-89.1845,47.9058],[-89.1846,47.9058]],[[-89.1864,47.9074],[-89.1889,47.9076],[-89.192,47.9065],[-89.1887,47.9073],[-89.1877,47.9063],[-89.1864,47.9074]],[[-89.193,47.906],[-89.1973,47.905],[-89.1955,47.9065],[-89.1965,47.907],[-89.1943,47.9075],[-89.1952,47.9083],[-89.1821,47.9093],[-89.1813,47.9104],[-89.1871,47.9105],[-89.185,47.912],[-89.1821,47.9113],[-89.1809,47.9117],[-89.1858,47.9132],[-89.1855,47.9119],[-89.188,47.9103],[-89.1908,47.9108],[-89.1906,47.9101],[-89.1935,47.9096],[-89.1974,47.9069],[-89.1997,47.9076],[-89.1996,47.9059],[-89.2007,47.9068],[-89.2027,47.9062],[-89.2009,47.9062],[-89.2017,47.9052],[-89.2034,47.9052],[-89.2026,47.9071],[-89.2042,47.9069],[-89.2045,47.9038],[-89.1988,47.9053],[-89.198,47.9045],[-89.2151,47.8988],[-89.2124,47.8988],[-89.193,47.906]],[[-89.1866,47.908],[-89.1866,47.9076],[-89.1853,47.9081],[-89.1866,47.908]],[[-89.1913,47.9048],[-89.1911,47.9049],[-89.1912,47.9049],[-89.1913,47.9048]],[[-89.1995,47.902],[-89.1996,47.9018],[-89.1995,47.9019],[-89.1995,47.902]],[[-89.2037,47.9004],[-89.2042,47.8991],[-89.2027,47.9004],[-89.2037,47.9004]],[[-89.2057,47.9082],[-89.2058,47.9082],[-89.2059,47.9081],[-89.2057,47.9082]],[[-89.1895,47.917],[-89.1881,47.9132],[-89.185,47.9153],[-89.1885,47.9143],[-89.1868,47.9168],[-89.1895,47.917]],[[-89.184,47.9186],[-89.1842,47.9187],[-89.1841,47.9186],[-89.184,47.9186]],[[-89.1778,47.9162],[-89.1786,47.9131],[-89.1758,47.9184],[-89.1767,47.9196],[-89.1709,47.9202],[-89.171,47.9222],[-89.1664,47.9231],[-89.1713,47.9224],[-89.1722,47.9205],[-89.1777,47.92],[-89.1766,47.923],[-89.1775,47.9244],[-89.1764,47.9301],[-89.1727,47.9322],[-89.1756,47.9311],[-89.1763,47.9328],[-89.1761,47.9309],[-89.1772,47.9318],[-89.1782,47.9236],[-89.1801,47.9251],[-89.1816,47.9249],[-89.1825,47.9238],[-89.1807,47.9248],[-89.1793,47.9241],[-89.1805,47.9235],[-89.1782,47.922],[-89.1791,47.9173],[-89.1778,47.9162]],[[-89.1635,47.9228],[-89.1623,47.9243],[-89.1624,47.9248],[-89.1633,47.9247],[-89.1635,47.9228]],[[-89.1712,47.9155],[-89.1691,47.9173],[-89.172,47.9159],[-89.1712,47.9155]],[[-89.1931,47.9126],[-89.1927,47.9126],[-89.1926,47.9127],[-89.1931,47.9126]],[[-89.1667,47.9189],[-89.1688,47.92],[-89.1668,47.9184],[-89.1667,47.9189]],[[-89.1564,47.9234],[-89.1501,47.9272],[-89.1478,47.9295],[-89.1508,47.9288],[-89.152,47.9277],[-89.1509,47.927],[-89.1546,47.9253],[-89.1558,47.9262],[-89.1582,47.9253],[-89.1553,47.9253],[-89.1564,47.9234]],[[-89.159,47.9229],[-89.1592,47.9227],[-89.1591,47.9228],[-89.159,47.9229]],[[-89.1568,47.9244],[-89.1569,47.9244],[-89.1569,47.9243],[-89.1568,47.9244]],[[-89.1838,47.9261],[-89.1836,47.9261],[-89.1836,47.9262],[-89.1838,47.9261]],[[-89.1757,47.9247],[-89.1702,47.9274],[-89.1683,47.9293],[-89.1656,47.9298],[-89.1671,47.9308],[-89.1714,47.9295],[-89.1736,47.9275],[-89.1703,47.928],[-89.1757,47.9247]],[[-89.1717,47.9241],[-89.1676,47.9259],[-89.167,47.9269],[-89.1719,47.9255],[-89.1717,47.9241]],[[-89.162,47.9329],[-89.1631,47.927],[-89.1621,47.9289],[-89.1556,47.9308],[-89.1623,47.9294],[-89.1613,47.934],[-89.1596,47.9358],[-89.145,47.9395],[-89.1432,47.9402],[-89.1446,47.9403],[-89.1433,47.9415],[-89.1388,47.9431],[-89.137,47.9426],[-89.134,47.9448],[-89.1574,47.9366],[-89.1592,47.9364],[-89.1572,47.9383],[-89.1578,47.9391],[-89.1613,47.9378],[-89.1618,47.9349],[-89.1672,47.9331],[-89.1616,47.9343],[-89.1629,47.9334],[-89.162,47.9329]],[[-89.1643,47.9315],[-89.1651,47.9314],[-89.16623333333334,47.930733333333336],[-89.1649,47.9306],[-89.1643,47.9315]],[[-89.1663,47.9343],[-89.1663,47.9342],[-89.1662,47.9343],[-89.1663,47.9343]],[[-89.1663,47.9354],[-89.1661,47.936],[-89.1669,47.9355],[-89.1663,47.9354]],[[-89.1702,47.9377],[-89.1689,47.9378],[-89.165,47.9395],[-89.1688,47.9386],[-89.1702,47.9377]],[[-89.1429,47.8704],[-89.1439,47.87],[-89.142,47.8704],[-89.1429,47.8704]],[[-89.1456,47.87],[-89.1473,47.8703],[-89.148,47.8701],[-89.1475,47.8699],[-89.1456,47.87]],[[-89.1245,47.8736],[-89.1227,47.8731],[-89.1222,47.8732],[-89.123,47.8736],[-89.1245,47.8736]],[[-89.1543,47.9156],[-89.1536,47.9161],[-89.1551,47.9154],[-89.1543,47.9156]],[[-89.147,47.9174],[-89.1472,47.9175],[-89.1471,47.9174],[-89.147,47.9174]],[[-89.1431,47.9189],[-89.1431,47.919],[-89.1432,47.9191],[-89.1431,47.9189]],[[-89.1386,47.9229],[-89.1386,47.923],[-89.1387,47.9229],[-89.1386,47.9229]],[[-89.1447,47.929],[-89.1432,47.9299],[-89.1349,47.932],[-89.1363,47.9328],[-89.1465,47.9299],[-89.1447,47.929]],[[-89.1388,47.9274],[-89.1375,47.9268],[-89.136,47.9285],[-89.1357,47.9278],[-89.1347,47.9282],[-89.1352,47.9292],[-89.1375,47.9283],[-89.1383,47.9292],[-89.1388,47.9274]],[[-89.1414,47.9283],[-89.1413,47.9281],[-89.1413,47.9282],[-89.1414,47.9283]],[[-89.146,47.9272],[-89.1485,47.9262],[-89.145,47.9273],[-89.146,47.9272]],[[-89.1479,47.9241],[-89.148,47.9241],[-89.1478,47.924],[-89.1479,47.9241]],[[-89.148,47.9218],[-89.148,47.9219],[-89.1481,47.922],[-89.148,47.9218]],[[-89.1541,47.9207],[-89.1526,47.9218],[-89.1545,47.9208],[-89.1541,47.9207]],[[-89.1315,47.9227],[-89.1316,47.9227],[-89.1314,47.9226],[-89.1315,47.9227]],[[-89.1504,47.9321],[-89.1462,47.9333],[-89.1454,47.934],[-89.1472,47.9342],[-89.1504,47.9321]],[[-89.1441,47.933],[-89.1383,47.9353],[-89.138,47.9329],[-89.1377,47.9351],[-89.1338,47.9365],[-89.1331,47.9374],[-89.1436,47.9343],[-89.1452,47.9322],[-89.1451,47.9322],[-89.1444,47.9328],[-89.1444,47.9329],[-89.1441,47.933]],[[-89.1358,47.9386],[-89.1373,47.938],[-89.1374,47.9376],[-89.1368,47.9375],[-89.1358,47.9386]],[[-89.1305,47.9475],[-89.1309,47.9481],[-89.1316,47.947],[-89.1305,47.9475]],[[-89.1282,47.9486],[-89.1312,47.9359],[-89.1279,47.9468],[-89.1282,47.9486]],[[-89.1347,47.9393],[-89.1319,47.941],[-89.1326,47.9412],[-89.1347,47.9393]],[[-89.0783,47.8954],[-89.0706,47.8931],[-89.0753,47.8954],[-89.0666,47.8949],[-89.064,47.8959],[-89.0754,47.8959],[-89.0773,47.8978],[-89.0792,47.8978],[-89.0773,47.896],[-89.0783,47.8954]],[[-89.0897,47.8994],[-89.0886,47.8989],[-89.0847,47.8991],[-89.0875,47.9],[-89.0897,47.8994]],[[-89.0825,47.9083],[-89.0668,47.908],[-89.0655,47.9085],[-89.076,47.9097],[-89.0825,47.9083]],[[-89.0823,47.9359],[-89.0767,47.9368],[-89.074,47.9391],[-89.0666,47.9413],[-89.0519,47.9483],[-89.0463,47.9488],[-89.0326,47.955],[-89.0071,47.9622],[-89.0033,47.9651],[-88.9728,47.9699],[-88.9694,47.974],[-88.9553,47.9792],[-88.9389,47.9895],[-88.9294,47.9928],[-88.9268,47.9954],[-88.9283,47.9971],[-88.9345,47.9957],[-88.9305,47.9945],[-88.9536,47.9817],[-88.9566,47.9811],[-88.9615,47.9828],[-88.9681,47.9813],[-88.9685,47.9801],[-88.9739,47.9779],[-88.9764,47.9799],[-88.9833,47.9801],[-88.984,47.9817],[-88.9764,47.9826],[-88.9763,47.9822],[-88.9786,47.9814],[-88.9797,47.9802],[-88.9749,47.9823],[-88.9751,47.9844],[-88.9728,47.9874],[-88.9658,47.9912],[-88.9561,47.9935],[-88.9438,47.9989],[-88.9285,48.0009],[-88.9213,48.0035],[-88.9203,48.0057],[-88.9276,48.0041],[-88.9313,48.0024],[-88.9304,48.0017],[-88.9482,47.9983],[-88.9464,48.0003],[-88.9494,47.9993],[-88.9753,47.9869],[-88.9796,47.986],[-88.9818,47.9833],[-88.9888,47.9826],[-88.9974,47.9796],[-89.0048,47.9798],[-89.0239,47.9749],[-89.0256,47.9723],[-89.0194,47.9736],[-89.0204,47.9704],[-89.007,47.9748],[-89.0032,47.9737],[-89.0042,47.9711],[-89.0066,47.9704],[-89.0044,47.9695],[-89.005,47.9674],[-89.0081,47.9669],[-89.0092,47.9651],[-89.0042,47.9667],[-89.0042,47.9649],[-89.0266,47.9581],[-89.0292,47.9583],[-89.0271,47.9622],[-89.0163,47.965],[-89.0227,47.9659],[-89.0289,47.9647],[-89.0337,47.9616],[-89.0314,47.9611],[-89.0311,47.9595],[-89.0338,47.9555],[-89.0458,47.9525],[-89.0458,47.9507],[-89.0593,47.9471],[-89.0803,47.9375],[-89.0866,47.9365],[-89.0887,47.9367],[-89.0855,47.9407],[-89.0715,47.9462],[-89.0693,47.9485],[-89.0673,47.9491],[-89.0687,47.9477],[-89.0684,47.9475],[-89.0572,47.949],[-89.0532,47.9522],[-89.0513,47.9518],[-89.049,47.9547],[-89.0449,47.9568],[-89.0513,47.9559],[-89.0591,47.9512],[-89.0618,47.9524],[-89.0509,47.9586],[-89.0415,47.9616],[-89.039,47.965],[-89.0351,47.9653],[-89.0321,47.9675],[-89.0366,47.9656],[-89.0446,47.9654],[-89.0428,47.9673],[-89.0344,47.9701],[-89.0381,47.971],[-89.0402,47.9692],[-89.0459,47.9686],[-89.0575,47.964],[-89.0599,47.9633],[-89.0605,47.9635],[-89.053,47.9684],[-89.0502,47.9714],[-89.0439,47.9734],[-89.0427,47.9713],[-89.0405,47.973],[-89.0468,47.9747],[-89.0486,47.9722],[-89.0581,47.9689],[-89.0572,47.967],[-89.0619,47.9649],[-89.0609,47.9631],[-89.064,47.9615],[-89.0707,47.9595],[-89.0661,47.963],[-89.064,47.9626],[-89.0653,47.9645],[-89.0624,47.9667],[-89.0651,47.9663],[-89.0665,47.9632],[-89.07,47.9619],[-89.0666,47.9659],[-89.0694,47.9643],[-89.0684,47.966],[-89.0695,47.9676],[-89.0716,47.9616],[-89.0756,47.9602],[-89.077,47.9615],[-89.0779,47.9598],[-89.0805,47.9605],[-89.0793,47.9592],[-89.0717,47.9603],[-89.0726,47.9583],[-89.0872,47.9528],[-89.0878,47.9552],[-89.0835,47.9567],[-89.0914,47.9575],[-89.0882,47.956],[-89.0934,47.9549],[-89.0926,47.9567],[-89.0977,47.9545],[-89.0946,47.9547],[-89.097,47.9534],[-89.0963,47.9526],[-89.0882,47.9551],[-89.0881,47.9532],[-89.0888,47.9519],[-89.0945,47.9508],[-89.0983,47.9486],[-89.0894,47.9508],[-89.0884,47.9504],[-89.0889,47.9494],[-89.0943,47.9479],[-89.0889,47.9493],[-89.0901,47.9475],[-89.087,47.9453],[-89.0742,47.9464],[-89.0773,47.9441],[-89.0893,47.94],[-89.0879,47.9386],[-89.0901,47.9356],[-89.0965,47.9333],[-89.0907,47.9344],[-89.0869,47.9337],[-89.0812,47.9338],[-89.0823,47.9359]],[[-89.0696,47.9345],[-89.0794,47.9325],[-89.0731,47.933],[-89.0557,47.9378],[-89.0462,47.9379],[-89.0446,47.9386],[-89.0501,47.9381],[-89.0516,47.9393],[-89.0483,47.9391],[-89.0433,47.9417],[-89.0468,47.9419],[-89.0514,47.9401],[-89.0539,47.941],[-89.0509,47.9441],[-89.0456,47.9444],[-89.0451,47.9457],[-89.0502,47.9447],[-89.0564,47.9414],[-89.0552,47.9402],[-89.0576,47.9383],[-89.0607,47.9385],[-89.0696,47.9345]],[[-88.9448,47.9619],[-88.9441,47.962],[-88.9433,47.9622],[-88.9448,47.9619]],[[-88.9335,47.9646],[-88.9356,47.9635],[-88.9367,47.963],[-88.9355,47.9632],[-88.9335,47.9646]],[[-88.9218,47.9665],[-88.9225,47.9665],[-88.9234,47.9663],[-88.9218,47.9665]],[[-88.9207,47.9675],[-88.9192,47.968],[-88.9168,47.9703],[-88.9175,47.97],[-88.9207,47.9675]],[[-88.9177,47.9687],[-88.9164,47.9691],[-88.9157,47.9699],[-88.9171,47.9694],[-88.9177,47.9687]],[[-88.9361,47.9807],[-88.9361,47.9821],[-88.9376,47.9807],[-88.9361,47.9807]],[[-88.9346,47.9791],[-88.9397,47.9784],[-88.9386,47.9777],[-88.9343,47.9781],[-88.9337,47.9798],[-88.9296,47.981],[-88.9275,47.9829],[-88.9219,47.98246666666667],[-88.9219,47.9834],[-88.9195,47.9836],[-88.9162,47.9851],[-88.9153,47.985],[-88.9178,47.9838],[-88.918,47.983],[-88.915,47.9851],[-88.9176,47.9852],[-88.919,47.9843],[-88.9248,47.9848],[-88.9304,47.9809],[-88.9319,47.9816],[-88.9346,47.9791]],[[-88.937,47.9803],[-88.938,47.9805],[-88.9383,47.9797],[-88.9378,47.9798],[-88.937,47.9803]],[[-88.9825,47.9889],[-88.957,47.9975],[-88.9414,48.0058],[-88.9326,48.0082],[-88.9151,48.0154],[-88.9116,48.0178],[-88.9163,48.0177],[-88.9168,48.0165],[-88.9141,48.0165],[-88.9208,48.0149],[-88.9309,48.0112],[-88.9317,48.0103],[-88.9167,48.0156],[-88.9548,48.0016],[-88.9825,47.9889]],[[-88.9415,48.0013],[-88.9417,48.0011],[-88.9416,48.0012],[-88.9415,48.0013]],[[-88.9385,48.0023],[-88.9384,48.0023],[-88.9388,48.0024],[-88.9385,48.0023]],[[-88.9371,48.0051],[-88.928,48.0083],[-88.9291,48.0068],[-88.9223,48.0099],[-88.9298,48.0085],[-88.935,48.0067],[-88.9371,48.0051]],[[-88.934,48.005],[-88.9338,48.0051],[-88.9339,48.0051],[-88.934,48.005]],[[-89.1893,47.8547],[-89.1906,47.855],[-89.1913,47.855],[-89.1893,47.8547]],[[-89.1853,47.8511],[-89.1872,47.8486],[-89.1842,47.8475],[-89.1834,47.8485],[-89.1853,47.8511]],[[-89.2238,47.8579],[-89.2254,47.8564],[-89.2242,47.8568],[-89.2238,47.8579]],[[-89.2205,47.8572],[-89.2148,47.8552],[-89.2128,47.8552],[-89.2205,47.8572]],[[-89.2112,47.8586],[-89.2111,47.8584],[-89.2112,47.8587],[-89.2112,47.8586]],[[-89.2048,47.8608],[-89.2048,47.8607],[-89.2047,47.8608],[-89.2048,47.8608]],[[-89.2037,47.8599],[-89.2039,47.8599],[-89.2039,47.8598],[-89.2037,47.8599]],[[-89.1909,47.8632],[-89.1911,47.8613],[-89.1879,47.8627],[-89.1882,47.8633],[-89.1909,47.8632]],[[-89.1877,47.8647],[-89.1905,47.8648],[-89.1911,47.8639],[-89.1908,47.8637],[-89.1877,47.8647]],[[-89.17806,47.86543],[-89.179,47.8666],[-89.181,47.8656],[-89.1803,47.8651],[-89.17806,47.86543]],[[-89.1803,47.8671],[-89.1807,47.8676],[-89.1827,47.8678],[-89.1816,47.8664],[-89.1803,47.8671]],[[-89.2223,47.8604],[-89.2192,47.8596],[-89.2156,47.8625],[-89.2223,47.8604]],[[-89.2108,47.855],[-89.2099,47.8559],[-89.2106,47.8563],[-89.211,47.8562],[-89.2108,47.855]],[[-89.2199,47.8948],[-89.2214,47.895],[-89.2217,47.8945],[-89.2199,47.8948]],[[-89.1683,47.8621],[-89.1682,47.862],[-89.1681,47.862],[-89.1683,47.8621]],[[-89.0832,47.8831],[-89.0853,47.8826],[-89.083,47.8825],[-89.0832,47.8831]],[[-89.0785,47.8826],[-89.079,47.8834],[-89.0807,47.8825],[-89.0785,47.8826]],[[-89.0869,47.8848],[-89.0891,47.8838],[-89.0861,47.884],[-89.0869,47.8848]],[[-89.0927,47.8849],[-89.0911,47.8842],[-89.0926,47.8852],[-89.0927,47.8849]],[[-89.0901,47.8863],[-89.0888,47.8856],[-89.0886,47.8862],[-89.0901,47.8863]],[[-89.1887,47.8893],[-89.1891,47.8892],[-89.1893,47.8891],[-89.1887,47.8893]],[[-89.1844,47.9277],[-89.1849,47.9283],[-89.1866,47.9273],[-89.1844,47.9277]],[[-89.1757,47.9336],[-89.1758,47.9338],[-89.1758,47.9336],[-89.1757,47.9336]],[[-89.1733,47.9343],[-89.1717,47.9347],[-89.1701,47.9357],[-89.171,47.9358],[-89.1733,47.9343]],[[-89.1687,47.9357],[-89.1633,47.9375],[-89.1643,47.9376],[-89.1687,47.9357]],[[-89.1409,47.8859],[-89.1413,47.886],[-89.141,47.8859],[-89.1409,47.8859]],[[-89.0819,47.8932],[-89.0836,47.8929],[-89.08,47.8931],[-89.0819,47.8932]],[[-89.1255,47.9031],[-89.1229,47.9019],[-89.1192,47.9032],[-89.1255,47.9031]],[[-89.111,47.9177],[-89.109,47.9169],[-89.1082,47.9177],[-89.1134,47.9182],[-89.1265,47.9133],[-89.1239,47.9128],[-89.1177,47.9161],[-89.1139,47.9153],[-89.111,47.9177]],[[-89.1464,47.9345],[-89.1467,47.9343],[-89.1463,47.9345],[-89.1464,47.9345]],[[-89.1515,47.9448],[-89.1573,47.9423],[-89.1512,47.9446],[-89.1515,47.9448]],[[-89.1114,47.949],[-89.1144,47.9421],[-89.113,47.9405],[-89.1135,47.9394],[-89.1091,47.939],[-89.1141,47.9362],[-89.1042,47.9396],[-89.103,47.9414],[-89.1072,47.9391],[-89.1085,47.9406],[-89.1008,47.9448],[-89.094,47.9453],[-89.0935,47.9459],[-89.0982,47.9466],[-89.1021,47.9455],[-89.1006,47.9481],[-89.1018,47.9484],[-89.1024,47.9497],[-89.1012,47.9568],[-89.0956,47.9582],[-89.0949,47.9566],[-89.0937,47.96],[-89.0852,47.9608],[-89.084,47.9623],[-89.0823,47.9616],[-89.0793,47.9641],[-89.0754,47.9641],[-89.0742,47.9658],[-89.0759,47.9647],[-89.0768,47.9658],[-89.0792,47.9651],[-89.0798,47.9662],[-89.0806,47.9645],[-89.0873,47.9643],[-89.0913,47.9629],[-89.0876,47.9629],[-89.0876,47.9617],[-89.0942,47.9603],[-89.0974,47.9621],[-89.0991,47.9594],[-89.0972,47.9597],[-89.0975,47.9607],[-89.0948,47.9597],[-89.1002,47.9572],[-89.102,47.958],[-89.1006,47.9599],[-89.1021,47.9598],[-89.1031,47.9574],[-89.1018,47.9567],[-89.1036,47.9556],[-89.102,47.9544],[-89.1024,47.9515],[-89.1041,47.9497],[-89.1029,47.9492],[-89.1027,47.9478],[-89.1113,47.945],[-89.1115,47.9473],[-89.1073,47.9492],[-89.1107,47.948],[-89.1114,47.949]],[[-89.1214,47.952],[-89.1264,47.9507],[-89.1273,47.9502],[-89.1214,47.952]],[[-89.1247,47.9543],[-89.1276,47.9528],[-89.122,47.9551],[-89.1247,47.9543]],[[-89.1195,47.9532],[-89.1171,47.9543],[-89.1164,47.9547],[-89.1187,47.9541],[-89.1195,47.9532]],[[-89.1095,47.9547],[-89.1081,47.9546],[-89.1039,47.9577],[-89.1092,47.9562],[-89.1095,47.9547]],[[-89.1133,47.9583],[-89.11,47.9598],[-89.1139,47.9584],[-89.1133,47.9583]],[[-89.0901,47.9643],[-89.09,47.9643],[-89.09,47.9644],[-89.0901,47.9643]],[[-89.076,47.9707],[-89.0759,47.9707],[-89.0759,47.9708],[-89.076,47.9707]],[[-89.0736,47.9714],[-89.0774,47.9699],[-89.076,47.9688],[-89.0696,47.9721],[-89.0736,47.9714]],[[-89.0759,47.9725],[-89.0741,47.9727],[-89.0701,47.9742],[-89.0759,47.9725]],[[-89.0266,47.9014],[-89.029,47.9014],[-89.0289,47.9011],[-89.0266,47.9014]],[[-89.0014,47.9118],[-88.9962,47.9117],[-88.9895,47.9142],[-88.9895,47.915],[-88.9907,47.9147],[-88.9909,47.915],[-88.9886,47.9164],[-88.9894,47.9169],[-88.9883,47.9196],[-88.9944,47.9203],[-89.0132,47.9142],[-89.0072,47.9119],[-89.0003,47.9138],[-88.9968,47.9132],[-88.9991,47.9119],[-88.9999,47.9122],[-88.9983,47.9125],[-89.0017,47.9127],[-89.0014,47.9118]],[[-88.9916,47.9223],[-88.9903,47.923],[-88.9919,47.9228],[-88.9916,47.9223]],[[-88.9754,47.9262],[-88.9737,47.9271],[-88.9759,47.9267],[-88.9754,47.9262]],[[-88.9729,47.9274],[-88.9689,47.9277],[-88.968,47.9284],[-88.9697,47.9281],[-88.9708,47.9286],[-88.9729,47.9274]],[[-88.9914,47.9275],[-88.997,47.9271],[-88.9987,47.9261],[-88.9914,47.9275]],[[-89.0168,47.9274],[-89.026,47.9273],[-89.0275,47.9261],[-89.0248,47.9272],[-89.0194,47.9267],[-89.0293,47.9231],[-89.0169,47.9255],[-89.0018,47.9321],[-88.9998,47.9334],[-88.9997,47.9346],[-89.009,47.9304],[-89.0151,47.9301],[-89.0197,47.9283],[-89.0148,47.9289],[-89.0168,47.9274]],[[-88.9679,47.9294],[-88.969,47.929],[-88.9697,47.9287],[-88.9679,47.9294]],[[-88.9659,47.9292],[-88.9636,47.9306],[-88.9653,47.9301],[-88.9659,47.9292]],[[-88.9685,47.9307],[-88.9677,47.9306],[-88.9661,47.9316],[-88.9676,47.9314],[-88.9685,47.9307]],[[-88.9626,47.9311],[-88.9596,47.9327],[-88.9657,47.9313],[-88.9626,47.9311]],[[-88.9893,47.9349],[-88.9892,47.935],[-88.9894,47.9349],[-88.9893,47.9349]],[[-89.0557,47.9536],[-89.0555,47.9538],[-89.0557,47.9537],[-89.0557,47.9536]],[[-89.0662,47.9726],[-89.0707,47.9704],[-89.066,47.9705],[-89.0658,47.9687],[-89.0642,47.9698],[-89.0654,47.9709],[-89.0626,47.971],[-89.0615,47.9722],[-89.0644,47.9713],[-89.0653,47.9724],[-89.0687,47.9707],[-89.0662,47.9726]],[[-89.0653,47.9726],[-89.0655,47.9725],[-89.0652,47.9726],[-89.0653,47.9726]],[[-89.058,47.974],[-89.0568,47.9755],[-89.0588,47.974],[-89.058,47.974]],[[-89.0595,47.9755],[-89.058,47.9753],[-89.0582,47.9758],[-89.0595,47.9755]],[[-89.0126,47.9834],[-89.0127,47.9834],[-89.0129,47.9833],[-89.0126,47.9834]],[[-89.0081,47.9876],[-89.0061,47.9926],[-89.0072,47.9923],[-89.0076,47.99],[-89.0102,47.9894],[-89.0078,47.9897],[-89.0087,47.9882],[-89.0155,47.9851],[-89.0188,47.9853],[-89.0179,47.9878],[-89.0184,47.9881],[-89.021,47.9854],[-89.0329,47.9831],[-89.0334,47.9845],[-89.0346,47.9828],[-89.028,47.9831],[-89.0198,47.9853],[-89.0189,47.9842],[-89.0163,47.9843],[-89.0105,47.9866],[-89.0088,47.9854],[-89.0073,47.9876],[-89.0045,47.9877],[-88.9918,47.993],[-89.0081,47.9876]],[[-88.9749,47.9945],[-88.9832,47.9909],[-88.9756,47.9938],[-88.974,47.9933],[-88.9726,47.9969],[-88.9738,47.9944],[-88.9749,47.9945]],[[-88.9799,47.9951],[-88.9798,47.995],[-88.9797,47.995],[-88.9799,47.9951]],[[-88.9826,47.9923],[-88.9813,47.9923],[-88.9764,47.995],[-88.9804,47.994],[-88.9826,47.9923]],[[-88.9831,47.9931],[-88.983,47.9929],[-88.983,47.993],[-88.9831,47.9931]],[[-88.9785,47.9961],[-88.9781,47.9962],[-88.9786,47.9961],[-88.9785,47.9961]],[[-89.0018,47.9963],[-89.0015,47.9949],[-89.0051,47.9936],[-88.9942,47.9973],[-88.9999,47.9954],[-89.0002,47.9965],[-89.0018,47.9963]],[[-88.9932,47.996],[-88.9941,47.9954],[-88.9923,47.9956],[-89.0025,47.9922],[-89.0038,47.9913],[-88.9898,47.9963],[-88.9919,47.9972],[-88.9945,47.9961],[-88.9932,47.996]],[[-88.9802,47.9966],[-88.9801,47.9964],[-88.9801,47.9965],[-88.9802,47.9966]],[[-88.9795,47.9991],[-88.9856,47.9957],[-88.9784,47.9974],[-88.9763,47.9984],[-88.9789,47.9979],[-88.9766,47.9991],[-88.9795,47.9991]],[[-88.9705,48.0017],[-88.9631,48.0044],[-88.9627,48.0039],[-88.961,48.0045],[-88.9628,48.0052],[-88.9705,48.0017]],[[-88.9706,48.0038],[-88.9719,48.0039],[-88.9723,48.0035],[-88.9706,48.0038]],[[-88.9615,47.9539],[-88.9571,47.9546],[-88.957,47.9552],[-88.9615,47.9539]],[[-88.931,47.9616],[-88.9309,47.9615],[-88.9308,47.9615],[-88.931,47.9616]],[[-88.9638,47.9657],[-88.9635,47.9656],[-88.9636,47.9657],[-88.9638,47.9657]],[[-88.9386,47.9693],[-88.9402,47.9682],[-88.9379,47.9693],[-88.9386,47.9693]],[[-88.9427,47.968],[-88.9426,47.968],[-88.9425,47.9681],[-88.9427,47.968]],[[-88.953,47.9717],[-88.9531,47.9717],[-88.9533,47.9716],[-88.953,47.9717]],[[-88.952,47.9749],[-88.9517,47.975],[-88.9518,47.975],[-88.952,47.9749]],[[-88.9498,47.9764],[-88.9521,47.9757],[-88.9521,47.9755],[-88.9498,47.9764]],[[-88.9514,47.9746],[-88.95,47.9748],[-88.9479,47.9759],[-88.9477,47.9773],[-88.9514,47.9746]],[[-88.9231,47.9767],[-88.9199,47.9793],[-88.9249,47.9761],[-88.9231,47.9767]],[[-88.941,47.9782],[-88.9403,47.9787],[-88.9411,47.9786],[-88.941,47.9782]],[[-88.9408,47.9779],[-88.9418,47.9776],[-88.9406,47.9777],[-88.9408,47.9779]],[[-88.941,47.9797],[-88.9401,47.9795],[-88.9395,47.9798],[-88.941,47.9797]],[[-88.9255,47.9822],[-88.9261,47.9812],[-88.9265,47.9818],[-88.9272,47.9812],[-88.9256,47.9808],[-88.9255,47.9822]],[[-88.939,47.9804],[-88.9398,47.9808],[-88.9399,47.9803],[-88.939,47.9804]],[[-88.9391,47.9819],[-88.9403,47.9817],[-88.9419,47.9807],[-88.9407,47.9807],[-88.941,47.9798],[-88.9391,47.9819]],[[-88.9253,47.9814],[-88.9222,47.982],[-88.9249,47.9823],[-88.9253,47.9814]],[[-88.9312,47.9834],[-88.932,47.9826],[-88.9306,47.9833],[-88.9312,47.9834]],[[-88.9273,47.9838],[-88.93,47.984],[-88.93,47.9839],[-88.9273,47.9838]],[[-88.9213,47.994],[-88.9209,47.9942],[-88.9212,47.9941],[-88.9213,47.994]],[[-88.9187,47.9932],[-88.9185,47.9944],[-88.9194,47.9939],[-88.9187,47.9932]],[[-88.9732,47.9937],[-88.9706,47.9952],[-88.9685,47.9962],[-88.9698,47.996],[-88.9732,47.9937]],[[-88.9185,47.9999],[-88.9208,47.9996],[-88.9208,47.9993],[-88.9185,47.9999]],[[-88.9529,48.0047],[-88.9581,48.0031],[-88.9601,48.0038],[-88.9663,48.001],[-88.9616,48.0009],[-88.9495,48.0059],[-88.9511,48.0056],[-88.9508,48.0066],[-88.9414,48.0082],[-88.9384,48.0099],[-88.9517,48.0073],[-88.9455,48.0097],[-88.9455,48.0103],[-88.9586,48.0084],[-88.965,48.0062],[-88.9611,48.0081],[-88.9654,48.0071],[-88.9657,48.0081],[-88.9699,48.0062],[-88.9651,48.009],[-88.9657,48.0095],[-88.9759,48.0057],[-88.97,48.0071],[-88.9709,48.0058],[-88.9694,48.0053],[-88.9661,48.0066],[-88.9666,48.0052],[-88.9619,48.0055],[-88.9518,48.0082],[-88.9533,48.0061],[-88.9529,48.0047]],[[-88.9555,48.0103],[-88.9592,48.0096],[-88.96,48.009],[-88.9555,48.0103]],[[-88.9206,48.0105],[-88.9101,48.0144],[-88.9043,48.0169],[-88.9233,48.0109],[-88.9206,48.0105]],[[-88.9524,48.0123],[-88.9526,48.0123],[-88.9528,48.0122],[-88.9524,48.0123]],[[-88.929,48.0178],[-88.9374,48.0131],[-88.9366,48.0112],[-88.9339,48.0136],[-88.9323,48.0129],[-88.9307,48.0153],[-88.9318,48.0158],[-88.9302,48.0167],[-88.9299,48.0172],[-88.9295,48.016],[-88.9262,48.0167],[-88.9274,48.0177],[-88.929,48.0169],[-88.929,48.0178]],[[-88.9018,47.9694],[-88.9019,47.9694],[-88.9017,47.9693],[-88.9018,47.9694]],[[-88.9039,47.9709],[-88.904,47.9708],[-88.9038,47.9709],[-88.9039,47.9709]],[[-88.8886,47.9725],[-88.888,47.9713],[-88.8839,47.9729],[-88.8821,47.9723],[-88.8804,47.9734],[-88.8813,47.9734],[-88.8811,47.9751],[-88.8796,47.9748],[-88.879,47.9755],[-88.8824,47.9749],[-88.8886,47.9725]],[[-88.8794,47.9876],[-88.8787,47.9864],[-88.8774,47.9872],[-88.8775,47.9874],[-88.8794,47.9876]],[[-88.9059,47.9871],[-88.8959,47.9895],[-88.8974,47.9902],[-88.8964,47.9914],[-88.8858,47.9942],[-88.8893,47.9946],[-88.8674,48.002],[-88.8623,48.0031],[-88.856,48.0012],[-88.8679,47.9979],[-88.8513,48.002],[-88.8558,48.0015],[-88.8573,48.0023],[-88.8531,48.0039],[-88.8552,48.004],[-88.855,48.0049],[-88.8513,48.0065],[-88.8553,48.0061],[-88.8575,48.0076],[-88.8566,48.0064],[-88.8578,48.0056],[-88.8559,48.0053],[-88.8596,48.0046],[-88.8569,48.0046],[-88.858,48.0036],[-88.8633,48.0035],[-88.8852,47.9961],[-88.8848,47.9971],[-88.8864,47.9968],[-88.8908,47.9937],[-88.9003,47.9906],[-88.9059,47.9871]],[[-88.8679,47.9979],[-88.8688,47.9981],[-88.8691,47.9977],[-88.8679,47.9979]],[[-88.9152,47.9896],[-88.9113,47.991],[-88.9184,47.9908],[-88.9144,47.9904],[-88.9152,47.9896]],[[-88.9114,47.9926],[-88.9124,47.9925],[-88.9149,47.9917],[-88.9136,47.9911],[-88.9114,47.9926]],[[-88.8967,47.9909],[-88.8964,47.991],[-88.8965,47.991],[-88.8967,47.9909]],[[-88.8792,47.993],[-88.8825,47.9917],[-88.8826,47.991],[-88.8777,47.9924],[-88.8792,47.993]],[[-88.9103,47.992],[-88.9037,47.9931],[-88.9063,47.9932],[-88.9058,47.9939],[-88.8973,47.9968],[-88.8989,47.9964],[-88.898,47.9975],[-88.8991,47.9981],[-88.8996,47.9967],[-88.9016,47.9967],[-88.8996,47.9964],[-88.9,47.996],[-88.9065,47.9963],[-88.9057,47.9952],[-88.908,47.9949],[-88.908,47.9936],[-88.9103,47.992]],[[-88.8807,47.9941],[-88.8918,47.99],[-88.8895,47.9891],[-88.8957,47.9883],[-88.8994,47.9864],[-88.9003,47.9853],[-88.8975,47.9848],[-88.8995,47.9858],[-88.8951,47.987],[-88.8951,47.9882],[-88.8896,47.989],[-88.8913,47.9875],[-88.8884,47.9878],[-88.8889,47.9892],[-88.8872,47.989],[-88.8863,47.9912],[-88.8841,47.9917],[-88.8807,47.9941]],[[-88.898,47.9939],[-88.8983,47.9937],[-88.8979,47.9939],[-88.898,47.9939]],[[-88.8605,47.9992],[-88.8696,47.9948],[-88.8757,47.9935],[-88.8775,47.9914],[-88.8822,47.9898],[-88.879,47.9903],[-88.8754,47.9928],[-88.8732,47.9922],[-88.8713,47.9942],[-88.8664,47.9945],[-88.8675,47.9935],[-88.8661,47.9941],[-88.8653,47.9955],[-88.8568,47.9982],[-88.8605,47.9992]],[[-88.8901,47.9998],[-88.887,48.0006],[-88.8907,48.0014],[-88.8885,48.0026],[-88.8857,48.0026],[-88.8842,48.003],[-88.8838,48.0035],[-88.8863,48.0044],[-88.8881,48.0033],[-88.8888,48.0044],[-88.8905,48.0023],[-88.8931,48.0017],[-88.8901,47.9998]],[[-88.8977,48.0018],[-88.8974,48.002],[-88.8978,48.0018],[-88.8977,48.0018]],[[-88.8966,48.0006],[-88.8981,48.0008],[-88.8981,48.0],[-88.8966,48.0006]],[[-88.8858,48.0018],[-88.887,48.0011],[-88.8854,48.0017],[-88.8858,48.0018]],[[-88.8837,48.0009],[-88.8848,48.0013],[-88.8848,48.0012],[-88.8837,48.0009]],[[-88.8823,48.0029],[-88.8842,48.0025],[-88.8819,48.0027],[-88.8823,48.0029]],[[-88.8908,48.0053],[-88.8888,48.006],[-88.889,48.0063],[-88.8908,48.0053]],[[-88.8714,48.0072],[-88.8749,48.0078],[-88.8762,48.0071],[-88.874,48.0064],[-88.8714,48.0072]],[[-88.8734,48.0099],[-88.8728,48.0091],[-88.8716,48.01],[-88.8734,48.0099]],[[-88.8822,48.008],[-88.8824,48.0088],[-88.8831,48.0081],[-88.8822,48.008]],[[-88.8655,48.0112],[-88.865,48.012],[-88.866,48.0114],[-88.8655,48.0112]],[[-88.8851,48.0164],[-88.8834,48.0165],[-88.88388,48.01736],[-88.8851,48.0164]],[[-88.8768,48.0184],[-88.8756,48.0186],[-88.8757,48.0191],[-88.8765,48.0193],[-88.8768,48.0184]],[[-88.9121,48.0166],[-88.9101,48.017],[-88.9077,48.018],[-88.9096,48.018],[-88.9121,48.0166]],[[-88.9109,48.0177],[-88.9103,48.0186],[-88.9113,48.0182],[-88.9109,48.0177]],[[-88.9086,48.0198],[-88.9092,48.0185],[-88.9082,48.0184],[-88.9086,48.0198]],[[-88.8676,48.0206],[-88.8678,48.0208],[-88.8677,48.0207],[-88.8676,48.0206]],[[-88.8798,48.02],[-88.8796,48.0201],[-88.8797,48.0201],[-88.8798,48.02]],[[-88.8969,48.0223],[-88.8968,48.0224],[-88.897,48.0223],[-88.8969,48.0223]],[[-88.8651,48.0253],[-88.8664,48.0254],[-88.8665,48.025],[-88.8651,48.0253]],[[-88.8938,48.0237],[-88.8914,48.023],[-88.8821,48.0269],[-88.8823,48.0275],[-88.8893,48.0249],[-88.8938,48.0237]],[[-88.8922,48.0251],[-88.8898,48.0252],[-88.8897,48.0253],[-88.8922,48.0251]],[[-88.8876,48.0259],[-88.8463,48.0391],[-88.8394,48.0417],[-88.8396,48.0423],[-88.8333,48.0446],[-88.8317,48.0459],[-88.8306,48.0459],[-88.8257,48.0484],[-88.8252,48.049],[-88.8564,48.0362],[-88.8612,48.0358],[-88.854,48.0391],[-88.8585,48.0388],[-88.8583,48.038],[-88.8661,48.0346],[-88.867,48.0348],[-88.8613,48.037],[-88.8688,48.0356],[-88.8736,48.0325],[-88.8712,48.033],[-88.8749,48.0316],[-88.8768,48.0322],[-88.8797,48.0289],[-88.8859,48.0271],[-88.8876,48.0259]],[[-88.8282,48.0481],[-88.8283,48.0481],[-88.8285,48.048],[-88.8282,48.0481]],[[-88.87,48.0302],[-88.8735,48.0266],[-88.8691,48.0295],[-88.87,48.0302]],[[-88.8628,48.03],[-88.8647,48.0295],[-88.8626,48.0299],[-88.8628,48.03]],[[-88.8616,47.9934],[-88.8592,47.9939],[-88.8587,47.9942],[-88.8608,47.9944],[-88.8616,47.9934]],[[-88.851,47.9936],[-88.8525,47.9938],[-88.8522,47.9934],[-88.851,47.9936]],[[-88.845,47.9997],[-88.8488,48.0005],[-88.8504,48.0014],[-88.8494,48.0006],[-88.8458,47.9998],[-88.8442,47.9985],[-88.843,47.9983],[-88.845,47.9997]],[[-88.8396,48.0003],[-88.84,48.0],[-88.8393,48.0003],[-88.8396,48.0003]],[[-88.8557,48.002],[-88.8536,48.0021],[-88.8533,48.0024],[-88.8557,48.002]],[[-88.8441,48.003],[-88.8459,48.0014],[-88.8431,48.0027],[-88.8441,48.003]],[[-88.8352,48.0022],[-88.834,48.0032],[-88.8328,48.0036],[-88.8344,48.0032],[-88.8352,48.0022]],[[-88.8376,48.0032],[-88.8398,48.0032],[-88.8396,48.0022],[-88.8376,48.0032]],[[-88.8401,48.0031],[-88.8452,48.0006],[-88.8433,48.0006],[-88.8401,48.0031]],[[-88.8446,48.0053],[-88.8497,48.0036],[-88.8523,48.0032],[-88.8506,48.0029],[-88.8446,48.0053]],[[-88.8493,48.0089],[-88.8476,48.0092],[-88.8494,48.0093],[-88.8493,48.0089]],[[-88.829,48.0103],[-88.8442,48.0066],[-88.8357,48.0065],[-88.8361,48.0075],[-88.8306,48.0096],[-88.8246,48.0101],[-88.8305,48.0113],[-88.8267,48.012],[-88.8264,48.0134],[-88.8239,48.0146],[-88.8222,48.0144],[-88.8182,48.016],[-88.8174,48.0172],[-88.8061,48.0209],[-88.8158,48.018],[-88.8111,48.0204],[-88.8146,48.0222],[-88.8179,48.02],[-88.8186,48.0202],[-88.8151,48.0227],[-88.8169,48.0223],[-88.8175,48.0241],[-88.8114,48.026],[-88.8126,48.0274],[-88.8152,48.027],[-88.8142,48.0264],[-88.8159,48.0251],[-88.8209,48.024],[-88.8191,48.0233],[-88.8214,48.0205],[-88.8246,48.0199],[-88.8255,48.0215],[-88.8292,48.0198],[-88.8263,48.0186],[-88.8318,48.0154],[-88.8318,48.0144],[-88.8299,48.0146],[-88.8309,48.0133],[-88.8296,48.0124],[-88.8312,48.0111],[-88.8343,48.0112],[-88.8366,48.01],[-88.8357,48.009],[-88.8345,48.0108],[-88.829,48.0103]],[[-88.8425,48.0105],[-88.8408,48.0106],[-88.8403,48.0109],[-88.8414,48.0111],[-88.8425,48.0105]],[[-88.8492,48.0111],[-88.8494,48.011],[-88.8495,48.0109],[-88.8492,48.0111]],[[-88.8495,48.0101],[-88.8545,48.0091],[-88.8559,48.0076],[-88.8518,48.0084],[-88.8473,48.0106],[-88.8462,48.0121],[-88.8495,48.0101]],[[-88.8569,48.0121],[-88.857,48.012],[-88.8569,48.012],[-88.8569,48.0121]],[[-88.8426,48.011],[-88.8413,48.0131],[-88.8437,48.0107],[-88.8426,48.011]],[[-88.8588,48.0134],[-88.8555,48.0145],[-88.8578,48.0143],[-88.8588,48.0134]],[[-88.8484,48.0135],[-88.8509,48.0144],[-88.8518,48.0136],[-88.8498,48.0139],[-88.8506,48.0127],[-88.8484,48.0135]],[[-88.8551,48.0104],[-88.8533,48.0108],[-88.852,48.0117],[-88.8537,48.012],[-88.8551,48.0104]],[[-88.8443,48.0131],[-88.8468,48.0139],[-88.8478,48.0142],[-88.8462,48.013],[-88.8443,48.0131]],[[-88.8354,48.0139],[-88.8308,48.0165],[-88.83,48.0181],[-88.8315,48.0185],[-88.831,48.0169],[-88.8336,48.0162],[-88.8348,48.0176],[-88.8394,48.0163],[-88.8369,48.0161],[-88.838,48.0154],[-88.8363,48.0147],[-88.8409,48.0142],[-88.8354,48.0139]],[[-88.8351,48.019],[-88.8346,48.0199],[-88.8365,48.0187],[-88.838,48.0193],[-88.8375,48.0215],[-88.8406,48.021],[-88.8384,48.0196],[-88.8384,48.018],[-88.8342,48.0185],[-88.8336,48.0195],[-88.8351,48.019]],[[-88.8431,48.0186],[-88.8454,48.0188],[-88.8458,48.0182],[-88.8431,48.0186]],[[-88.8264,48.0215],[-88.8233,48.0228],[-88.8252,48.0229],[-88.8264,48.0215]],[[-88.858,48.0231],[-88.8546,48.0236],[-88.8542,48.0248],[-88.858,48.0231]],[[-88.8462,48.0309],[-88.8414,48.0327],[-88.8412,48.0331],[-88.8462,48.0309]],[[-88.8377,48.0344],[-88.8384,48.0338],[-88.8374,48.0342],[-88.8377,48.0344]],[[-88.854,48.0381],[-88.8476,48.0408],[-88.8544,48.0383],[-88.854,48.0381]],[[-88.8455,48.0417],[-88.8471,48.0408],[-88.8451,48.0414],[-88.8455,48.0417]],[[-88.8379,48.0446],[-88.8421,48.0432],[-88.8422,48.0428],[-88.8379,48.0446]],[[-88.8386,48.0461],[-88.842,48.0443],[-88.8472,48.0424],[-88.8458,48.0422],[-88.8386,48.0461]],[[-88.8314,48.0468],[-88.8313,48.0468],[-88.831,48.0469],[-88.8314,48.0468]],[[-88.8211,48.0069],[-88.8212,48.0068],[-88.821,48.0069],[-88.8211,48.0069]],[[-88.8144,48.0138],[-88.8252,48.0111],[-88.8153,48.0124],[-88.8144,48.0138]],[[-88.7961,48.013],[-88.7897,48.0143],[-88.7806,48.0176],[-88.7916,48.0156],[-88.7961,48.013]],[[-88.8072,48.0151],[-88.8024,48.0174],[-88.8052,48.0169],[-88.8072,48.0151]],[[-88.8083,48.0184],[-88.8081,48.0184],[-88.808,48.0185],[-88.8083,48.0184]],[[-88.8023,48.0201],[-88.8041,48.0194],[-88.8056,48.0191],[-88.8047,48.0189],[-88.8023,48.0201]],[[-88.8068,48.0169],[-88.8002,48.02038],[-88.8066,48.0179],[-88.8068,48.0169]],[[-88.7958,48.0223],[-88.7899,48.0247],[-88.7853,48.0278],[-88.7896,48.0259],[-88.7889,48.0274],[-88.7903,48.0269],[-88.7898,48.0267],[-88.7922,48.0254],[-88.7909,48.0254],[-88.7913,48.0244],[-88.7917,48.0253],[-88.7962,48.0231],[-88.7976,48.0208],[-88.7958,48.0223]],[[-88.8042,48.0236],[-88.8041,48.0237],[-88.8044,48.0236],[-88.8042,48.0236]],[[-88.8177,48.0265],[-88.8155,48.0288],[-88.8178,48.0281],[-88.8166,48.0279],[-88.8177,48.0265]],[[-88.7983,48.0276],[-88.8013,48.0255],[-88.803,48.0255],[-88.8033,48.0246],[-88.8006,48.0255],[-88.7983,48.0276]],[[-88.7984,48.0268],[-88.7931,48.028],[-88.7888,48.03],[-88.7923,48.0303],[-88.7942,48.0286],[-88.7991,48.0279],[-88.7975,48.028],[-88.7984,48.0268]],[[-88.802,48.027],[-88.8011,48.0278],[-88.7996,48.0286],[-88.8006,48.0285],[-88.802,48.027]],[[-88.8122,48.0302],[-88.8121,48.0303],[-88.8124,48.0302],[-88.8122,48.0302]],[[-88.7881,48.0302],[-88.7857,48.0318],[-88.7887,48.0304],[-88.7881,48.0302]],[[-88.8017,48.0306],[-88.8034,48.0282],[-88.8,48.0308],[-88.8017,48.0306]],[[-88.7913,48.0316],[-88.7886,48.0323],[-88.7886,48.0326],[-88.7913,48.0316]],[[-88.7932,48.0318],[-88.7932,48.0319],[-88.7935,48.0317],[-88.7932,48.0318]],[[-88.8162,48.0316],[-88.8161,48.0318],[-88.8162,48.0317],[-88.8162,48.0316]],[[-88.7879,48.0345],[-88.8158,48.0332],[-88.814,48.0321],[-88.8165,48.031],[-88.8056,48.0328],[-88.7927,48.0329],[-88.7835,48.0345],[-88.7869,48.0353],[-88.7879,48.0345]],[[-88.8022,48.0354],[-88.8018,48.0359],[-88.8033,48.0351],[-88.8022,48.0354]],[[-88.8079,48.0362],[-88.8066,48.0362],[-88.8062,48.0366],[-88.8079,48.0362]],[[-88.7749,48.0357],[-88.7817,48.0346],[-88.7787,48.0354],[-88.7782,48.0365],[-88.7809,48.037],[-88.786,48.0352],[-88.7821,48.0356],[-88.7822,48.0342],[-88.7788,48.034],[-88.7792,48.0328],[-88.7786,48.0325],[-88.7768,48.0338],[-88.7781,48.0343],[-88.7718,48.0363],[-88.7753,48.036],[-88.775,48.0378],[-88.7668,48.0415],[-88.7806,48.0383],[-88.7755,48.0369],[-88.7765,48.0361],[-88.7749,48.0357]],[[-88.7945,48.038],[-88.7881,48.0397],[-88.789,48.0402],[-88.7881,48.0409],[-88.7951,48.0388],[-88.7945,48.038]],[[-88.8078,48.0371],[-88.8014,48.0387],[-88.8014,48.0398],[-88.7952,48.0427],[-88.8035,48.0402],[-88.8018,48.0393],[-88.8054,48.0391],[-88.8058,48.0383],[-88.8042,48.0384],[-88.8078,48.0371]],[[-88.7974,48.0397],[-88.7973,48.0397],[-88.7972,48.0398],[-88.7974,48.0397]],[[-88.779,48.0405],[-88.7769,48.0403],[-88.7736,48.0426],[-88.773,48.0414],[-88.7665,48.0432],[-88.7625,48.0453],[-88.768,48.0452],[-88.7689,48.0446],[-88.7655,48.0445],[-88.7724,48.0423],[-88.7736,48.0448],[-88.778,48.0432],[-88.7749,48.0439],[-88.7757,48.043],[-88.7793,48.0423],[-88.7776,48.041],[-88.779,48.0405]],[[-88.8158,48.05],[-88.8065,48.0526],[-88.803,48.0543],[-88.8147,48.0519],[-88.8136,48.0511],[-88.8158,48.05]],[[-88.8029,48.0542],[-88.7973,48.0549],[-88.7922,48.0568],[-88.7964,48.0567],[-88.8029,48.0542]],[[-88.8126,48.0546],[-88.8159,48.054],[-88.816,48.0536],[-88.8126,48.0546]],[[-88.8023,48.0545],[-88.7989,48.0562],[-88.8,48.056],[-88.8031,48.0552],[-88.8023,48.0545]],[[-88.7899,48.0555],[-88.7898,48.0555],[-88.7898,48.0556],[-88.7899,48.0555]],[[-88.7871,48.0553],[-88.7843,48.0574],[-88.7862,48.0567],[-88.7871,48.0553]],[[-88.7809,48.0554],[-88.7819,48.0555],[-88.7821,48.0554],[-88.7822,48.0554],[-88.7823,48.0553],[-88.7822,48.0549],[-88.7809,48.0554]],[[-88.7834,48.0582],[-88.7868,48.0574],[-88.7845,48.0576],[-88.7834,48.0582]],[[-88.7779,48.0562],[-88.7791,48.055],[-88.7788,48.055],[-88.7779,48.0562]],[[-88.7802,48.0568],[-88.78,48.0567],[-88.7801,48.0568],[-88.7802,48.0568]],[[-88.7687,48.0606],[-88.7747,48.057],[-88.7724,48.0564],[-88.7731,48.0546],[-88.7686,48.0544],[-88.7683,48.0536],[-88.7679,48.0551],[-88.771,48.0561],[-88.77,48.0576],[-88.7647,48.0588],[-88.7653,48.0595],[-88.7585,48.0607],[-88.7592,48.0593],[-88.7489,48.0631],[-88.7474,48.0633],[-88.7466,48.0621],[-88.7448,48.0625],[-88.7354,48.066],[-88.7322,48.0669],[-88.731,48.0668],[-88.7303,48.0676],[-88.736,48.0663],[-88.7296,48.0684],[-88.7343,48.0678],[-88.7376,48.0663],[-88.7367,48.0658],[-88.7459,48.0627],[-88.7477,48.0638],[-88.7553,48.0614],[-88.741,48.067],[-88.7381,48.066],[-88.7382,48.067],[-88.734,48.0687],[-88.7399,48.0671],[-88.7332,48.0701],[-88.7471,48.0657],[-88.7515,48.0664],[-88.7491,48.0679],[-88.7499,48.068],[-88.7489,48.069],[-88.749,48.0692],[-88.7563,48.0627],[-88.7655,48.0598],[-88.7689,48.0597],[-88.7687,48.0606]],[[-88.7826,48.0577],[-88.7774,48.0587],[-88.7738,48.0603],[-88.7826,48.0577]],[[-88.7371,48.0283],[-88.7371,48.0282],[-88.737,48.0283],[-88.7371,48.0283]],[[-88.7646,48.032],[-88.7639,48.0329],[-88.7619,48.0339],[-88.762,48.0344],[-88.7648,48.0336],[-88.7647,48.0323],[-88.7658,48.0323],[-88.7646,48.032]],[[-88.749,48.0374],[-88.7463,48.0375],[-88.7462,48.0381],[-88.749,48.0374]],[[-88.7616,48.0415],[-88.7642,48.0396],[-88.7656,48.0394],[-88.7641,48.0394],[-88.7621,48.0408],[-88.7625,48.0396],[-88.7608,48.0398],[-88.7589,48.0411],[-88.7616,48.0415]],[[-88.7595,48.0446],[-88.7598,48.0445],[-88.7594,48.0446],[-88.7595,48.0446]],[[-88.7587,48.0465],[-88.7557,48.0455],[-88.7532,48.047],[-88.7544,48.0478],[-88.7587,48.0465]],[[-88.7475,48.0468],[-88.7498,48.0423],[-88.7477,48.0425],[-88.7482,48.0439],[-88.7454,48.0463],[-88.7405,48.0472],[-88.7454,48.0468],[-88.7435,48.0499],[-88.7475,48.0468]],[[-88.764,48.0495],[-88.7639,48.0496],[-88.7641,48.0495],[-88.764,48.0495]],[[-88.7368,48.0496],[-88.7376,48.0507],[-88.738,48.0502],[-88.7368,48.0496]],[[-88.7632,48.0551],[-88.7613,48.0585],[-88.7659,48.056],[-88.764,48.0565],[-88.7648,48.0549],[-88.7632,48.0551]],[[-88.7485,48.0621],[-88.7501,48.0617],[-88.7505,48.0618],[-88.7524,48.061],[-88.7485,48.0621]],[[-88.747,48.06],[-88.7492,48.0597],[-88.7497,48.0595],[-88.7493,48.0588],[-88.747,48.06]],[[-88.7541,48.059],[-88.7551,48.0582],[-88.7545,48.058],[-88.7541,48.059]],[[-88.7385,48.0628],[-88.7358,48.065],[-88.7402,48.0631],[-88.7385,48.0628]],[[-88.7675,48.0661],[-88.7752,48.0645],[-88.7674,48.0678],[-88.7907,48.0599],[-88.7817,48.062],[-88.784,48.0597],[-88.7827,48.0592],[-88.779,48.0618],[-88.7811,48.0622],[-88.7772,48.0642],[-88.7688,48.0644],[-88.777,48.0616],[-88.7682,48.0634],[-88.7602,48.0676],[-88.76,48.0691],[-88.7559,48.0684],[-88.7518,48.0694],[-88.7537,48.07],[-88.7529,48.0705],[-88.7471,48.0708],[-88.7426,48.0749],[-88.7344,48.0778],[-88.7283,48.0813],[-88.7247,48.0815],[-88.7215,48.0832],[-88.72,48.0828],[-88.7213,48.0826],[-88.7246,48.0813],[-88.7253,48.0806],[-88.7196,48.0829],[-88.7174,48.0821],[-88.7135,48.0839],[-88.7141,48.0844],[-88.7154,48.0836],[-88.7159,48.0838],[-88.7132,48.0851],[-88.7249,48.0829],[-88.7296,48.0813],[-88.7321,48.0792],[-88.7395,48.0768],[-88.7391,48.0789],[-88.7409,48.0787],[-88.7452,48.0773],[-88.7496,48.0756],[-88.7393,48.0784],[-88.7423,48.0759],[-88.7652,48.0689],[-88.7673,48.0678],[-88.7601,48.069],[-88.7659,48.0667],[-88.7667,48.0653],[-88.7675,48.0661]],[[-88.7642,48.0721],[-88.7659,48.0717],[-88.768,48.0703],[-88.7646,48.0713],[-88.7642,48.0721]],[[-88.7701,48.069],[-88.7685,48.069],[-88.7555,48.0736],[-88.7539,48.0735],[-88.7454,48.0778],[-88.7613,48.0731],[-88.762,48.0723],[-88.7584,48.0737],[-88.7529,48.0749],[-88.7526,48.0748],[-88.7701,48.069]],[[-88.7662,48.0727],[-88.7612,48.0742],[-88.7601,48.075],[-88.7639,48.0752],[-88.7662,48.0727]],[[-88.7593,48.0752],[-88.7504,48.0769],[-88.7447,48.0803],[-88.7339,48.0833],[-88.7363,48.0842],[-88.7407,48.0815],[-88.7467,48.0797],[-88.7485,48.0803],[-88.7515,48.0781],[-88.7562,48.0781],[-88.7593,48.0752]],[[-88.7597,48.077],[-88.7598,48.077],[-88.7599,48.0769],[-88.7597,48.077]],[[-88.7438,48.0781],[-88.7419,48.0793],[-88.7442,48.0782],[-88.7438,48.0781]],[[-88.7385,48.0797],[-88.7371,48.081],[-88.7402,48.0794],[-88.7385,48.0797]],[[-88.7505,48.0802],[-88.751,48.0803],[-88.7507,48.0802],[-88.7505,48.0802]],[[-88.7547,48.0829],[-88.7636,48.0781],[-88.76,48.0775],[-88.7491,48.0833],[-88.7449,48.0829],[-88.7354,48.0875],[-88.7316,48.087],[-88.7281,48.0901],[-88.7198,48.0926],[-88.7192,48.0942],[-88.7144,48.0956],[-88.7149,48.0942],[-88.7132,48.095],[-88.714,48.094],[-88.6975,48.1019],[-88.6995,48.1014],[-88.6998,48.103],[-88.7044,48.1],[-88.7076,48.0995],[-88.7071,48.098],[-88.7088,48.097],[-88.7188,48.0948],[-88.7221,48.0935],[-88.7203,48.093],[-88.7245,48.0918],[-88.7246,48.093],[-88.7286,48.092],[-88.7278,48.094],[-88.7295,48.0916],[-88.7324,48.0906],[-88.7331,48.0918],[-88.7346,48.0924],[-88.7343,48.0934],[-88.738,48.0933],[-88.7392,48.0925],[-88.7373,48.0927],[-88.7376,48.0918],[-88.743,48.0906],[-88.7502,48.0869],[-88.7454,48.0872],[-88.7467,48.0878],[-88.7446,48.0891],[-88.7412,48.0889],[-88.7409,48.0905],[-88.7338,48.0919],[-88.7355,48.0912],[-88.7332,48.0906],[-88.7351,48.0899],[-88.7354,48.0883],[-88.7454,48.0845],[-88.7466,48.0847],[-88.7427,48.0867],[-88.7486,48.085],[-88.7502,48.0839],[-88.7494,48.0832],[-88.7521,48.0823],[-88.7547,48.0829]],[[-88.7588,48.0863],[-88.7591,48.0861],[-88.7589,48.0862],[-88.7588,48.0863]],[[-88.7197,48.0067],[-88.7208,48.0077],[-88.7209,48.0064],[-88.7197,48.0067]],[[-88.7169,48.0099],[-88.7181,48.0107],[-88.7244,48.0107],[-88.7196,48.0097],[-88.7201,48.0089],[-88.7169,48.0099]],[[-88.7221,48.0081],[-88.7274,48.0085],[-88.7283,48.0087],[-88.7266,48.0075],[-88.7221,48.0081]],[[-88.7137,48.0095],[-88.7162,48.0066],[-88.7101,48.0119],[-88.7155,48.0142],[-88.7158,48.0119],[-88.7115,48.0118],[-88.7169,48.0089],[-88.7137,48.0095]],[[-88.7266,48.0109],[-88.7209,48.0137],[-88.7182,48.0141],[-88.7204,48.014],[-88.715,48.0166],[-88.7192,48.0153],[-88.7216,48.0156],[-88.7203,48.0148],[-88.7266,48.0109]],[[-88.7206,48.0121],[-88.717,48.0126],[-88.7211,48.0125],[-88.7206,48.0121]],[[-88.7298,48.0126],[-88.7262,48.0131],[-88.7299,48.0129],[-88.7298,48.0126]],[[-88.7299,48.0133],[-88.7345,48.0148],[-88.7365,48.0141],[-88.7332,48.0127],[-88.7355,48.0117],[-88.7359,48.0102],[-88.7328,48.0128],[-88.7299,48.0133]],[[-88.7212,48.0149],[-88.7221,48.0149],[-88.723,48.014],[-88.7226,48.0138],[-88.7212,48.0149]],[[-88.706,48.0168],[-88.7052,48.0175],[-88.7045,48.0163],[-88.712,48.0136],[-88.7008,48.0176],[-88.6983,48.0172],[-88.6969,48.0186],[-88.7017,48.0175],[-88.7021,48.018],[-88.6929,48.0209],[-88.6981,48.0209],[-88.7026,48.019],[-88.6963,48.0202],[-88.7028,48.018],[-88.7068,48.018],[-88.7102,48.0159],[-88.706,48.0168]],[[-88.7186,48.0172],[-88.7227,48.0161],[-88.7177,48.0168],[-88.7186,48.0172]],[[-88.721,48.0158],[-88.7202,48.0164],[-88.721,48.016],[-88.7213,48.016],[-88.7215,48.0158],[-88.721,48.0158]],[[-88.7163,48.0187],[-88.7174,48.0188],[-88.7195,48.018],[-88.7172,48.0179],[-88.7163,48.0187]],[[-88.7122,48.0173],[-88.7111,48.0186],[-88.7142,48.0191],[-88.7147,48.0189],[-88.7122,48.0173]],[[-88.7247,48.0172],[-88.7229,48.0177],[-88.7239,48.0169],[-88.7231,48.0168],[-88.7224,48.0173],[-88.7231,48.0181],[-88.7247,48.0172]],[[-88.7193,48.0184],[-88.7153,48.0206],[-88.7103,48.0201],[-88.7111,48.0209],[-88.7084,48.0213],[-88.7069,48.0219],[-88.7134,48.0212],[-88.7113,48.0236],[-88.7137,48.0259],[-88.7133,48.0217],[-88.7163,48.0203],[-88.7177,48.0216],[-88.7161,48.0232],[-88.7176,48.0233],[-88.718,48.0203],[-88.7216,48.019],[-88.7182,48.0194],[-88.7193,48.0184]],[[-88.7164,48.0184],[-88.7157,48.0176],[-88.7147,48.0185],[-88.7164,48.0184]],[[-88.7241,48.0209],[-88.7275,48.0198],[-88.7244,48.0203],[-88.7241,48.0209]],[[-88.7206,48.0232],[-88.7194,48.0228],[-88.719,48.0232],[-88.7206,48.0232]],[[-88.7229,48.0254],[-88.723,48.0253],[-88.7228,48.0254],[-88.7229,48.0254]],[[-88.7145,48.0287],[-88.7143,48.0286],[-88.7144,48.0287],[-88.7145,48.0287]],[[-88.73,48.0358],[-88.7291,48.0366],[-88.731,48.0364],[-88.73,48.0358]],[[-88.7161,48.0425],[-88.7163,48.0424],[-88.7164,48.0423],[-88.7161,48.0425]],[[-88.7213,48.0472],[-88.7194,48.0475],[-88.7193,48.0477],[-88.7213,48.0472]],[[-88.7099,48.0519],[-88.7094,48.053],[-88.7075,48.0529],[-88.7092,48.0533],[-88.7086,48.0543],[-88.7024,48.0583],[-88.6917,48.0633],[-88.7098,48.0566],[-88.7075,48.0579],[-88.6797,48.0708],[-88.6387,48.0873],[-88.6268,48.0936],[-88.629,48.0938],[-88.6282,48.0944],[-88.6155,48.0988],[-88.6175,48.0997],[-88.6196,48.0977],[-88.6252,48.0957],[-88.6316,48.0956],[-88.6306,48.0974],[-88.6258,48.0989],[-88.6289,48.0989],[-88.6353,48.0948],[-88.6279,48.0951],[-88.6297,48.0937],[-88.6348,48.0934],[-88.6315,48.0933],[-88.6382,48.0906],[-88.633,48.0919],[-88.6357,48.0902],[-88.6442,48.0869],[-88.646,48.0871],[-88.6406,48.0892],[-88.6461,48.0878],[-88.6474,48.0866],[-88.6459,48.0862],[-88.6466,48.0857],[-88.6486,48.0852],[-88.6489,48.0861],[-88.6514,48.0844],[-88.6527,48.0853],[-88.6488,48.0876],[-88.6546,48.0868],[-88.6557,48.0848],[-88.6528,48.0847],[-88.6526,48.083],[-88.6568,48.0823],[-88.6582,48.0807],[-88.6594,48.0814],[-88.66,48.0797],[-88.6926,48.0652],[-88.7203,48.0548],[-88.7218,48.0556],[-88.7244,48.0541],[-88.7205,48.0547],[-88.7255,48.0525],[-88.7337,48.0505],[-88.7317,48.04866666666666],[-88.729,48.0485],[-88.7315,48.0493],[-88.7227,48.0532],[-88.7113,48.0564],[-88.7159,48.0537],[-88.7138,48.0543],[-88.7127,48.0542],[-88.7193,48.0525],[-88.7196,48.0515],[-88.7242,48.0503],[-88.7274,48.0487],[-88.7287,48.0475],[-88.7167,48.0517],[-88.7099,48.0519]],[[-88.6351,48.0934],[-88.6375,48.0933],[-88.6389,48.0929],[-88.6356,48.0932],[-88.6399,48.0914],[-88.6351,48.0934]],[[-88.7122,48.05],[-88.7145,48.0501],[-88.7146,48.0497],[-88.7122,48.05]],[[-88.7234,48.0514],[-88.7209,48.0523],[-88.7202,48.0528],[-88.7218,48.0528],[-88.7234,48.0514]],[[-88.7181,48.056],[-88.718,48.056],[-88.7179,48.0561],[-88.7181,48.056]],[[-88.7259,48.0717],[-88.7257,48.0718],[-88.7258,48.0718],[-88.7259,48.0717]],[[-88.7242,48.0735],[-88.7244,48.0734],[-88.7241,48.0735],[-88.7242,48.0735]],[[-88.7299,48.0956],[-88.732,48.0951],[-88.7312,48.095],[-88.7299,48.0956]],[[-88.726,48.0959],[-88.7234,48.098],[-88.7197,48.0986],[-88.7189,48.099],[-88.725,48.0984],[-88.7243,48.0977],[-88.726,48.0959]],[[-88.727,48.0969],[-88.727,48.096],[-88.7253,48.0971],[-88.727,48.0969]],[[-88.724,48.0969],[-88.7219,48.0972],[-88.7195,48.0978],[-88.721,48.0979],[-88.724,48.0969]],[[-88.7045,48.0089],[-88.7031,48.0103],[-88.7062,48.0087],[-88.7045,48.0089]],[[-88.7057,48.0093],[-88.7055,48.0103],[-88.7087,48.0088],[-88.7057,48.0093]],[[-88.7119,48.0085],[-88.7125,48.0079],[-88.7118,48.0081],[-88.7119,48.0085]],[[-88.7001,48.0109],[-88.7017,48.0105],[-88.7018,48.0098],[-88.7001,48.0109]],[[-88.7,48.0105],[-88.6938,48.013],[-88.6984,48.0118],[-88.7,48.0105]],[[-88.7051,48.0119],[-88.7031,48.0142],[-88.7014,48.0146],[-88.6989,48.017],[-88.7048,48.0158],[-88.7034,48.0151],[-88.7035,48.0156],[-88.701,48.0163],[-88.7052,48.0132],[-88.7063,48.0136],[-88.705,48.0139],[-88.7047,48.0142],[-88.7085,48.0137],[-88.7043,48.0145],[-88.7076,48.0142],[-88.7061,48.0147],[-88.706,48.0151],[-88.7098,48.013],[-88.7067,48.0135],[-88.707,48.0131],[-88.7103,48.0124],[-88.7044,48.013],[-88.7068,48.0118],[-88.7048,48.0125],[-88.7079,48.0095],[-88.7051,48.0119]],[[-88.7121,48.0095],[-88.7101,48.0103],[-88.7124,48.0099],[-88.7121,48.0095]],[[-88.692,48.0128],[-88.6948,48.0124],[-88.6952,48.0118],[-88.692,48.0128]],[[-88.6982,48.0145],[-88.7006,48.0132],[-88.6972,48.0143],[-88.6985,48.0151],[-88.7019,48.0138],[-88.6982,48.0145]],[[-88.7068,48.0184],[-88.7077,48.0191],[-88.7068,48.0199],[-88.6999,48.0229],[-88.699,48.0231],[-88.6998,48.0218],[-88.6966,48.0222],[-88.6975,48.0212],[-88.6943,48.0238],[-88.6964,48.0243],[-88.6975,48.0223],[-88.6992,48.022],[-88.698,48.0243],[-88.6967,48.0243],[-88.6992,48.0248],[-88.7003,48.024],[-88.6993,48.0236],[-88.704,48.0223],[-88.7041,48.0212],[-88.7069,48.0206],[-88.7101,48.0182],[-88.7068,48.0184]],[[-88.6903,48.0201],[-88.6936,48.0185],[-88.6918,48.0188],[-88.6908,48.0197],[-88.6874,48.0195],[-88.6895,48.0193],[-88.6955,48.0159],[-88.697,48.0158],[-88.6934,48.0179],[-88.6976,48.0168],[-88.701,48.0147],[-88.699,48.0153],[-88.6957,48.0153],[-88.6911,48.0172],[-88.6918,48.0177],[-88.6888,48.018],[-88.6851,48.0206],[-88.6894,48.0203],[-88.6819,48.0241],[-88.6849,48.0232],[-88.6867,48.024],[-88.6878,48.0232],[-88.6856,48.023],[-88.687,48.0224],[-88.6893,48.0234],[-88.691,48.0225],[-88.69,48.022],[-88.6906,48.0212],[-88.6898,48.0216],[-88.6882,48.0215],[-88.6871,48.0221],[-88.6868,48.022],[-88.6887,48.0211],[-88.6907,48.021],[-88.693,48.0198],[-88.6987,48.0189],[-88.6947,48.0189],[-88.6987,48.0168],[-88.6935,48.0191],[-88.6903,48.0201]],[[-88.6835,48.0215],[-88.6768,48.0235],[-88.6812,48.0201],[-88.6794,48.0203],[-88.6736,48.0232],[-88.6797,48.021],[-88.6737,48.0244],[-88.6807,48.0225],[-88.6767,48.0244],[-88.6778,48.0245],[-88.6815,48.0222],[-88.6811,48.0232],[-88.6834,48.0217],[-88.6846,48.0218],[-88.6826,48.0226],[-88.6825,48.0229],[-88.6817,48.0232],[-88.6814,48.0236],[-88.6819,48.0235],[-88.6873,48.0209],[-88.6835,48.0215]],[[-88.6878,48.0243],[-88.6897,48.0244],[-88.6927,48.0234],[-88.6938,48.0222],[-88.6878,48.0243]],[[-88.688,48.0252],[-88.6843,48.0253],[-88.68425,48.0254],[-88.6853,48.0262],[-88.688,48.0252]],[[-88.6776,48.0269],[-88.6795,48.0261],[-88.6805,48.0246],[-88.6797,48.0247],[-88.6776,48.0269]],[[-88.7081,48.0267],[-88.7094,48.0271],[-88.7099,48.0266],[-88.7093,48.0264],[-88.7081,48.0267]],[[-88.689,48.0262],[-88.6888,48.0263],[-88.6889,48.0263],[-88.689,48.0262]],[[-88.6838,48.0269],[-88.6817,48.0276],[-88.6817,48.028],[-88.6838,48.0269]],[[-88.6959,48.0277],[-88.6976,48.0277],[-88.6977,48.0275],[-88.6959,48.0277]],[[-88.6902,48.0304],[-88.6934,48.0297],[-88.6948,48.0289],[-88.6909,48.0285],[-88.6902,48.0304]],[[-88.7046,48.0277],[-88.7052,48.0288],[-88.7062,48.028],[-88.7046,48.0277]],[[-88.7002,48.0296],[-88.7001,48.0295],[-88.7,48.0295],[-88.7002,48.0296]],[[-88.6851,48.0319],[-88.6749,48.0352],[-88.6761,48.0335],[-88.6746,48.0331],[-88.6739,48.0357],[-88.671,48.0362],[-88.6737,48.0342],[-88.6699,48.0354],[-88.6682,48.0346],[-88.6685,48.0361],[-88.6667,48.0371],[-88.6695,48.036],[-88.6699,48.0364],[-88.6663,48.0381],[-88.6696,48.0368],[-88.6696,48.0378],[-88.671,48.0372],[-88.67,48.0382],[-88.6706,48.0383],[-88.672,48.0369],[-88.6762,48.0366],[-88.67623333333333,48.03573333333333],[-88.6748,48.0365],[-88.6754,48.0355],[-88.6739,48.0364],[-88.6725,48.0366],[-88.6755,48.0352],[-88.6837,48.0329],[-88.6851,48.0319]],[[-88.681,48.0324],[-88.6763,48.0331],[-88.6781,48.0337],[-88.681,48.0324]],[[-88.687,48.0323],[-88.685,48.0327],[-88.6877,48.0329],[-88.687,48.0323]],[[-88.6859,48.035],[-88.6869,48.0352],[-88.6874,48.0343],[-88.6869,48.0343],[-88.6859,48.035]],[[-88.6844,48.0342],[-88.6867,48.0338],[-88.6869,48.0336],[-88.6844,48.0342]],[[-88.6992,48.0352],[-88.6992,48.0351],[-88.6991,48.0353],[-88.6992,48.0352]],[[-88.7041,48.0356],[-88.7053,48.036],[-88.7067,48.0354],[-88.705,48.035],[-88.7041,48.0356]],[[-88.6793,48.0365],[-88.6801,48.0361],[-88.6794,48.0361],[-88.6793,48.0365]],[[-88.6799,48.035],[-88.6787,48.0358],[-88.6819,48.035],[-88.6799,48.035]],[[-88.6822,48.0382],[-88.6838,48.0385],[-88.6847,48.0381],[-88.6841,48.0376],[-88.6822,48.0382]],[[-88.7123,48.0385],[-88.7121,48.0386],[-88.7122,48.0386],[-88.7123,48.0385]],[[-88.6837,48.0397],[-88.6838,48.0396],[-88.6835,48.0397],[-88.6837,48.0397]],[[-88.6792,48.0383],[-88.6771,48.0396],[-88.6762,48.0395],[-88.6769,48.0388],[-88.6751,48.0399],[-88.677,48.0406],[-88.6792,48.0383]],[[-88.709,48.06],[-88.7131,48.0603],[-88.7145,48.0585],[-88.709,48.06]],[[-88.7018,48.0639],[-88.6984,48.065],[-88.6964,48.0662],[-88.7024,48.0639],[-88.7037,48.0631],[-88.7012,48.0631],[-88.6999,48.0639],[-88.7018,48.0639]],[[-88.7066,48.0608],[-88.7089,48.0614],[-88.7077,48.0607],[-88.7087,48.0603],[-88.7066,48.0608]],[[-88.6915,48.0703],[-88.6942,48.0691],[-88.6937,48.068],[-88.6912,48.0689],[-88.6915,48.0703]],[[-88.6858,48.0723],[-88.6897,48.0717],[-88.6901,48.0708],[-88.6858,48.0723]],[[-88.6832,48.074],[-88.6863,48.0733],[-88.68586666666667,48.07293333333333],[-88.6832,48.074]],[[-88.6803,48.0745],[-88.6805,48.0746],[-88.6804,48.0745],[-88.6803,48.0745]],[[-88.6746,48.0784],[-88.6739,48.0795],[-88.6762,48.0781],[-88.6775,48.0779],[-88.6791,48.077],[-88.6746,48.0784]],[[-88.6793,48.0801],[-88.6739,48.0825],[-88.6852,48.078],[-88.6837,48.0773],[-88.686,48.0755],[-88.6902,48.0746],[-88.6916,48.0734],[-88.6941,48.0733],[-88.7009,48.0699],[-88.684,48.0761],[-88.6793,48.0801]],[[-88.6853,48.0842],[-88.6853,48.0841],[-88.6852,48.0842],[-88.6853,48.0842]],[[-88.7156,48.0879],[-88.7221,48.0857],[-88.7278,48.0853],[-88.7316,48.0825],[-88.7231,48.0843],[-88.7156,48.0879]],[[-88.7099,48.1007],[-88.7086,48.1009],[-88.7082,48.1014],[-88.709,48.1014],[-88.7099,48.1007]],[[-88.7045,48.1034],[-88.7066,48.1025],[-88.7067,48.1022],[-88.7052,48.1027],[-88.7045,48.1034]],[[-88.7088,48.1031],[-88.7089,48.1031],[-88.709,48.1029],[-88.7088,48.1031]],[[-88.7122,48.1024],[-88.719,48.1002],[-88.7095,48.1026],[-88.7122,48.1024]],[[-88.707,48.1047],[-88.7027,48.1061],[-88.7022,48.1065],[-88.707,48.1047]],[[-88.6784,48.0198],[-88.6927,48.0152],[-88.6882,48.0158],[-88.6955,48.0129],[-88.6892,48.014],[-88.6869,48.015],[-88.6883,48.015],[-88.6862,48.0168],[-88.6836,48.0171],[-88.6784,48.0198]],[[-88.673,48.0215],[-88.6655,48.0245],[-88.6701,48.0237],[-88.673,48.0215]],[[-88.6709,48.0244],[-88.6715,48.0238],[-88.6702,48.0244],[-88.6709,48.0244]],[[-88.6717,48.026],[-88.6722,48.025],[-88.6713,48.0258],[-88.6717,48.026]],[[-88.6646,48.0291],[-88.6569,48.0316],[-88.6456,48.0372],[-88.6644,48.0299],[-88.6652,48.0308],[-88.6616,48.0314],[-88.6621,48.0321],[-88.6596,48.0329],[-88.6568,48.035],[-88.6605,48.0333],[-88.6596,48.0344],[-88.6621,48.0346],[-88.6535,48.0376],[-88.6619,48.0357],[-88.6637,48.0362],[-88.6617,48.0366],[-88.6625,48.0371],[-88.6618,48.0384],[-88.6558,48.0413],[-88.6537,48.0411],[-88.6533,48.0422],[-88.6571,48.0419],[-88.6628,48.0381],[-88.6638,48.0383],[-88.6626,48.0391],[-88.6645,48.0392],[-88.6636,48.0389],[-88.6659,48.0353],[-88.6629,48.0347],[-88.6755,48.0294],[-88.6665,48.0313],[-88.6689,48.0317],[-88.6641,48.0339],[-88.6609,48.0334],[-88.6668,48.0301],[-88.6694,48.0293],[-88.6697,48.029],[-88.665,48.0301],[-88.6659,48.029],[-88.6646,48.0291]],[[-88.6521,48.0297],[-88.6511,48.0292],[-88.6502,48.0299],[-88.6521,48.0297]],[[-88.68,48.0314],[-88.6788,48.0321],[-88.6812,48.0315],[-88.679,48.0309],[-88.6754,48.0317],[-88.68,48.0314]],[[-88.6686,48.0338],[-88.6708,48.0334],[-88.6716,48.0329],[-88.6701,48.0333],[-88.6686,48.0338]],[[-88.6705,48.0338],[-88.6707,48.0338],[-88.6703,48.0337],[-88.6705,48.0338]],[[-88.6703,48.0343],[-88.6702,48.0344],[-88.6704,48.0343],[-88.6703,48.0343]],[[-88.6536,48.036],[-88.6535,48.0361],[-88.6533,48.0363],[-88.6536,48.036]],[[-88.6528,48.0374],[-88.6554,48.036],[-88.6524,48.0372],[-88.6528,48.0374]],[[-88.6613,48.0383],[-88.6615,48.0373],[-88.659,48.0386],[-88.6613,48.0383]],[[-88.6575,48.0384],[-88.6585,48.0376],[-88.6591,48.0373],[-88.6575,48.0377],[-88.6575,48.0384]],[[-88.6533,48.0406],[-88.6402,48.0431],[-88.6337,48.0462],[-88.64,48.0434],[-88.6444,48.0433],[-88.6533,48.0406]],[[-88.6684,48.0409],[-88.6686,48.0408],[-88.6683,48.0409],[-88.6684,48.0409]],[[-88.6706,48.0393],[-88.668,48.0401],[-88.6666,48.0397],[-88.6658,48.04],[-88.6684,48.0406],[-88.6706,48.0393]],[[-88.6603,48.041],[-88.6618,48.0417],[-88.6596,48.0429],[-88.6655,48.0406],[-88.6603,48.041]],[[-88.6641,48.0416],[-88.6647,48.042],[-88.6648,48.0413],[-88.6641,48.0416]],[[-88.6659,48.0393],[-88.6657,48.0394],[-88.666,48.0393],[-88.6659,48.0393]],[[-88.6457,48.0437],[-88.6487,48.0431],[-88.6453,48.0448],[-88.6491,48.0436],[-88.6499,48.0423],[-88.6457,48.0437]],[[-88.6567,48.043],[-88.6562,48.0425],[-88.6548,48.0433],[-88.6567,48.043]],[[-88.6673,48.0433],[-88.6709,48.0424],[-88.6707,48.0414],[-88.6673,48.0433]],[[-88.6633,48.0449],[-88.6605,48.0477],[-88.6642,48.0451],[-88.6714,48.0452],[-88.6714,48.0435],[-88.6729,48.0427],[-88.6718,48.0422],[-88.6688,48.0449],[-88.6632,48.044],[-88.6602,48.0451],[-88.6633,48.0449]],[[-88.6616,48.0442],[-88.6603,48.0432],[-88.6605,48.0444],[-88.6616,48.0442]],[[-88.6766,48.0437],[-88.6785,48.0434],[-88.6763,48.0435],[-88.6766,48.0437]],[[-88.6791,48.0431],[-88.6801,48.0416],[-88.6775,48.0426],[-88.6791,48.0431]],[[-88.6693,48.0469],[-88.671,48.0473],[-88.6731,48.0462],[-88.6703,48.0468],[-88.6695,48.0459],[-88.6693,48.0469]],[[-88.6681,48.0505],[-88.6681,48.0504],[-88.668,48.0506],[-88.6681,48.0505]],[[-88.6653,48.0497],[-88.6624,48.0506],[-88.6614,48.0511],[-88.6647,48.0504],[-88.6653,48.0497]],[[-88.6641,48.0515],[-88.6648,48.0505],[-88.6637,48.0513],[-88.6641,48.0515]],[[-88.6593,48.0524],[-88.6622,48.0522],[-88.6632,48.0513],[-88.6593,48.0524]],[[-88.6444,48.0581],[-88.6448,48.0572],[-88.6474,48.0567],[-88.6444,48.057],[-88.6444,48.0581]],[[-88.6481,48.0583],[-88.6483,48.0582],[-88.6482,48.0582],[-88.6481,48.0583]],[[-88.6554,48.0744],[-88.6579,48.0742],[-88.6577,48.0737],[-88.6554,48.0744]],[[-88.6557,48.0753],[-88.6515,48.076],[-88.6471,48.0777],[-88.6557,48.0753]],[[-88.6631,48.0816],[-88.6693,48.0812],[-88.6719,48.0787],[-88.6689,48.081],[-88.6681,48.0811],[-88.6695,48.0798],[-88.6686,48.0788],[-88.6651,48.0812],[-88.6637,48.0805],[-88.6621,48.083],[-88.6631,48.0816]],[[-88.6593,48.0858],[-88.6576,48.0832],[-88.6563,48.084],[-88.6566,48.0861],[-88.6593,48.0858]],[[-88.6609,48.0877],[-88.6579,48.0889],[-88.6587,48.0888],[-88.6609,48.0877]],[[-88.6572,48.0885],[-88.6636,48.0866],[-88.6669,48.0858],[-88.6689,48.0849],[-88.6635,48.0864],[-88.6691,48.0827],[-88.6572,48.0885]],[[-88.6439,48.0317],[-88.6459,48.0317],[-88.6464,48.0309],[-88.6451,48.0308],[-88.6439,48.0317]],[[-88.6484,48.0314],[-88.6481,48.0305],[-88.6457,48.032],[-88.6463,48.0321],[-88.6484,48.0314]],[[-88.6409,48.0316],[-88.6351,48.034],[-88.6372,48.0334],[-88.6409,48.0316]],[[-88.6286,48.0396],[-88.6275,48.0405],[-88.6284,48.0405],[-88.6286,48.0396]],[[-88.6197,48.044],[-88.6208,48.0445],[-88.6226,48.043],[-88.6216,48.0424],[-88.6197,48.044]],[[-88.637,48.0416],[-88.6402,48.0408],[-88.6354,48.0412],[-88.637,48.0416]],[[-88.6229,48.0451],[-88.6217,48.0451],[-88.6204,48.0459],[-88.6221,48.0456],[-88.6229,48.0451]],[[-88.6191,48.0455],[-88.6213,48.045],[-88.6215,48.0448],[-88.6191,48.0455]],[[-88.6373,48.0465],[-88.6408,48.045],[-88.641,48.0444],[-88.6373,48.0465]],[[-88.6078,48.049],[-88.6116,48.0491],[-88.61,48.0484],[-88.6139,48.0472],[-88.6117,48.047],[-88.6078,48.049]],[[-88.6094,48.0465],[-88.6121,48.0449],[-88.6097,48.0457],[-88.6089,48.0464],[-88.6095,48.0473],[-88.6073,48.0481],[-88.6105,48.0474],[-88.6094,48.0465]],[[-88.643,48.0485],[-88.6451,48.0493],[-88.6458,48.0486],[-88.6445,48.048],[-88.6474,48.0467],[-88.6455,48.0464],[-88.643,48.0485]],[[-88.648,48.0452],[-88.6452,48.0457],[-88.6433,48.0464],[-88.648,48.0452]],[[-88.6481,48.0452],[-88.6485,48.0465],[-88.6491,48.0466],[-88.6492,48.0452],[-88.6481,48.0452]],[[-88.6107,48.043],[-88.6031,48.0473],[-88.5947,48.0541],[-88.5903,48.0566],[-88.5853,48.0575],[-88.5863,48.0578],[-88.5856,48.0585],[-88.5906,48.0575],[-88.6035,48.0479],[-88.6107,48.0441],[-88.6107,48.043]],[[-88.6464,48.0482],[-88.6453,48.0478],[-88.6452,48.0482],[-88.6464,48.0482]],[[-88.6225,48.052],[-88.6267,48.0491],[-88.6218,48.0518],[-88.6225,48.052]],[[-88.612,48.0545],[-88.6072,48.0564],[-88.6063,48.0584],[-88.6077,48.0572],[-88.6091,48.058],[-88.6152,48.0569],[-88.6149,48.0545],[-88.612,48.0545]],[[-88.6164,48.0543],[-88.6145,48.0535],[-88.6144,48.0538],[-88.6164,48.0543]],[[-88.6138,48.0585],[-88.6158,48.0586],[-88.6134,48.0589],[-88.6146,48.0605],[-88.6149,48.0591],[-88.6178,48.0597],[-88.617,48.0608],[-88.6189,48.0589],[-88.6207,48.0594],[-88.6185,48.0579],[-88.62,48.0566],[-88.6138,48.0585]],[[-88.6425,48.0595],[-88.6448,48.0594],[-88.6472,48.0588],[-88.6459,48.0584],[-88.6425,48.0595]],[[-88.6023,48.0627],[-88.6038,48.0624],[-88.6025,48.0603],[-88.6019,48.0616],[-88.6023,48.0627]],[[-88.6135,48.062],[-88.6141,48.063],[-88.6152,48.0637],[-88.6159,48.0626],[-88.615,48.0623],[-88.6167,48.0617],[-88.6135,48.062]],[[-88.6103,48.0611],[-88.6097,48.0626],[-88.6118,48.064],[-88.6108,48.0648],[-88.6134,48.0643],[-88.613,48.0622],[-88.6141,48.0612],[-88.6103,48.0611]],[[-88.6108,48.0641],[-88.6097,48.0644],[-88.6088,48.0643],[-88.6097,48.0649],[-88.6108,48.0641]],[[-88.6075,48.0648],[-88.6081,48.0659],[-88.6063,48.0661],[-88.6076,48.0673],[-88.6106,48.0666],[-88.6086,48.0645],[-88.6075,48.0648]],[[-88.6198,48.0667],[-88.6176,48.0657],[-88.6164,48.069],[-88.609,48.0706],[-88.6043,48.0741],[-88.6165,48.0705],[-88.6198,48.0667]],[[-88.6093,48.0746],[-88.6107,48.0761],[-88.6106,48.0745],[-88.6115,48.0737],[-88.6093,48.0746]],[[-88.6217,48.0815],[-88.616,48.0821],[-88.6172,48.0826],[-88.6217,48.0815]],[[-88.6253,48.0791],[-88.624,48.0792],[-88.6222,48.0803],[-88.6243,48.0802],[-88.6253,48.0791]],[[-88.6183,48.0799],[-88.6164,48.081],[-88.6192,48.0803],[-88.6183,48.0799]],[[-88.6255,48.0885],[-88.6278,48.088],[-88.628,48.0876],[-88.6258,48.0876],[-88.6255,48.0885]],[[-88.6378,48.082],[-88.6341,48.0831],[-88.6362,48.083],[-88.6378,48.082]],[[-88.6343,48.0837],[-88.6322,48.0843],[-88.6341,48.084],[-88.6343,48.0837]],[[-88.6426,48.0855],[-88.6458,48.0835],[-88.6405,48.0857],[-88.6426,48.0855]],[[-88.6395,48.0854],[-88.6384,48.0867],[-88.6371,48.0872],[-88.639,48.0866],[-88.6395,48.0854]],[[-88.6002,48.092],[-88.6042,48.0908],[-88.603,48.0907],[-88.6002,48.092]],[[-88.6108,48.0929],[-88.6094,48.0939],[-88.6114,48.0936],[-88.6124,48.0929],[-88.6115,48.0925],[-88.6145,48.0919],[-88.6155,48.0912],[-88.6137,48.0913],[-88.6081,48.0937],[-88.6108,48.0929]],[[-88.635,48.0924],[-88.6346,48.0925],[-88.6349,48.0925],[-88.635,48.0924]],[[-88.6228,48.0977],[-88.6198,48.0983],[-88.6211,48.0983],[-88.6228,48.0977]],[[-88.6327,48.0991],[-88.6329,48.0991],[-88.6331,48.099],[-88.6327,48.0991]],[[-88.6359,48.0979],[-88.6358,48.098],[-88.6359,48.098],[-88.6359,48.0979]],[[-88.6157,48.0995],[-88.6082,48.0996],[-88.61,48.0998],[-88.6081,48.1011],[-88.6098,48.1004],[-88.6077,48.1017],[-88.6026,48.101],[-88.6051,48.1025],[-88.6002,48.1053],[-88.5982,48.1046],[-88.5919,48.1066],[-88.5879,48.1082],[-88.5978,48.106],[-88.5903,48.1084],[-88.5877,48.1109],[-88.5738,48.1151],[-88.576,48.1158],[-88.5795,48.1136],[-88.5827,48.1136],[-88.5964,48.1069],[-88.6047,48.1048],[-88.6072,48.1028],[-88.609,48.103],[-88.6138,48.1011],[-88.6157,48.0995]],[[-88.6199,48.108],[-88.6202,48.1079],[-88.6198,48.108],[-88.6199,48.108]],[[-88.6115,48.1089],[-88.6115,48.109],[-88.6116,48.1089],[-88.6115,48.1089]],[[-88.5958,48.056],[-88.5993,48.0571],[-88.5988,48.0593],[-88.5977,48.0595],[-88.599,48.0602],[-88.5998,48.0585],[-88.6017,48.0595],[-88.6062,48.0591],[-88.6005,48.0583],[-88.5995,48.0571],[-88.6002,48.055],[-88.5967,48.0556],[-88.596,48.0547],[-88.5958,48.056]],[[-88.5911,48.0592],[-88.5844,48.0615],[-88.5855,48.0632],[-88.5841,48.0646],[-88.5853,48.0651],[-88.587,48.0628],[-88.5891,48.063],[-88.5911,48.0592]],[[-88.578525,48.100525],[-88.5799,48.1006],[-88.5797,48.1],[-88.578525,48.100525]],[[-88.5807,48.1003],[-88.5816,48.0998],[-88.5809,48.0996],[-88.5807,48.1003]],[[-88.578,48.1038],[-88.5739,48.1058],[-88.5737,48.1072],[-88.5673,48.1104],[-88.577,48.1067],[-88.5726,48.1082],[-88.5775,48.1057],[-88.5759,48.1052],[-88.578,48.1038]],[[-88.5871,48.1017],[-88.5843,48.1032],[-88.5874,48.1017],[-88.5871,48.1017]],[[-88.589,48.1016],[-88.5788,48.1058],[-88.5845,48.1041],[-88.589,48.1016]],[[-88.5749,48.108],[-88.5781,48.107],[-88.5791,48.1062],[-88.5749,48.108]],[[-88.5597,48.1093],[-88.5614,48.1076],[-88.5572,48.1099],[-88.5597,48.1093]],[[-88.56,48.1109],[-88.5601,48.1108],[-88.5599,48.111],[-88.56,48.1109]],[[-88.5657,48.1118],[-88.5597,48.1134],[-88.5554,48.1167],[-88.5657,48.1118]],[[-88.5541,48.11263333333333],[-88.5456,48.1172],[-88.5496,48.1166],[-88.5541,48.11263333333333]],[[-88.5406,48.1189],[-88.5437,48.1183],[-88.5438,48.1181],[-88.5406,48.1189]],[[-88.5949,48.1186],[-88.5952,48.1186],[-88.5952,48.1185],[-88.5949,48.1186]],[[-88.5958,48.1182],[-88.5957,48.1183],[-88.5958,48.1183],[-88.5958,48.1182]],[[-88.5592,48.1228],[-88.5612,48.1218],[-88.562,48.1209],[-88.5592,48.1202],[-88.5603,48.1211],[-88.5592,48.1228]],[[-88.5539,48.1224],[-88.5536,48.1225],[-88.554,48.1224],[-88.5539,48.1224]],[[-88.594,48.1208],[-88.5903,48.1226],[-88.5952,48.1206],[-88.594,48.1208]],[[-88.5714,48.1235],[-88.5761,48.1208],[-88.579,48.1208],[-88.5801,48.1193],[-88.6061,48.1097],[-88.612,48.1055],[-88.6109,48.1049],[-88.6117,48.1036],[-88.6138,48.1056],[-88.6158,48.105],[-88.6147,48.1047],[-88.6166,48.103],[-88.6151,48.1028],[-88.6194,48.1014],[-88.6217,48.0992],[-88.6131,48.1024],[-88.6063,48.1066],[-88.6,48.1072],[-88.6016,48.1072],[-88.6006,48.1083],[-88.6043,48.1072],[-88.6028,48.1085],[-88.5974,48.1088],[-88.5923,48.1113],[-88.5948,48.1105],[-88.5945,48.1111],[-88.5851,48.1149],[-88.5833,48.1146],[-88.5763,48.1182],[-88.5781,48.1179],[-88.5773,48.1187],[-88.5746,48.119],[-88.5743,48.1209],[-88.5702,48.1215],[-88.5729,48.12],[-88.5705,48.1202],[-88.565825,48.122325],[-88.5675,48.1236],[-88.5694,48.1224],[-88.5714,48.1235]],[[-88.5844,48.1261],[-88.588,48.1245],[-88.58366,48.12586],[-88.5844,48.1261]],[[-88.5797,48.1275],[-88.5743,48.1296],[-88.5782,48.1287],[-88.5797,48.1275]],[[-88.5767,48.1284],[-88.5887,48.1231],[-88.5761,48.1281],[-88.5767,48.1284]],[[-88.5889,48.1234],[-88.5889,48.1233],[-88.5888,48.1235],[-88.5889,48.1234]],[[-88.5371,48.128],[-88.5378,48.1287],[-88.5413,48.1274],[-88.5407,48.1268],[-88.5371,48.128]],[[-88.5632,48.129],[-88.5634,48.129],[-88.5637,48.1289],[-88.5632,48.129]],[[-88.5554,48.1351],[-88.5737,48.1295],[-88.5717,48.1289],[-88.5586,48.1332],[-88.5554,48.1351]],[[-88.5518,48.1338],[-88.5553,48.1315],[-88.5498,48.1336],[-88.5518,48.1338]],[[-88.5285,48.1351],[-88.5367,48.1312],[-88.5356,48.1311],[-88.5285,48.1351]],[[-88.5313,48.1373],[-88.5312,48.1374],[-88.5313,48.1374],[-88.5313,48.1373]],[[-88.5134,48.1466],[-88.5157,48.1454],[-88.5203,48.1444],[-88.5233,48.1426],[-88.5199,48.144],[-88.5192,48.1438],[-88.5278,48.1397],[-88.522,48.141],[-88.5207,48.1419],[-88.522,48.1424],[-88.518,48.1434],[-88.5176,48.1448],[-88.5162,48.1437],[-88.516,48.145],[-88.5109,48.1478],[-88.5138,48.1471],[-88.5173,48.1456],[-88.5134,48.1466]],[[-88.5173,48.147],[-88.5435,48.1368],[-88.5437,48.1357],[-88.5111,48.1493],[-88.5037,48.1538],[-88.5173,48.147]],[[-88.5056,48.151],[-88.5057,48.1509],[-88.5055,48.151],[-88.5056,48.151]],[[-88.5068,48.1487],[-88.5044,48.1501],[-88.5077,48.1486],[-88.5068,48.1487]],[[-88.4874,48.1533],[-88.4773,48.1565],[-88.476,48.1574],[-88.4874,48.1533]],[[-88.4966,48.1544],[-88.4915,48.1563],[-88.4928,48.1571],[-88.4966,48.1544]],[[-88.4662,48.1543],[-88.4663,48.1543],[-88.4664,48.1542],[-88.4662,48.1543]],[[-88.46215,48.157675],[-88.46215,48.157675],[-88.462,48.1576],[-88.46215,48.157675]],[[-88.4885,48.1581],[-88.4884,48.1582],[-88.4886,48.1581],[-88.4885,48.1581]],[[-88.4761,48.1664],[-88.4777,48.1661],[-88.4789,48.1657],[-88.478,48.1654],[-88.4761,48.1664]],[[-88.4729,48.1681],[-88.4755,48.1667],[-88.4755,48.1665],[-88.4729,48.1681]],[[-88.4707,48.1674],[-88.4708,48.1673],[-88.4706,48.1674],[-88.4707,48.1674]],[[-88.4668,48.1705],[-88.4679,48.1692],[-88.4658,48.171],[-88.4668,48.1705]],[[-88.4614,48.1704],[-88.4635,48.1713],[-88.4647,48.171],[-88.4614,48.1704]],[[-88.4647,48.1694],[-88.4654,48.1687],[-88.4636,48.1699],[-88.4647,48.1694]],[[-88.4818,48.1619],[-88.4796,48.1619],[-88.479,48.1627],[-88.4818,48.1619]],[[-88.4767,48.1691],[-88.4764,48.1693],[-88.4765,48.1693],[-88.4767,48.1691]],[[-88.4632,48.1717],[-88.4626,48.1729],[-88.4638,48.172],[-88.4632,48.1717]],[[-88.4396,48.1809],[-88.4386,48.1818],[-88.4386,48.1821],[-88.4396,48.1809]],[[-88.4367,48.1834],[-88.4381,48.1827],[-88.4382,48.1824],[-88.4374,48.1827],[-88.4367,48.1834]],[[-88.443,48.1833],[-88.4485,48.1798],[-88.4439,48.1825],[-88.443,48.1833]],[[-88.4432,48.1821],[-88.4429,48.1812],[-88.4424,48.1821],[-88.4432,48.1821]],[[-88.4303,48.1857],[-88.4291,48.1873],[-88.4298,48.1871],[-88.4303,48.1857]],[[-88.4384,48.1831],[-88.4369,48.184],[-88.4393,48.1833],[-88.4384,48.1831]],[[-89.2066,47.8756],[-89.2068,47.8755],[-89.2067,47.8755],[-89.2066,47.8756]],[[-88.9581,47.9279],[-88.9582,47.9279],[-88.9583,47.9278],[-88.9581,47.9279]],[[-89.0626,47.9194],[-89.0649,47.919],[-89.0623,47.919],[-89.0626,47.9194]],[[-89.0599,47.9204],[-89.0585,47.9215],[-89.0607,47.9208],[-89.0599,47.9204]],[[-88.9406,48.0053],[-88.9408,48.0052],[-88.9409,48.0051],[-88.9406,48.0053]],[[-88.9485,48.0046],[-88.9326,48.01],[-88.9459,48.006],[-88.9485,48.0046]],[[-88.9012,48.0178],[-88.9013,48.0178],[-88.9014,48.0177],[-88.9012,48.0178]],[[-88.8726,48.0185],[-88.8704,48.0198],[-88.8741,48.0187],[-88.8726,48.0185]],[[-88.8081,48.0455],[-88.8082,48.0455],[-88.8081,48.0454],[-88.8081,48.0455]],[[-88.7307,48.048],[-88.7368,48.0465],[-88.7368,48.0463],[-88.7345,48.0463],[-88.7307,48.048]],[[-88.7522,48.0482],[-88.7494,48.049],[-88.7496,48.048],[-88.7489,48.0473],[-88.7452,48.0498],[-88.7468,48.0508],[-88.7497,48.0508],[-88.7552,48.0487],[-88.7551,48.048],[-88.7597,48.0478],[-88.762,48.047],[-88.7598,48.0471],[-88.7599,48.0466],[-88.7633,48.0462],[-88.7621,48.0466],[-88.7628,48.0475],[-88.7658,48.0474],[-88.7686,48.0456],[-88.7619,48.0455],[-88.7546,48.0479],[-88.7545,48.0486],[-88.7532,48.049],[-88.7541,48.0484],[-88.7533,48.0474],[-88.7499,48.0476],[-88.7522,48.0482]],[[-88.8052,48.0519],[-88.7988,48.0536],[-88.806,48.0521],[-88.8052,48.0519]],[[-88.7415,48.0536],[-88.7417,48.0548],[-88.7437,48.0543],[-88.7437,48.0541],[-88.7415,48.0536]],[[-88.7441,48.0555],[-88.745,48.0548],[-88.743,48.0551],[-88.7441,48.0555]],[[-88.7439,48.0544],[-88.7451,48.0545],[-88.745,48.0542],[-88.7439,48.0544]],[[-88.746,48.0538],[-88.7466,48.0545],[-88.7488,48.0538],[-88.7486,48.0534],[-88.746,48.0538]],[[-88.746,48.0548],[-88.7472,48.0551],[-88.7502,48.0539],[-88.746,48.0548]],[[-88.77,48.0621],[-88.7723,48.0606],[-88.7692,48.0622],[-88.77,48.0621]],[[-88.7629,48.0613],[-88.7612,48.0618],[-88.7612,48.0619],[-88.7629,48.0613]],[[-88.7615,48.0642],[-88.7614,48.0647],[-88.7637,48.0633],[-88.7656,48.0632],[-88.7634,48.0623],[-88.7558,48.0653],[-88.7615,48.0642]],[[-88.7398,48.0534],[-88.7369,48.055],[-88.7359,48.0544],[-88.7335,48.0545],[-88.7339,48.055],[-88.7356,48.0547],[-88.7362,48.0552],[-88.725,48.0579],[-88.7238,48.0593],[-88.7308,48.0581],[-88.7363,48.0556],[-88.7406,48.0558],[-88.7409,48.0526],[-88.7349,48.0509],[-88.7351,48.052],[-88.7398,48.0534]],[[-88.7312,48.0662],[-88.7335,48.0657],[-88.7312,48.0658],[-88.7293,48.0672],[-88.7312,48.0662]],[[-88.7321,48.0798],[-88.7351,48.0798],[-88.7353,48.0795],[-88.7321,48.0798]],[[-88.7368,48.0804],[-88.7348,48.0804],[-88.7322,48.0825],[-88.7347,48.0819],[-88.7368,48.0804]],[[-89.157,47.891],[-89.1594,47.891],[-89.1582,47.8906],[-89.1602,47.8895],[-89.1688,47.8872],[-89.1653,47.8863],[-89.157,47.891]],[[-89.1625,47.8905],[-89.166,47.8886],[-89.1617,47.8902],[-89.1625,47.8905]],[[-89.1455,47.8946],[-89.1507,47.8948],[-89.149,47.8943],[-89.1492,47.8933],[-89.1455,47.8946]],[[-89.1548,47.8923],[-89.1515,47.893],[-89.1513,47.8934],[-89.1548,47.8923]],[[-89.1771,47.9255],[-89.177,47.9255],[-89.1769,47.9256],[-89.1771,47.9255]],[[-89.1583,47.9282],[-89.1582,47.9283],[-89.1581,47.9284],[-89.1583,47.9282]],[[-89.1437,47.8879],[-89.1508,47.8869],[-89.1452,47.8867],[-89.1437,47.8879]],[[-89.1167,47.8955],[-89.1187,47.8979],[-89.1175,47.8959],[-89.1167,47.8955]],[[-89.137,47.8975],[-89.1371,47.8974],[-89.1371,47.8973],[-89.137,47.8975]],[[-89.139,47.8964],[-89.1402,47.8955],[-89.1378,47.8957],[-89.139,47.8964]],[[-89.1316,47.9135],[-89.1315,47.9133],[-89.1315,47.9134],[-89.1316,47.9135]],[[-89.101,47.9156],[-89.0863,47.9154],[-89.0835,47.9175],[-89.0747,47.9187],[-89.0733,47.9201],[-89.0875,47.9195],[-89.0919,47.9179],[-89.0949,47.9184],[-89.09115,47.91865],[-89.0912,47.9205],[-89.0872,47.9202],[-89.0867,47.9227],[-89.0815,47.9232],[-89.0919,47.9223],[-89.0917,47.9205],[-89.0958,47.9206],[-89.0965,47.917],[-89.1033,47.919],[-89.104,47.9172],[-89.1018,47.9153],[-89.1031,47.9137],[-89.108,47.9123],[-89.1108,47.9129],[-89.1094,47.9117],[-89.1106,47.9114],[-89.1125,47.9102],[-89.1126,47.9098],[-89.1027,47.913],[-89.101,47.9156]],[[-89.0536,47.9292],[-89.0522,47.9287],[-89.051,47.9294],[-89.0536,47.9292]],[[-89.1725,47.9293],[-89.1724,47.9294],[-89.1728,47.9292],[-89.1725,47.9293]],[[-89.1739,47.9289],[-89.174,47.9288],[-89.174,47.9287],[-89.1739,47.9289]],[[-89.1606,47.9395],[-89.1636,47.9397],[-89.1641,47.9394],[-89.1606,47.9395]],[[-89.112,47.9207],[-89.1122,47.9206],[-89.1121,47.9206],[-89.112,47.9207]],[[-89.1603,47.9331],[-89.159,47.9333],[-89.1583,47.9338],[-89.1591,47.934],[-89.1603,47.9331]],[[-89.1473,47.9366],[-89.1493,47.9346],[-89.1465,47.9363],[-89.1473,47.9366]],[[-89.1411,47.9433],[-89.1395,47.9446],[-89.1412,47.9435],[-89.1411,47.9433]],[[-89.1361,47.9405],[-89.1363,47.9406],[-89.1362,47.9405],[-89.1361,47.9405]],[[-89.138,47.9405],[-89.1382,47.9406],[-89.1381,47.9405],[-89.138,47.9405]],[[-89.1229,47.9431],[-89.1209,47.9422],[-89.1208,47.9389],[-89.1192,47.9436],[-89.1145,47.9456],[-89.1196,47.9439],[-89.1199,47.9498],[-89.1189,47.9518],[-89.1199,47.9529],[-89.121,47.9504],[-89.1205,47.9448],[-89.1229,47.9431]],[[-89.1448,47.9471],[-89.1413,47.9478],[-89.1411,47.9482],[-89.1448,47.9471]],[[-89.1115,47.9563],[-89.1111,47.9536],[-89.1163,47.9502],[-89.1102,47.9515],[-89.1098,47.9565],[-89.1115,47.9563]],[[-89.0685,47.8933],[-89.07,47.8941],[-89.0704,47.8942],[-89.0698,47.8934],[-89.0685,47.8933]],[[-89.1048,47.9097],[-89.0961,47.9117],[-89.096,47.912],[-89.0994,47.9121],[-89.1048,47.9097]],[[-89.0557,47.9101],[-89.0535,47.9067],[-89.0513,47.9064],[-89.0529,47.9091],[-89.0503,47.9109],[-89.0541,47.9098],[-89.0537,47.9089],[-89.0546,47.9107],[-89.0557,47.9101]],[[-89.0603,47.9133],[-89.0606,47.9142],[-89.0684,47.9137],[-89.0666,47.9128],[-89.0603,47.9133]],[[-89.0553,47.9147],[-89.0504,47.9169],[-89.0581,47.9162],[-89.0553,47.9147]],[[-89.0436,47.9189],[-89.0444,47.9194],[-89.0457,47.9183],[-89.0445,47.9183],[-89.0436,47.9189]],[[-89.0745,47.9268],[-89.07,47.9263],[-89.0681,47.9277],[-89.0711,47.9281],[-89.0745,47.9268]],[[-89.0703,47.9252],[-89.0708,47.9262],[-89.0718,47.9256],[-89.0703,47.9252]],[[-89.0571,47.9312],[-89.0579,47.9301],[-89.0575,47.9298],[-89.0571,47.9312]],[[-89.0599,47.9285],[-89.0606,47.9308],[-89.0625,47.9306],[-89.064,47.9287],[-89.0634,47.9274],[-89.0613,47.9295],[-89.0599,47.9285]],[[-89.0531,47.9468],[-89.0533,47.9467],[-89.0533,47.9466],[-89.0531,47.9468]],[[-89.0888,47.9538],[-89.0907,47.9539],[-89.0938,47.9521],[-89.0888,47.9538]],[[-89.0462,47.9576],[-89.046,47.9577],[-89.0461,47.9577],[-89.0462,47.9576]],[[-89.0835,47.9607],[-89.0833,47.9608],[-89.0836,47.9607],[-89.0835,47.9607]],[[-89.0934,47.9652],[-89.0943,47.966],[-89.0956,47.965],[-89.0934,47.9652]],[[-89.086,47.9663],[-89.0821,47.9668],[-89.0811,47.9682],[-89.086,47.9663]],[[-89.0795,47.9692],[-89.0796,47.9693],[-89.0796,47.9692],[-89.0795,47.9692]],[[-89.0501,47.9756],[-89.0502,47.9755],[-89.05,47.9756],[-89.0501,47.9756]],[[-89.0286,47.9152],[-89.0435,47.9138],[-89.0288,47.9146],[-89.0266,47.9128],[-89.0226,47.9134],[-89.0286,47.9152]],[[-89.0567,47.9256],[-89.0649,47.9222],[-89.0575,47.9242],[-89.0527,47.9231],[-89.047,47.927],[-89.0515,47.9253],[-89.0567,47.9256]],[[-89.0357,47.9439],[-89.0364,47.9448],[-89.037,47.9445],[-89.0357,47.9439]],[[-89.0208,47.948],[-89.0208,47.9479],[-89.0207,47.9479],[-89.0208,47.948]],[[-89.0226,47.9464],[-89.0228,47.9465],[-89.0226,47.9463],[-89.0226,47.9464]],[[-89.0072,47.9464],[-88.9944,47.9512],[-89.0112,47.9469],[-89.0072,47.9464]],[[-89.0277,47.9528],[-89.028,47.9527],[-89.0279,47.9527],[-89.0277,47.9528]],[[-88.9723,47.9564],[-88.972,47.9572],[-88.973,47.9568],[-88.9721,47.956],[-88.9706,47.9571],[-88.9723,47.9564]],[[-89.0042,47.9586],[-89.0039,47.9578],[-89.0034,47.9585],[-89.0042,47.9586]],[[-89.0398,47.9595],[-89.0415,47.9598],[-89.0438,47.9588],[-89.0398,47.9595]],[[-89.0268,47.9724],[-89.027,47.9725],[-89.0271,47.9725],[-89.0268,47.9724]],[[-89.0493,47.9817],[-89.0491,47.9818],[-89.0494,47.9817],[-89.0493,47.9817]],[[-89.0464,47.9817],[-89.0463,47.9817],[-89.0463,47.9818],[-89.0464,47.9817]],[[-89.0461,47.9816],[-89.0462,47.9815],[-89.046,47.9816],[-89.0461,47.9816]],[[-89.0437,47.9768],[-89.0435,47.977],[-89.0436,47.9769],[-89.0437,47.9768]],[[-89.0444,47.979],[-89.0445,47.9791],[-89.0444,47.9789],[-89.0444,47.979]],[[-89.0339,47.9856],[-89.036,47.9852],[-89.0352,47.9847],[-89.0345,47.9849],[-89.0339,47.9856]],[[-88.9953,47.9849],[-88.9983,47.9824],[-88.9863,47.9866],[-88.9859,47.9877],[-88.9953,47.9849]],[[-88.9851,47.9882],[-88.9849,47.9883],[-88.9849,47.9884],[-88.9851,47.9882]],[[-88.9948,47.9904],[-88.9982,47.989],[-88.9987,47.9881],[-88.9956,47.988],[-88.9948,47.9869],[-88.992,47.9891],[-88.9979,47.9889],[-88.9947,47.99],[-88.9948,47.9904]],[[-88.9823,47.9886],[-88.9824,47.9886],[-88.9826,47.9885],[-88.9823,47.9886]],[[-88.8815,47.9873],[-88.8825,47.9875],[-88.8808,47.9879],[-88.8806,47.989],[-88.8825,47.9879],[-88.8834,47.9895],[-88.8873,47.9877],[-88.8867,47.9867],[-88.8906,47.9854],[-88.8948,47.9852],[-88.8915,47.9865],[-88.8914,47.9873],[-88.8943,47.9856],[-88.8966,47.9855],[-88.8953,47.9853],[-88.8958,47.9841],[-88.8954,47.9838],[-88.8919,47.9852],[-88.886,47.9847],[-88.8861,47.9856],[-88.8815,47.9873]],[[-88.9609,47.9838],[-88.9602,47.9851],[-88.9625,47.9849],[-88.9601,47.9868],[-88.9514,47.9885],[-88.9478,47.9906],[-88.9541,47.9884],[-88.9573,47.9894],[-88.9534,47.9915],[-88.9513,47.9911],[-88.9488,47.9938],[-88.9547,47.9922],[-88.9562,47.9908],[-88.9547,47.9915],[-88.9543,47.9913],[-88.9586,47.9895],[-88.9584,47.9884],[-88.9567,47.9888],[-88.959,47.9875],[-88.9624,47.986],[-88.9676,47.9862],[-88.9683,47.9848],[-88.9654,47.9829],[-88.9609,47.9838]],[[-88.9441,48.001],[-88.9372,48.004],[-88.9371,48.0046],[-88.9441,48.001]],[[-88.9713,48.006],[-88.9727,48.0056],[-88.9708,48.0055],[-88.9713,48.006]],[[-88.9402,48.0133],[-88.939,48.0137],[-88.9406,48.0148],[-88.9411,48.0147],[-88.9402,48.0133]],[[-88.9152,48.0177],[-88.9154,48.0177],[-88.915,48.0176],[-88.9152,48.0177]],[[-88.8436,48.0209],[-88.8421,48.0207],[-88.8436,48.0214],[-88.8436,48.0209]],[[-88.8752,48.0263],[-88.8865,48.023],[-88.8971,48.0199],[-88.8888,48.0212],[-88.8752,48.0263]],[[-88.8792,48.0278],[-88.8795,48.0276],[-88.8794,48.0276],[-88.8792,48.0278]],[[-88.8043,48.0311],[-88.8043,48.031],[-88.8042,48.031],[-88.8043,48.0311]],[[-88.8225,48.0476],[-88.8371,48.0416],[-88.8243,48.046],[-88.8225,48.0476]],[[-88.7935,48.058],[-88.7913,48.0567],[-88.7863,48.0586],[-88.7935,48.058]],[[-88.7469,48.0352],[-88.7468,48.0351],[-88.7468,48.0352],[-88.7469,48.0352]],[[-88.7455,48.0607],[-88.7442,48.0611],[-88.7458,48.0607],[-88.7455,48.0607]],[[-89.2148,47.9046],[-89.2147,47.9046],[-89.2145,47.9047],[-89.2148,47.9046]],[[-89.219,47.91],[-89.2176,47.9105],[-89.2191,47.9106],[-89.219,47.91]],[[-89.2102,47.9121],[-89.2095,47.9116],[-89.2093,47.9124],[-89.2102,47.9121]],[[-89.1821,47.9267],[-89.1824,47.9265],[-89.1823,47.9265],[-89.1821,47.9267]],[[-89.1572,47.9309],[-89.1555,47.9317],[-89.1582,47.931],[-89.1572,47.9309]],[[-89.1521,47.9268],[-89.1519,47.927],[-89.152,47.9269],[-89.1521,47.9268]],[[-89.1518,47.9334],[-89.1519,47.9333],[-89.152,47.9332],[-89.1518,47.9334]],[[-89.1532,47.9339],[-89.1562,47.933],[-89.1608,47.9322],[-89.1576,47.9323],[-89.1532,47.9339]],[[-89.0997,47.9507],[-89.1015,47.9488],[-89.0989,47.9508],[-89.0997,47.9507]],[[-89.0996,47.954],[-89.0998,47.9538],[-89.0997,47.9539],[-89.0996,47.954]],[[-89.0843,47.9545],[-89.0843,47.9544],[-89.084,47.9546],[-89.0843,47.9545]],[[-88.9637,47.9233],[-88.9646,47.9225],[-88.9633,47.9233],[-88.9637,47.9233]],[[-89.1491,47.8902],[-89.149,47.8901],[-89.1488,47.8901],[-89.1491,47.8902]],[[-89.1428,47.8886],[-89.1427,47.8885],[-89.1426,47.8885],[-89.1428,47.8886]],[[-89.1429,47.8912],[-89.1401,47.8928],[-89.1475,47.8913],[-89.1429,47.8912]],[[-89.1293,47.8971],[-89.1309,47.8967],[-89.129,47.8969],[-89.1293,47.8971]],[[-89.1144,47.9035],[-89.1097,47.9066],[-89.1179,47.9043],[-89.1144,47.9035]],[[-89.1087,47.9073],[-89.1087,47.908],[-89.1096,47.9075],[-89.1087,47.9073]],[[-89.1373,47.9149],[-89.1394,47.9136],[-89.1364,47.9145],[-89.1373,47.9149]],[[-89.1326,47.9156],[-89.131,47.917],[-89.1331,47.9163],[-89.1326,47.9156]],[[-89.1054,47.9197],[-89.1018,47.9201],[-89.0994,47.9217],[-89.1054,47.9197]],[[-89.1319,47.9199],[-89.1319,47.92],[-89.1321,47.9201],[-89.1319,47.9199]],[[-89.1257,47.9194],[-89.1248,47.92],[-89.1261,47.9197],[-89.1257,47.9194]],[[-89.1297,47.9393],[-89.1243,47.9429],[-89.1289,47.9408],[-89.1297,47.9393]],[[-89.1166,47.9364],[-89.1211,47.935],[-89.1211,47.9336],[-89.1222,47.9349],[-89.1214,47.9369],[-89.1242,47.9348],[-89.1216,47.9329],[-89.1199,47.9342],[-89.1202,47.935],[-89.118,47.9353],[-89.1166,47.9364]],[[-89.1274,47.9383],[-89.1246,47.94],[-89.1285,47.9383],[-89.1274,47.9383]],[[-89.1189,47.942],[-89.119,47.942],[-89.1191,47.9419],[-89.1189,47.942]],[[-89.1227,47.9501],[-89.1263,47.9496],[-89.1265,47.9487],[-89.1227,47.9501]],[[-89.117,47.9477],[-89.117,47.9478],[-89.1171,47.9477],[-89.117,47.9477]],[[-89.0919,47.9131],[-89.0989,47.9147],[-89.0934,47.9099],[-89.0881,47.9116],[-89.0861,47.9145],[-89.0919,47.9131]],[[-89.0871,47.9259],[-89.0882,47.9247],[-89.0862,47.9257],[-89.0871,47.9259]],[[-89.0941,47.9396],[-89.1037,47.9367],[-89.095,47.9371],[-89.0941,47.9396]],[[-89.1087,47.9471],[-89.1034,47.949],[-89.1056,47.9487],[-89.1087,47.9471]],[[-89.1104,47.9474],[-89.1105,47.9474],[-89.1106,47.9473],[-89.1104,47.9474]],[[-89.1001,47.9618],[-89.1,47.9618],[-89.1,47.9619],[-89.1001,47.9618]],[[-89.0652,47.9217],[-89.0671,47.9211],[-89.0652,47.9215],[-89.0652,47.9217]],[[-89.0681,47.9195],[-89.0677,47.9206],[-89.0692,47.9201],[-89.0681,47.9195]],[[-89.0676,47.9231],[-89.0653,47.9229],[-89.0601,47.9251],[-89.0676,47.9231]],[[-89.0484,47.924],[-89.0488,47.9244],[-89.0491,47.924],[-89.0484,47.924]],[[-89.0551,47.9267],[-89.0512,47.9281],[-89.0536,47.9282],[-89.0551,47.9267]],[[-89.0736,47.9237],[-89.0752,47.924],[-89.0783,47.9221],[-89.0759,47.9226],[-89.0736,47.9237]],[[-89.0763,47.9281],[-89.0752,47.9291],[-89.0764,47.9283],[-89.0763,47.9281]],[[-89.0667,47.9389],[-89.0668,47.9389],[-89.0666,47.9388],[-89.0667,47.9389]],[[-89.0553,47.97105],[-89.0551,47.9722],[-89.0566,47.9718],[-89.0562,47.9714],[-89.0553,47.97105]],[[-89.0336,47.9138],[-89.0356,47.9136],[-89.0381,47.9126],[-89.0373,47.9124],[-89.0336,47.9138]],[[-89.0409,47.9202],[-89.0377,47.9201],[-89.037,47.9208],[-89.0404,47.9211],[-89.0409,47.9202]],[[-89.0336,47.9268],[-89.0352,47.9281],[-89.037,47.9275],[-89.0364,47.925],[-89.0336,47.9268]],[[-89.0276,47.9293],[-89.0279,47.9297],[-89.0287,47.9291],[-89.0276,47.9293]],[[-89.0037,47.9387],[-89.0111,47.9361],[-89.0066,47.9364],[-89.0069,47.9346],[-89.018,47.9306],[-89.006,47.9337],[-89.0053,47.9374],[-89.0037,47.9387]],[[-89.0348,47.941],[-89.029,47.942],[-89.035,47.9417],[-89.0348,47.941]],[[-89.0196,47.9462],[-89.0194,47.9461],[-89.0193,47.9461],[-89.0196,47.9462]],[[-89.013,47.9509],[-89.0129,47.9509],[-89.013,47.951],[-89.013,47.9509]],[[-89.0313,47.9522],[-89.0313,47.952],[-89.0312,47.9519],[-89.0313,47.9522]],[[-89.0248,47.9686],[-89.0247,47.9695],[-89.0254,47.97],[-89.0248,47.9686]],[[-89.0253,47.9715],[-89.0253,47.9714],[-89.0252,47.9715],[-89.0253,47.9715]],[[-89.0238,47.9701],[-89.0225,47.9701],[-89.0224,47.9707],[-89.0231,47.9712],[-89.0238,47.9701]],[[-89.0372,47.9738],[-89.0373,47.9739],[-89.0374,47.9739],[-89.0372,47.9738]],[[-89.0347,47.9765],[-89.0363,47.9768],[-89.0368,47.9759],[-89.0349,47.9751],[-89.0347,47.9765]],[[-89.0371,47.9775],[-89.0378,47.9759],[-89.0375,47.9758],[-89.0371,47.9775]],[[-89.0055,47.9253],[-89.0023,47.9266],[-89.0014,47.9274],[-89.0055,47.9253]],[[-89.0031,47.9296],[-89.0015,47.9296],[-89.0031,47.9299],[-89.0031,47.9296]],[[-89.0059,47.9296],[-89.0042,47.9293],[-89.0039,47.9295],[-89.0059,47.9296]],[[-88.9977,47.9321],[-88.9954,47.9324],[-88.997,47.9325],[-88.9977,47.9321]],[[-88.9952,47.9359],[-88.9969,47.9352],[-88.9975,47.9338],[-88.994,47.9355],[-88.995,47.9367],[-88.9934,47.9364],[-88.9945,47.9373],[-88.9975,47.9367],[-88.9952,47.9359]],[[-88.9911,47.9373],[-88.993,47.9363],[-88.9907,47.9373],[-88.9911,47.9373]],[[-89.0077,47.9436],[-89.0077,47.9437],[-89.008,47.9434],[-89.0077,47.9436]],[[-88.9566,47.9535],[-88.9527,47.9548],[-88.9536,47.9551],[-88.9566,47.9535]],[[-88.9627,47.9514],[-88.9583,47.9528],[-88.9583,47.9531],[-88.9598,47.9531],[-88.9627,47.9514]],[[-88.9661,47.9442],[-88.9663,47.9444],[-88.9662,47.9443],[-88.9661,47.9442]],[[-88.9634,47.9466],[-88.965,47.9469],[-88.9664,47.946],[-88.965,47.9459],[-88.9634,47.9466]],[[-88.9642,47.9947],[-88.9641,47.9947],[-88.9638,47.9948],[-88.9642,47.9947]],[[-88.9608,47.9432],[-88.9607,47.9432],[-88.9606,47.9433],[-88.9608,47.9432]],[[-88.943,47.9504],[-88.9446,47.9497],[-88.9437,47.9497],[-88.943,47.9504]],[[-88.9523,47.953],[-88.955,47.9516],[-88.9526,47.9524],[-88.9523,47.953]],[[-88.9246,47.9556],[-88.9197,47.9564],[-88.9224,47.9561],[-88.9246,47.9556]],[[-88.9246,47.9556],[-88.9252,47.9557],[-88.9253,47.9555],[-88.9246,47.9556]],[[-88.9516,47.9551],[-88.9502,47.9555],[-88.9495,47.9562],[-88.9509,47.956],[-88.9516,47.9551]],[[-88.9534,47.9555],[-88.9541,47.9555],[-88.9526,47.9549],[-88.9518,47.9541],[-88.9515,47.9542],[-88.9534,47.9555]],[[-88.9462,47.9552],[-88.9479,47.9544],[-88.9474,47.9542],[-88.9462,47.9552]],[[-88.9338,47.987],[-88.9271,47.9857],[-88.9241,47.9866],[-88.9338,47.987]],[[-88.9361,47.9844],[-88.9335,47.9844],[-88.9366,47.9847],[-88.9361,47.9844]],[[-88.9246,47.9883],[-88.9254,47.9889],[-88.9261,47.9871],[-88.9246,47.9883]],[[-88.9289,47.9882],[-88.9314,47.9887],[-88.9299,47.9892],[-88.9303,47.99],[-88.9333,47.9892],[-88.9316,47.988],[-88.9289,47.9882]],[[-88.9578,47.9904],[-88.958,47.9903],[-88.9577,47.9904],[-88.9578,47.9904]],[[-88.9304,47.9988],[-88.9303,47.9989],[-88.9303,47.999],[-88.9304,47.9988]],[[-88.9288,47.9984],[-88.9286,47.9983],[-88.9287,47.9984],[-88.9288,47.9984]],[[-88.7612,48.0815],[-88.7579,48.0825],[-88.7616,48.082],[-88.7612,48.0815]],[[-88.765,48.081],[-88.7646,48.0817],[-88.7645,48.0824],[-88.765,48.081]],[[-89.1278,47.8848],[-89.1261,47.8851],[-89.1276,47.8851],[-89.1278,47.8848]],[[-89.1575,47.8865],[-89.1579,47.8872],[-89.1579,47.8867],[-89.1575,47.8865]],[[-89.1095,47.9097],[-89.1112,47.9094],[-89.1112,47.9086],[-89.1106,47.9086],[-89.1095,47.9097]],[[-89.1376,47.9479],[-89.1399,47.9472],[-89.1421,47.9459],[-89.1404,47.9465],[-89.1401,47.9454],[-89.1399,47.9468],[-89.1383,47.9472],[-89.1376,47.9479]],[[-89.1367,47.9484],[-89.1368,47.9484],[-89.1371,47.9482],[-89.1367,47.9484]],[[-89.1538,47.9418],[-89.1509,47.9414],[-89.1505,47.9421],[-89.1525,47.9422],[-89.1538,47.9418]],[[-89.103,47.9585],[-89.1039,47.9591],[-89.1053,47.9586],[-89.1043,47.9582],[-89.103,47.9585]],[[-89.1149,47.9541],[-89.1146,47.9554],[-89.1191,47.9528],[-89.1149,47.9541]],[[-89.0648,47.9076],[-89.0663,47.9077],[-89.0664,47.9074],[-89.0648,47.9076]],[[-88.9609,47.9503],[-88.9608,47.9504],[-88.961,47.9502],[-88.9609,47.9503]],[[-88.9534,47.9541],[-88.9528,47.9539],[-88.9523,47.9544],[-88.9534,47.9541]],[[-88.969,47.9551],[-88.97,47.9551],[-88.97,47.9549],[-88.969,47.9551]],[[-88.9693,47.9576],[-88.9682,47.9577],[-88.9682,47.9579],[-88.9693,47.9576]],[[-89.0715,47.8995],[-89.0743,47.8992],[-89.076,47.8987],[-89.0726,47.8989],[-89.0715,47.8995]],[[-89.0549,47.9772],[-89.0551,47.9758],[-89.0506,47.9782],[-89.052,47.9783],[-89.0549,47.9772]],[[-89.0188,47.9058],[-89.0158,47.9073],[-89.0173,47.9072],[-89.0161,47.9083],[-89.0086,47.9098],[-89.0117,47.9101],[-89.0085,47.9114],[-89.0136,47.914],[-89.0171,47.914],[-89.019,47.9172],[-89.0172,47.9132],[-89.027,47.9091],[-89.0277,47.9073],[-89.0316,47.9047],[-89.0304,47.9043],[-89.0312,47.9037],[-89.0269,47.9045],[-89.0247,47.9033],[-89.0215,47.9052],[-89.0233,47.9045],[-89.0266,47.9052],[-89.0188,47.9058]],[[-89.0201,47.9033],[-89.0239,47.9021],[-89.0217,47.9023],[-89.0201,47.9033]],[[-89.028,47.9091],[-89.0329,47.9083],[-89.0313,47.9067],[-89.0332,47.9055],[-89.0286,47.9078],[-89.028,47.9091]],[[-89.0132,47.9082],[-89.0089,47.9094],[-89.012,47.9088],[-89.0132,47.9082]],[[-89.0022,47.925],[-89.0037,47.9251],[-89.005,47.9248],[-89.0026,47.9238],[-89.0022,47.925]],[[-89.0322,47.9759],[-89.0321,47.976],[-89.0322,47.976],[-89.0322,47.9759]],[[-89.0185,47.9888],[-89.0172,47.9897],[-89.0187,47.9893],[-89.0185,47.9888]],[[-89.0071,47.9867],[-89.0055,47.9865],[-89.005,47.9874],[-89.0071,47.9867]],[[-89.0009,47.9913],[-89.0035,47.9901],[-88.9986,47.9917],[-89.0009,47.9913]],[[-89.0037,47.9901],[-89.0049,47.9896],[-89.006,47.9888],[-89.0061,47.9885],[-89.0037,47.9901]],[[-88.998,47.9925],[-89.0003,47.992],[-89.0009,47.9916],[-88.998,47.9925]],[[-89.001,47.9918],[-89.001,47.9917],[-89.0007,47.992],[-89.001,47.9918]],[[-88.9934,47.9982],[-88.9933,47.9983],[-88.9937,47.998],[-88.9934,47.9982]],[[-88.9797,47.9291],[-88.9798,47.9291],[-88.9798,47.929],[-88.9797,47.9291]],[[-88.9693,47.932],[-88.9691,47.9319],[-88.9692,47.932],[-88.9693,47.932]],[[-88.974,47.9384],[-88.973,47.9388],[-88.9731,47.9392],[-88.974,47.9384]],[[-88.9831,47.937],[-88.9829,47.9369],[-88.9827,47.9369],[-88.9831,47.937]],[[-88.964,47.9636],[-88.966,47.9639],[-88.9646,47.9643],[-88.9679,47.9644],[-88.9713,47.9614],[-88.9686,47.9616],[-88.9674,47.963],[-88.9669,47.962],[-88.9632,47.9629],[-88.9665,47.9627],[-88.964,47.9636]],[[-88.9438,47.9653],[-88.9422,47.9667],[-88.9442,47.9652],[-88.9438,47.9653]],[[-88.9583,47.9751],[-88.9555,47.9749],[-88.955,47.9765],[-88.9583,47.9759],[-88.9571,47.9756],[-88.9583,47.9751]],[[-88.9482,47.9828],[-88.948,47.983],[-88.9481,47.9829],[-88.9482,47.9828]],[[-88.9483,47.9828],[-88.9484,47.9827],[-88.9482,47.9828],[-88.9483,47.9828]],[[-88.9848,47.9954],[-88.9847,47.9954],[-88.9846,47.9955],[-88.9848,47.9954]],[[-88.9772,48.0022],[-88.9771,48.0023],[-88.9773,48.0022],[-88.9772,48.0022]],[[-88.9776,48.0015],[-88.9775,48.0006],[-88.9757,48.0013],[-88.9776,48.0015]],[[-88.986,47.9988],[-88.9828,48.0],[-88.9836,48.0001],[-88.986,47.9988]],[[-88.97,48.0033],[-88.9733,48.0026],[-88.9738,48.002],[-88.97,48.0033]],[[-88.9682,48.0037],[-88.9667,48.0044],[-88.9688,48.0037],[-88.9682,48.0037]],[[-88.9867,48.0041],[-88.9868,48.004],[-88.9866,48.0041],[-88.9867,48.0041]],[[-88.9495,48.0112],[-88.9411,48.0142],[-88.9474,48.0125],[-88.9495,48.0112]],[[-88.9455,48.0138],[-88.9457,48.0139],[-88.9456,48.0138],[-88.9455,48.0138]],[[-88.9483,48.0148],[-88.9481,48.0149],[-88.948,48.015],[-88.9483,48.0148]],[[-88.9376,48.017],[-88.9389,48.0167],[-88.9386,48.0165],[-88.9376,48.017]],[[-88.9124,47.9631],[-88.9123,47.9629],[-88.9123,47.963],[-88.9124,47.9631]],[[-88.9059,47.9666],[-88.9071,47.9661],[-88.90422,47.96642],[-88.9059,47.9666]],[[-88.9246,47.9661],[-88.9245,47.966],[-88.9247,47.9662],[-88.9246,47.9661]],[[-88.9036,47.9666],[-88.9035,47.9668],[-88.9036,47.9667],[-88.9036,47.9666]],[[-88.9068,47.9667],[-88.9069,47.9668],[-88.9068,47.9666],[-88.9068,47.9667]],[[-88.9121,47.9672],[-88.912,47.9672],[-88.9118,47.9673],[-88.9121,47.9672]],[[-88.9264,47.9677],[-88.9265,47.9677],[-88.9263,47.9676],[-88.9264,47.9677]],[[-88.9229,47.9672],[-88.923,47.9673],[-88.9231,47.9673],[-88.9229,47.9672]],[[-88.8918,47.9698],[-88.8919,47.9698],[-88.8918,47.9697],[-88.8918,47.9698]],[[-88.8908,47.9709],[-88.889,47.9721],[-88.8902,47.9717],[-88.8908,47.9709]],[[-88.8936,47.9723],[-88.8935,47.9722],[-88.8934,47.9722],[-88.8936,47.9723]],[[-88.8635,47.9842],[-88.865,47.9842],[-88.8658,47.9839],[-88.8647,47.9834],[-88.8635,47.9842]],[[-88.9286,47.9909],[-88.9285,47.9909],[-88.9286,47.991],[-88.9286,47.9909]],[[-88.9249,47.9965],[-88.9258,47.9963],[-88.9262,47.996],[-88.9254,47.9958],[-88.9249,47.9965]],[[-88.9087,47.9996],[-88.9079,47.9972],[-88.908,47.9969],[-88.9094,47.9965],[-88.9123,47.998],[-88.9115,47.9951],[-88.9109,47.9964],[-88.9097,47.9961],[-88.9076,47.9969],[-88.9057,47.9968],[-88.9077,47.9971],[-88.9082,47.9985],[-88.9052,48.0],[-88.9042,48.0018],[-88.9077,47.999],[-88.9087,47.9996]],[[-88.855,47.9984],[-88.8584,47.9975],[-88.86,47.9963],[-88.8559,47.9976],[-88.8545,47.9985],[-88.855,47.9988],[-88.8531,47.9998],[-88.8563,47.9995],[-88.855,47.9984]],[[-88.9254,47.9996],[-88.9272,47.9992],[-88.9278,47.9988],[-88.9254,47.9996]],[[-88.9159,47.9999],[-88.9054,48.0035],[-88.9054,48.0045],[-88.9139,48.0021],[-88.914,48.0013],[-88.9159,47.9999]],[[-88.8551,48.0008],[-88.8557,47.9998],[-88.8543,48.0],[-88.8551,48.0008]],[[-88.852,48.0002],[-88.8506,48.0011],[-88.8521,48.0015],[-88.852,48.0002]],[[-88.9071,48.0063],[-88.915,48.0054],[-88.918,48.0038],[-88.9131,48.0039],[-88.9071,48.0063]],[[-88.8787,48.0041],[-88.8708,48.0053],[-88.8598,48.0083],[-88.8707,48.0056],[-88.8758,48.0058],[-88.8787,48.0041]],[[-88.8985,48.0109],[-88.8952,48.0118],[-88.895,48.0121],[-88.898,48.0115],[-88.8985,48.0109]],[[-88.8192,48.0087],[-88.8183,48.0097],[-88.8203,48.0086],[-88.8181,48.008],[-88.8192,48.0087]],[[-88.8278,48.0094],[-88.8279,48.0094],[-88.8277,48.0093],[-88.8278,48.0094]],[[-88.7979,48.0149],[-88.8153,48.0109],[-88.8159,48.0101],[-88.8144,48.009],[-88.8127,48.0113],[-88.8125,48.0097],[-88.8147,48.0087],[-88.8133,48.0089],[-88.8108,48.0114],[-88.7979,48.0149]],[[-88.8162,48.0142],[-88.8188,48.0136],[-88.8188,48.0133],[-88.8162,48.0142]],[[-88.7833,48.0183],[-88.7853,48.0177],[-88.7854,48.0175],[-88.7833,48.0183]],[[-88.7834,48.0197],[-88.788,48.0172],[-88.7828,48.0195],[-88.7834,48.0197]],[[-88.7805,48.0185],[-88.7798,48.0179],[-88.7761,48.0192],[-88.7767,48.0194],[-88.7805,48.0185]],[[-88.8091,48.0193],[-88.8106,48.0186],[-88.8095,48.0188],[-88.8091,48.0193]],[[-88.8052,48.0244],[-88.8059,48.0252],[-88.8089,48.0248],[-88.8104,48.0241],[-88.8062,48.0235],[-88.8052,48.0244]],[[-88.8101,48.0207],[-88.8094,48.0211],[-88.8102,48.0211],[-88.8101,48.0207]],[[-88.8109,48.0229],[-88.8101,48.0236],[-88.8116,48.0229],[-88.8109,48.0229]],[[-88.7992,48.0237],[-88.8001,48.0233],[-88.7995,48.0225],[-88.8021,48.0211],[-88.7992,48.0219],[-88.7964,48.0262],[-88.8023,48.0233],[-88.7992,48.0237]],[[-88.7896,48.0275],[-88.7978,48.0237],[-88.7966,48.0238],[-88.7986,48.0225],[-88.7896,48.0275]],[[-88.8031,48.0219],[-88.8029,48.0218],[-88.803,48.0219],[-88.8031,48.0219]],[[-88.8009,48.0226],[-88.801,48.0224],[-88.8008,48.0226],[-88.8009,48.0226]],[[-88.7638,48.0267],[-88.7622,48.0262],[-88.7613,48.0264],[-88.7644,48.0285],[-88.7663,48.0277],[-88.7637,48.0271],[-88.7706,48.024],[-88.7638,48.0267]],[[-88.7651,48.0289],[-88.7637,48.0291],[-88.7625,48.0298],[-88.7629,48.0299],[-88.7651,48.0289]],[[-88.7679,48.0371],[-88.7681,48.0371],[-88.7682,48.037],[-88.7679,48.0371]],[[-88.8363,48.0453],[-88.8326,48.0469],[-88.835,48.0465],[-88.8363,48.0453]],[[-88.8072,48.0518],[-88.8071,48.0518],[-88.8068,48.0519],[-88.8072,48.0518]],[[-88.7905,48.0557],[-88.7906,48.0549],[-88.7902,48.0553],[-88.7905,48.0557]],[[-88.7641,48.0593],[-88.7617,48.0601],[-88.7634,48.0598],[-88.7641,48.0593]],[[-88.7703,48.0723],[-88.7685,48.0737],[-88.7708,48.0724],[-88.7703,48.0723]],[[-88.7329,48.0145],[-88.733,48.0145],[-88.7329,48.0144],[-88.7329,48.0145]],[[-88.7247,48.0212],[-88.7247,48.0213],[-88.7249,48.0213],[-88.7247,48.0212]],[[-88.7574,48.0325],[-88.7574,48.0324],[-88.7573,48.0325],[-88.7574,48.0325]],[[-88.7247,48.0434],[-88.7267,48.0422],[-88.7275,48.0422],[-88.7269,48.0419],[-88.7247,48.0434]],[[-88.7294,48.0432],[-88.7276,48.0434],[-88.7252,48.0437],[-88.7248,48.0441],[-88.7294,48.0432]],[[-88.7235,48.0439],[-88.7235,48.0452],[-88.7245,48.0438],[-88.7235,48.0439]],[[-88.7437,48.0641],[-88.7393,48.0654],[-88.742,48.065],[-88.7437,48.0641]],[[-88.7465,48.0696],[-88.7425,48.0707],[-88.7424,48.071],[-88.7465,48.0696]],[[-88.7429,48.0702],[-88.7449,48.0698],[-88.7455,48.0693],[-88.7429,48.0702]],[[-88.7356,48.0713],[-88.7386,48.0709],[-88.7428,48.0692],[-88.7356,48.0713]],[[-88.7399,48.0724],[-88.7411,48.0714],[-88.7384,48.0723],[-88.7399,48.0724]],[[-88.7295,48.0737],[-88.7279,48.0732],[-88.7242,48.0739],[-88.7251,48.0746],[-88.7295,48.0737]],[[-88.7251,48.078],[-88.7187,48.0806],[-88.7162,48.0796],[-88.7194,48.0814],[-88.7243,48.0795],[-88.726,48.0778],[-88.7292,48.0771],[-88.7407,48.073],[-88.7302,48.076],[-88.7251,48.078]],[[-88.7353,48.0756],[-88.7333,48.0763],[-88.7358,48.0756],[-88.7353,48.0756]],[[-88.7572,48.0751],[-88.7569,48.075],[-88.7568,48.075],[-88.7572,48.0751]],[[-88.7504,48.0871],[-88.7503,48.0872],[-88.7505,48.087],[-88.7504,48.0871]],[[-88.7558,48.088],[-88.7557,48.088],[-88.7557,48.0881],[-88.7558,48.088]],[[-88.7271,48.0879],[-88.7235,48.089],[-88.7275,48.0881],[-88.7271,48.0879]],[[-88.7359,48.0941],[-88.7357,48.0943],[-88.7358,48.0942],[-88.7359,48.0941]],[[-88.7487,48.0895],[-88.7505,48.0891],[-88.7508,48.0888],[-88.7487,48.0895]],[[-88.7215,48.094],[-88.7223,48.0942],[-88.724,48.0935],[-88.723,48.0934],[-88.7215,48.094]],[[-88.7256,48.0939],[-88.7237,48.094],[-88.7227,48.0947],[-88.7237,48.0947],[-88.7256,48.0939]],[[-88.683,48.016],[-88.6843,48.016],[-88.6851,48.0152],[-88.683,48.016]],[[-88.6954,48.0146],[-88.6907,48.0159],[-88.6889,48.0171],[-88.6915,48.0168],[-88.6954,48.0146]],[[-88.7064,48.0197],[-88.7048,48.0199],[-88.7005,48.0204],[-88.6981,48.0218],[-88.7008,48.021],[-88.7012,48.022],[-88.7064,48.0197]],[[-88.7195,48.0212],[-88.72,48.0207],[-88.7197,48.0207],[-88.7195,48.0212]],[[-88.6955,48.0261],[-88.6945,48.0261],[-88.694,48.0262],[-88.6955,48.0261]],[[-88.7008,48.0275],[-88.6991,48.027],[-88.6991,48.0281],[-88.7008,48.0275]],[[-88.6959,48.032],[-88.6972,48.0307],[-88.6951,48.0296],[-88.6959,48.032]],[[-88.6971,48.0319],[-88.6988,48.0313],[-88.6997,48.0305],[-88.6986,48.0307],[-88.6971,48.0319]],[[-88.7135,48.046],[-88.7132,48.0459],[-88.713,48.0459],[-88.7135,48.046]],[[-88.7147,48.0516],[-88.7147,48.0515],[-88.7146,48.0516],[-88.7147,48.0516]],[[-88.7047,48.055],[-88.7047,48.0549],[-88.7046,48.0551],[-88.7047,48.055]],[[-88.7082,48.0632],[-88.6874,48.0732],[-88.6864,48.0743],[-88.7058,48.0662],[-88.7093,48.0662],[-88.7083,48.066],[-88.7224,48.0595],[-88.7082,48.0632]],[[-88.677,48.0706],[-88.679,48.0694],[-88.6767,48.0704],[-88.677,48.0706]],[[-88.6904,48.0717],[-88.6906,48.0716],[-88.6907,48.0715],[-88.6904,48.0717]],[[-88.6829,48.0879],[-88.6819,48.0874],[-88.6815,48.088],[-88.6829,48.0879]],[[-88.7193,48.0892],[-88.7105,48.0912],[-88.7095,48.0924],[-88.7277,48.0872],[-88.7282,48.0863],[-88.7236,48.0866],[-88.7193,48.0892]],[[-88.6995,48.0984],[-88.6996,48.0983],[-88.6997,48.0982],[-88.6995,48.0984]],[[-88.7159,48.0994],[-88.7157,48.0995],[-88.7156,48.0996],[-88.7159,48.0994]],[[-88.6961,48.1095],[-88.6991,48.1082],[-88.6969,48.1088],[-88.6961,48.1095]],[[-88.693,48.1108],[-88.695,48.1096],[-88.6906,48.1114],[-88.693,48.1108]],[[-88.6708,48.0409],[-88.6733,48.0402],[-88.6733,48.0392],[-88.6721,48.0395],[-88.6708,48.0409]],[[-88.6268,48.093],[-88.629,48.0919],[-88.6266,48.0926],[-88.6268,48.093]],[[-88.6271,48.0921],[-88.6291,48.0913],[-88.6273,48.0917],[-88.6271,48.0921]],[[-88.6089,48.099],[-88.6088,48.0991],[-88.6089,48.0991],[-88.6089,48.099]],[[-88.6297,48.1007],[-88.6299,48.1008],[-88.6303,48.1004],[-88.6313,48.1007],[-88.6326,48.0992],[-88.6297,48.1007]],[[-88.6271,48.1039],[-88.6261,48.1031],[-88.6256,48.1032],[-88.6271,48.1039]],[[-88.6262,48.105],[-88.6242,48.1049],[-88.6235,48.1051],[-88.6262,48.105]],[[-88.5939,48.1205],[-88.5941,48.1205],[-88.5942,48.1204],[-88.5939,48.1205]],[[-88.603,48.1212],[-88.6014,48.122],[-88.6033,48.1213],[-88.603,48.1212]],[[-88.5439,48.1358],[-88.5438,48.1356],[-88.5438,48.1357],[-88.5439,48.1358]],[[-88.5441,48.1365],[-88.5468,48.1354],[-88.5477,48.1345],[-88.5449,48.1355],[-88.5441,48.1365]],[[-88.558,48.1317],[-88.5579,48.1317],[-88.5578,48.1318],[-88.558,48.1317]],[[-88.5344,48.1299],[-88.5341,48.13],[-88.5345,48.1299],[-88.5344,48.1299]],[[-88.5441,48.1344],[-88.5426,48.1346],[-88.5398,48.1359],[-88.5441,48.1344]],[[-88.5086,48.1437],[-88.5095,48.1438],[-88.511,48.1428],[-88.5086,48.1437]],[[-88.5177,48.1401],[-88.5156,48.1405],[-88.5154,48.1408],[-88.5175,48.1404],[-88.5177,48.1401]],[[-88.4827,48.159],[-88.4827,48.1591],[-88.4828,48.1592],[-88.4827,48.159]],[[-88.4801,48.1605],[-88.4804,48.1604],[-88.4803,48.1604],[-88.4801,48.1605]],[[-88.4511,48.1796],[-88.4486,48.1809],[-88.4515,48.1797],[-88.4511,48.1796]],[[-88.4734,48.1699],[-88.4949,48.1581],[-88.5018,48.1556],[-88.5019,48.1546],[-88.5004,48.1548],[-88.4754,48.1686],[-88.4623,48.1738],[-88.4592,48.1754],[-88.4734,48.1699]],[[-88.4859,48.1642],[-88.4831,48.1657],[-88.4782,48.1684],[-88.4845,48.1657],[-88.4859,48.1642]],[[-88.4631,48.1746],[-88.4688,48.1722],[-88.4691,48.1719],[-88.4677,48.1722],[-88.4631,48.1746]],[[-88.4611,48.168],[-88.4584,48.1692],[-88.4584,48.1704],[-88.4605,48.1693],[-88.4611,48.168]],[[-88.4466,48.1778],[-88.4451,48.179],[-88.4477,48.1774],[-88.4466,48.1778]],[[-89.0039,47.9117],[-89.0029,47.9116],[-89.0041,47.9109],[-89.0035,47.9103],[-89.0018,47.9118],[-89.0039,47.9117]],[[-88.9763,47.92],[-88.9793,47.9188],[-88.9817,47.918],[-88.9777,47.9183],[-88.9763,47.92]],[[-88.9824,47.9166],[-88.9821,47.9178],[-88.983,47.9171],[-88.9824,47.9166]],[[-88.9777,47.9272],[-88.9747,47.928],[-88.9745,47.9282],[-88.9777,47.9272]],[[-88.989,47.9254],[-88.9891,47.9253],[-88.9888,47.9255],[-88.989,47.9254]],[[-88.9637,47.9321],[-88.9649,47.9327],[-88.9654,47.9324],[-88.9637,47.9321]],[[-88.9694,47.9395],[-88.9695,47.9406],[-88.9688,47.9408],[-88.9688,47.9412],[-88.9701,47.9404],[-88.9694,47.9395]],[[-89.0141,47.9208],[-89.0123,47.9211],[-89.0116,47.9217],[-89.0141,47.9208]],[[-89.029,47.9207],[-89.0303,47.9211],[-89.031,47.9204],[-89.029,47.9207]],[[-89.0333,47.9205],[-89.0344,47.9205],[-89.0347,47.9198],[-89.0333,47.9205]],[[-89.0013,47.9269],[-89.0,47.927],[-89.0008,47.9274],[-89.0013,47.9269]],[[-89.0082,47.9196],[-89.0033,47.919],[-88.9992,47.9197],[-89.0082,47.9196]],[[-89.0013,47.9185],[-88.9992,47.9189],[-88.9989,47.9192],[-89.0003,47.9191],[-89.0013,47.9185]],[[-89.0112,47.9197],[-89.0109,47.9185],[-89.0098,47.9187],[-89.0103,47.9188],[-89.0112,47.9197]],[[-89.0313,47.9732],[-89.0321,47.9742],[-89.0329,47.9735],[-89.0325,47.9727],[-89.0313,47.9732]],[[-89.0298,47.9739],[-89.0299,47.9739],[-89.03,47.9738],[-89.0298,47.9739]],[[-89.014,47.9847],[-89.0114,47.9844],[-89.0099,47.986],[-89.0115,47.9852],[-89.014,47.9847]],[[-89.0302,47.986],[-89.0299,47.9866],[-89.0317,47.9858],[-89.0302,47.986]],[[-89.0252,47.988],[-89.0256,47.988],[-89.0261,47.9879],[-89.0252,47.988]],[[-89.0273,47.9871],[-89.0229,47.9879],[-89.0245,47.988],[-89.0273,47.9871]],[[-89.0105,47.9892],[-89.0125,47.9889],[-89.0137,47.9882],[-89.0105,47.9892]],[[-88.9849,47.9905],[-88.9846,47.9906],[-88.9847,47.9906],[-88.9849,47.9905]],[[-88.9935,47.9942],[-88.9971,47.9934],[-88.9971,47.9929],[-88.9935,47.9942]],[[-88.9925,47.994],[-88.9916,47.9941],[-88.9905,47.9947],[-88.9925,47.994]],[[-88.9774,47.9973],[-88.9758,47.9974],[-88.9755,47.998],[-88.9774,47.9973]],[[-88.9656,47.9998],[-88.9695,47.9978],[-88.9647,48.0],[-88.9656,47.9998]],[[-88.9815,48.0034],[-88.9821,48.0018],[-88.9829,48.0008],[-88.9819,48.0016],[-88.9815,48.0034]],[[-88.9875,48.0008],[-88.9878,48.0014],[-88.9883,48.0005],[-88.9875,48.0008]],[[-88.989,48.001],[-88.9889,48.0003],[-88.9884,48.0009],[-88.989,48.001]],[[-88.9804,47.9997],[-88.97836,48.00044],[-88.9807,47.9998],[-88.9804,47.9997]],[[-88.9708,48.0054],[-88.9714,48.0047],[-88.97,48.0055],[-88.9708,48.0054]],[[-88.9351,48.0157],[-88.935,48.0168],[-88.9363,48.016],[-88.9351,48.0157]],[[-88.937,48.0174],[-88.9359,48.0173],[-88.9335,48.0182],[-88.937,48.0174]],[[-89.0177,47.9682],[-89.0181,47.9685],[-89.0188,47.9678],[-89.0177,47.9682]],[[-89.0275,47.9775],[-89.0288,47.9768],[-89.0259,47.9775],[-89.0275,47.9775]],[[-89.029,47.9765],[-89.0313,47.9757],[-89.0315,47.9754],[-89.029,47.9765]],[[-89.0315,47.9742],[-89.0314,47.9742],[-89.0313,47.9743],[-89.0315,47.9742]],[[-89.0348,47.9715],[-89.0346,47.9722],[-89.0355,47.9717],[-89.0348,47.9715]],[[-89.0302,47.9712],[-89.0298,47.9705],[-89.0295,47.9712],[-89.0302,47.9712]],[[-89.0306,47.9712],[-89.0317,47.9708],[-89.0318,47.9704],[-89.0306,47.9712]],[[-89.0315,47.9694],[-89.033,47.9698],[-89.0331,47.9687],[-89.0315,47.9694]],[[-89.0315,47.9673],[-89.0277,47.9672],[-89.0295,47.968],[-89.0277,47.9691],[-89.0314,47.969],[-89.0315,47.9673]],[[-88.9876,47.9896],[-88.9936,47.9861],[-88.9854,47.99],[-88.9876,47.9896]],[[-89.014,47.9806],[-89.009,47.982],[-89.0147,47.981],[-89.0191,47.9786],[-89.014,47.9806]],[[-89.0011,47.9841],[-88.9989,47.9856],[-89.0017,47.9843],[-89.0011,47.9841]],[[-89.008,47.9814],[-89.002,47.9842],[-89.0071,47.9827],[-89.008,47.9814]],[[-89.0145,47.9802],[-89.0138,47.98],[-89.0131,47.9805],[-89.0145,47.9802]],[[-88.9985,47.9851],[-88.995,47.986],[-88.9948,47.9866],[-88.9985,47.9851]],[[-89.0231,47.9866],[-89.0236,47.9868],[-89.0241,47.9863],[-89.0231,47.9866]],[[-89.011,47.9919],[-89.0119,47.991],[-89.0148,47.9906],[-89.0168,47.9897],[-89.0095,47.9907],[-89.0114,47.9908],[-89.011,47.9919]],[[-88.9752,48.0051],[-88.9794,48.0041],[-88.9749,48.0045],[-88.9752,48.0051]],[[-88.9809,48.0033],[-88.9796,48.004],[-88.9814,48.0034],[-88.9809,48.0033]],[[-88.9388,48.0152],[-88.9368,48.0154],[-88.9378,48.0162],[-88.9388,48.0152]],[[-88.9296,48.0193],[-88.9316,48.0197],[-88.9333,48.0186],[-88.9296,48.0193]],[[-88.8919,48.0308],[-88.8909,48.0307],[-88.8902,48.0313],[-88.8919,48.0308]],[[-89.0711,47.9169],[-89.0701,47.9171],[-89.0699,47.9175],[-89.0711,47.9169]],[[-89.0357,47.9245],[-89.0297,47.9252],[-89.0285,47.9259],[-89.0357,47.9245]],[[-89.028,47.925],[-89.031,47.9246],[-89.0317,47.9241],[-89.028,47.925]],[[-89.0273,47.9282],[-89.0282,47.9273],[-89.0263,47.928],[-89.0273,47.9282]],[[-88.9749,47.9641],[-88.9763,47.9643],[-88.9771,47.9638],[-88.9749,47.9641]],[[-88.9791,47.9602],[-88.9767,47.9627],[-88.9744,47.9638],[-88.9779,47.963],[-88.9789,47.9609],[-88.9811,47.9604],[-88.9791,47.9602]],[[-88.9945,47.9613],[-88.9946,47.9613],[-88.9947,47.9612],[-88.9945,47.9613]],[[-88.9708,47.9651],[-88.9739,47.9649],[-88.974,47.9646],[-88.9708,47.9651]],[[-88.9573,47.9661],[-88.9548,47.967],[-88.9543,47.9675],[-88.9557,47.9672],[-88.9573,47.9661]],[[-88.9821,47.9647],[-88.9823,47.9648],[-88.9821,47.9646],[-88.9821,47.9647]],[[-88.9814,47.9649],[-88.9812,47.9652],[-88.9813,47.9652],[-88.9814,47.9649]],[[-88.979,47.9672],[-88.9791,47.9671],[-88.9788,47.9672],[-88.979,47.9672]],[[-88.9595,47.9689],[-88.9613,47.9689],[-88.9611,47.9681],[-88.9595,47.9689]],[[-88.9643,47.9659],[-88.9643,47.966],[-88.9644,47.9661],[-88.9643,47.9659]],[[-88.9794,47.965],[-88.9693,47.9657],[-88.9736,47.9667],[-88.9734,47.9658],[-88.9788,47.9661],[-88.9794,47.965]],[[-88.956,47.9774],[-88.9561,47.9774],[-88.9563,47.9773],[-88.956,47.9774]],[[-88.9445,47.9441],[-88.9456,47.9432],[-88.9439,47.9441],[-88.9445,47.9441]],[[-88.942,47.9472],[-88.946,47.9465],[-88.9448,47.946],[-88.942,47.9472]],[[-88.9275,47.9682],[-88.9261,47.9692],[-88.9287,47.9676],[-88.9269,47.9679],[-88.9255,47.9691],[-88.9275,47.9682]],[[-88.9231,47.9682],[-88.9191,47.9704],[-88.9217,47.9693],[-88.9231,47.9682]],[[-88.9475,47.9694],[-88.9453,47.9707],[-88.9484,47.9694],[-88.9475,47.9694]],[[-88.9456,47.9699],[-88.9475,47.9681],[-88.9452,47.9698],[-88.9456,47.9699]],[[-88.9427,47.9711],[-88.944,47.9708],[-88.9449,47.9695],[-88.9438,47.97],[-88.9427,47.9711]],[[-88.94,47.9721],[-88.9412,47.9717],[-88.9413,47.9714],[-88.9418,47.9713],[-88.9423,47.9707],[-88.94,47.9721]],[[-88.9393,47.9761],[-88.9415,47.975],[-88.9428,47.9738],[-88.941,47.9738],[-88.9393,47.9761]],[[-88.9502,47.9682],[-88.9488,47.9693],[-88.9507,47.9684],[-88.9502,47.9682]],[[-88.9244,47.9705],[-88.9262,47.9702],[-88.9266,47.97],[-88.9255,47.9699],[-88.9244,47.9705]],[[-88.9228,47.9709],[-88.9184,47.9731],[-88.9245,47.971],[-88.9228,47.9709]],[[-88.9458,47.9739],[-88.9492,47.9733],[-88.9495,47.973],[-88.9458,47.9739]],[[-88.9233,47.9719],[-88.9218,47.9726],[-88.9219,47.9734],[-88.9237,47.9724],[-88.9221,47.9728],[-88.9233,47.9719]],[[-88.9199,47.9743],[-88.9213,47.9729],[-88.9175,47.9745],[-88.9199,47.9743]],[[-88.935,47.9774],[-88.9371,47.9761],[-88.9364,47.9753],[-88.9376,47.9744],[-88.936,47.9751],[-88.9365,47.9759],[-88.9344,47.9771],[-88.9305,47.9777],[-88.9307,47.9786],[-88.9296,47.9791],[-88.9293,47.9806],[-88.9319,47.9777],[-88.935,47.9774]],[[-88.9289,47.9777],[-88.9269,47.9785],[-88.9261,47.9787],[-88.9273,47.9787],[-88.9289,47.9777]],[[-88.9392,47.973],[-88.9381,47.9733],[-88.9376,47.9737],[-88.9385,47.9736],[-88.9392,47.973]],[[-88.9226,47.9971],[-88.9216,47.9961],[-88.9211,47.9967],[-88.9226,47.9971]],[[-88.91,47.9612],[-88.9114,47.9607],[-88.9114,47.9605],[-88.91,47.9612]],[[-88.9126,47.9681],[-88.9112,47.9687],[-88.9133,47.9682],[-88.9126,47.9681]],[[-88.8957,47.9724],[-88.8966,47.9724],[-88.8957,47.9719],[-88.8957,47.9724]],[[-88.9148,47.9727],[-88.9085,47.9761],[-88.91805,47.971975],[-88.9148,47.9727]],[[-88.914,47.9747],[-88.91,47.9764],[-88.9151,47.9749],[-88.914,47.9747]],[[-88.8886,47.9754],[-88.8872,47.9757],[-88.885,47.977],[-88.8864,47.9768],[-88.8886,47.9754]],[[-88.8793,47.9768],[-88.8825,47.9788],[-88.8813,47.9774],[-88.8793,47.9768]],[[-88.8565,47.9927],[-88.8563,47.9915],[-88.8563,47.9925],[-88.8524,47.993],[-88.8563,47.9939],[-88.8571,47.9935],[-88.8539,47.9933],[-88.8565,47.9927]],[[-88.8658,47.9875],[-88.87,47.986],[-88.8678,47.9861],[-88.8658,47.9875]],[[-88.8774,47.977],[-88.8766,47.9772],[-88.8753,47.9779],[-88.8774,47.977]],[[-88.8797,47.9856],[-88.8799,47.985],[-88.8791,47.9856],[-88.8797,47.9856]],[[-88.8584,47.9885],[-88.8589,47.9892],[-88.8591,47.9881],[-88.8584,47.9885]],[[-88.8782,47.9891],[-88.8744,47.9902],[-88.8791,47.9892],[-88.8782,47.9891]],[[-88.9131,47.9978],[-88.9147,47.9975],[-88.9195,47.9954],[-88.9198,47.995],[-88.9131,47.9978]],[[-88.8766,48.0062],[-88.8772,48.0067],[-88.8777,48.0063],[-88.8766,48.0062]],[[-88.8824,48.0114],[-88.881,48.0116],[-88.883,48.0106],[-88.8824,48.01],[-88.8802,48.0115],[-88.8816,48.0119],[-88.8824,48.0114]],[[-88.8634,48.0105],[-88.8627,48.0098],[-88.8622,48.0106],[-88.8605,48.0113],[-88.8644,48.0107],[-88.8635,48.0096],[-88.8634,48.0105]],[[-88.8654,48.0125],[-88.8637,48.0123],[-88.8635,48.0126],[-88.8654,48.0125]],[[-88.8995,48.0134],[-88.8955,48.014],[-88.8935,48.0153],[-88.8995,48.0134]],[[-88.8952,48.0185],[-88.8927,48.0195],[-88.8913,48.0199],[-88.8935,48.0197],[-88.8952,48.0185]],[[-88.865,48.0242],[-88.863,48.0247],[-88.8629,48.025],[-88.865,48.0242]],[[-88.8637,48.0283],[-88.8647,48.0285],[-88.8671,48.0276],[-88.8637,48.0283]],[[-88.8827,48.0299],[-88.8844,48.029],[-88.8846,48.0287],[-88.8828,48.0293],[-88.8827,48.0299]],[[-88.8546,47.9922],[-88.8557,47.9914],[-88.8524,47.9924],[-88.8549,47.9924],[-88.8559,47.9919],[-88.8546,47.9922]],[[-88.8524,47.9946],[-88.8506,47.9944],[-88.8499,47.9948],[-88.8511,47.9953],[-88.8524,47.9946]],[[-88.85,47.9956],[-88.847,47.9968],[-88.8511,47.9957],[-88.85,47.9956]],[[-88.8493,47.9984],[-88.848,47.9987],[-88.8475,47.9991],[-88.8493,47.9984]],[[-88.8418,48.0001],[-88.8355,48.0015],[-88.8356,48.0024],[-88.8406,48.0015],[-88.8418,48.0001]],[[-88.8341,48.0015],[-88.8329,48.0014],[-88.8329,48.0017],[-88.8341,48.0015]],[[-88.8355,48.0007],[-88.835,48.0014],[-88.836,48.0011],[-88.8355,48.0007]],[[-88.8472,47.9946],[-88.8484,47.9944],[-88.8493,47.9939],[-88.8489,47.9938],[-88.8472,47.9946]],[[-88.8492,47.9933],[-88.8508,47.9931],[-88.8513,47.9922],[-88.8503,47.9919],[-88.8509,47.9925],[-88.8492,47.9933]],[[-88.8474,47.9953],[-88.8486,47.9952],[-88.8493,47.9945],[-88.8474,47.9953]],[[-88.808,48.0108],[-88.8032,48.0123],[-88.8011,48.0124],[-88.8041,48.0124],[-88.808,48.0108]],[[-88.8377,48.0086],[-88.839,48.0088],[-88.8392,48.0084],[-88.8377,48.0086]],[[-88.8326,48.0127],[-88.8339,48.0126],[-88.83466666666666,48.012166666666666],[-88.8326,48.0127]],[[-88.7938,48.015],[-88.7983,48.0146],[-88.8021,48.0129],[-88.7998,48.0128],[-88.7938,48.015]],[[-88.7928,48.0154],[-88.7937,48.0157],[-88.7941,48.0152],[-88.7937,48.0151],[-88.7928,48.0154]],[[-88.813,48.0172],[-88.8119,48.0169],[-88.8109,48.0181],[-88.8112,48.0182],[-88.813,48.0172]],[[-88.8427,48.0164],[-88.8432,48.0177],[-88.8464,48.0164],[-88.8436,48.0173],[-88.8427,48.0164]],[[-88.7996,48.0173],[-88.8004,48.0177],[-88.8011,48.0172],[-88.7996,48.0173]],[[-88.8044,48.03],[-88.8059,48.028],[-88.8044,48.0281],[-88.8034,48.0298],[-88.8044,48.03]],[[-88.8257,48.0288],[-88.828,48.0282],[-88.825,48.0286],[-88.8257,48.0288]],[[-88.8021,48.0325],[-88.8037,48.032],[-88.8021,48.0322],[-88.8021,48.0325]],[[-88.8026,48.0339],[-88.7971,48.0348],[-88.7965,48.0355],[-88.8026,48.0339]],[[-88.7838,48.0374],[-88.7936,48.0354],[-88.7943,48.0348],[-88.7838,48.0374]],[[-88.8193,48.0497],[-88.8189,48.049],[-88.8177,48.0495],[-88.8193,48.0497]],[[-88.7841,48.0154],[-88.7869,48.015],[-88.787,48.0148],[-88.7841,48.0154]],[[-88.7556,48.0233],[-88.7591,48.0228],[-88.7593,48.0223],[-88.7556,48.0233]],[[-88.7682,48.0236],[-88.7684,48.024],[-88.77,48.0234],[-88.7682,48.0236]],[[-88.7703,48.0244],[-88.7702,48.0245],[-88.7702,48.0246],[-88.7703,48.0244]],[[-88.7694,48.0251],[-88.7694,48.0252],[-88.7695,48.0251],[-88.7694,48.0251]],[[-88.7463,48.0316],[-88.7482,48.0316],[-88.7478,48.0315],[-88.7463,48.0316]],[[-88.7765,48.0307],[-88.7743,48.03],[-88.7732,48.0309],[-88.7765,48.0307]],[[-88.7722,48.035],[-88.7732,48.0354],[-88.7742,48.0346],[-88.7722,48.035]],[[-88.7676,48.0382],[-88.7653,48.0383],[-88.7653,48.0389],[-88.7663,48.0389],[-88.7676,48.0382]],[[-88.7699,48.0384],[-88.7726,48.0377],[-88.7731,48.0371],[-88.7703,48.0374],[-88.7699,48.0384]],[[-88.7635,48.0437],[-88.7621,48.0434],[-88.7616,48.0434],[-88.7635,48.0437]],[[-88.7467,48.0516],[-88.7473,48.0511],[-88.7464,48.0513],[-88.7467,48.0516]],[[-88.7435,48.0523],[-88.746,48.0519],[-88.7428,48.0515],[-88.7435,48.0523]],[[-88.7487,48.0627],[-88.7496,48.0619],[-88.7477,48.0626],[-88.7487,48.0627]],[[-88.7531,48.0677],[-88.75,48.0685],[-88.751,48.0686],[-88.7531,48.0677]],[[-88.756,48.067],[-88.7551,48.0669],[-88.755,48.0672],[-88.756,48.067]],[[-88.7444,48.0688],[-88.7483,48.067],[-88.7436,48.0689],[-88.7444,48.0688]],[[-88.7237,48.0378],[-88.723,48.0372],[-88.7221,48.0379],[-88.7237,48.0378]],[[-88.7284,48.0396],[-88.7309,48.0399],[-88.7312,48.0395],[-88.7284,48.0396]],[[-88.7264,48.0456],[-88.7254,48.0451],[-88.7237,48.0455],[-88.7268,48.0458],[-88.7264,48.0456]],[[-88.7321,48.0433],[-88.7316,48.0422],[-88.7303,48.0433],[-88.7321,48.0433]],[[-88.745,48.042],[-88.7468,48.0416],[-88.7497,48.0413],[-88.7465,48.0414],[-88.745,48.042]],[[-88.7359,48.047],[-88.734,48.0481],[-88.7366,48.0474],[-88.7359,48.047]],[[-88.712,48.0455],[-88.7139,48.0457],[-88.7163,48.0445],[-88.7126,48.0446],[-88.712,48.0455]],[[-88.7282,48.0532],[-88.7239,48.0554],[-88.727,48.0548],[-88.7282,48.0532]],[[-88.7275,48.0668],[-88.7286,48.0671],[-88.7297,48.066],[-88.7275,48.0668]],[[-88.7325,48.069],[-88.7302,48.0696],[-88.7302,48.0698],[-88.7325,48.069]],[[-88.7318,48.0711],[-88.733,48.0706],[-88.7312,48.0711],[-88.7318,48.0711]],[[-88.7249,48.0759],[-88.723,48.0774],[-88.7265,48.0762],[-88.7249,48.0759]],[[-88.7254,48.0753],[-88.7266,48.0759],[-88.7282,48.0746],[-88.7254,48.0753]],[[-88.7183,48.0773],[-88.7205,48.0771],[-88.7182,48.0769],[-88.7183,48.0773]],[[-88.7296,48.0797],[-88.7269,48.0796],[-88.7258,48.0809],[-88.7296,48.0797]],[[-88.72,48.0824],[-88.7214,48.0817],[-88.7194,48.0824],[-88.72,48.0824]],[[-88.6884,48.0685],[-88.6877,48.0679],[-88.6874,48.0685],[-88.6884,48.0685]],[[-88.698,48.0645],[-88.6964,48.0643],[-88.6961,48.0651],[-88.698,48.0645]],[[-88.6974,48.065],[-88.6958,48.0659],[-88.6978,48.065],[-88.6974,48.065]],[[-88.6737,48.078],[-88.6716,48.0777],[-88.6769,48.0748],[-88.6733,48.0755],[-88.6726,48.077],[-88.669,48.0784],[-88.6737,48.078]],[[-88.6897,48.0851],[-88.6887,48.0848],[-88.6878,48.0861],[-88.6887,48.0858],[-88.6897,48.0851]],[[-88.6585,48.0823],[-88.6611,48.0814],[-88.6614,48.0811],[-88.6585,48.0823]],[[-89.097,47.9093],[-89.0973,47.9085],[-89.0963,47.9092],[-89.097,47.9093]],[[-88.944,47.958],[-88.943,47.958],[-88.9432,47.9587],[-88.944,47.958]],[[-88.9694,47.9636],[-88.971,47.9636],[-88.9709,47.9631],[-88.9694,47.9636]],[[-88.9749,47.9616],[-88.9726,47.9619],[-88.9714,47.9634],[-88.9729,47.9633],[-88.9738,47.9626],[-88.9727,47.9622],[-88.9749,47.9616]],[[-88.9746,47.9604],[-88.9742,47.961],[-88.9751,47.9612],[-88.9746,47.9604]],[[-88.9765,47.9607],[-88.9759,47.9599],[-88.9755,47.9606],[-88.9765,47.9607]],[[-88.9095,47.9731],[-88.9073,47.9744],[-88.9102,47.973],[-88.9095,47.9731]],[[-88.9036,47.9763],[-88.9054,47.9759],[-88.906,47.9749],[-88.9052,47.975],[-88.9036,47.9763]],[[-88.9058,47.9799],[-88.9042,47.9795],[-88.9023,47.9811],[-88.9043,47.9799],[-88.9058,47.9799]],[[-88.9021,47.9809],[-88.9015,47.9804],[-88.9013,47.9811],[-88.9021,47.9809]],[[-88.9074,47.9805],[-88.9087,47.9803],[-88.9092,47.9795],[-88.9074,47.9805]],[[-88.8871,47.9834],[-88.8883,47.9822],[-88.8865,47.9834],[-88.8871,47.9834]],[[-88.8991,47.9774],[-88.8943,47.98],[-88.8934,47.9803],[-88.8948,47.9801],[-88.8991,47.9774]],[[-88.8999,47.9794],[-88.898,47.9798],[-88.8972,47.9805],[-88.8999,47.9794]],[[-88.8987,47.9826],[-88.9005,47.9817],[-88.8982,47.9817],[-88.8987,47.9826]],[[-88.8937,47.9833],[-88.8943,47.9822],[-88.893,47.9833],[-88.8937,47.9833]],[[-88.8928,47.9824],[-88.89,47.9831],[-88.8896,47.9834],[-88.8928,47.9824]],[[-88.8959,47.9812],[-88.8955,47.9824],[-88.8962,47.9812],[-88.8959,47.9812]],[[-88.9001,47.9843],[-88.9024,47.9829],[-88.9026,47.9825],[-88.8999,47.9834],[-88.9001,47.9843]],[[-88.8738,47.9915],[-88.8722,47.9917],[-88.8714,47.9928],[-88.8725,47.9926],[-88.8738,47.9915]],[[-88.8702,47.9929],[-88.8685,47.9931],[-88.8702,47.9931],[-88.8702,47.9929]],[[-88.8508,47.9986],[-88.85,47.9985],[-88.8487,47.9995],[-88.8499,47.9994],[-88.8508,47.9986]],[[-89.0478,47.9354],[-89.0489,47.9341],[-89.0471,47.9351],[-89.0478,47.9354]],[[-89.0517,47.9343],[-89.0519,47.9334],[-89.0515,47.9342],[-89.0517,47.9343]],[[-89.0578,47.9318],[-89.0568,47.9335],[-89.0578,47.9331],[-89.0578,47.9318]],[[-88.9897,47.9634],[-88.9894,47.9637],[-88.9913,47.963],[-88.9897,47.9634]],[[-88.9183,47.9708],[-88.916,47.9713],[-88.9169,47.9716],[-88.9183,47.9708]],[[-88.9227,47.9854],[-88.9121,47.9897],[-88.9137,47.9895],[-88.9176,47.9885],[-88.9189,47.9875],[-88.9216,47.9874],[-88.9212,47.9863],[-88.9227,47.9854]],[[-89.0221,47.9286],[-89.0228,47.928],[-89.0214,47.9283],[-89.0221,47.9286]],[[-88.986,47.964],[-88.985,47.964],[-88.9848,47.9642],[-88.986,47.964]],[[-88.9368,47.9842],[-88.9362,47.9831],[-88.9359,47.9832],[-88.9368,47.9842]],[[-88.916,47.9677],[-88.9137,47.9688],[-88.9163,47.9678],[-88.916,47.9677]],[[-88.9121,47.9709],[-88.9144,47.9703],[-88.9151,47.9695],[-88.9121,47.9709]],[[-88.9166,47.9728],[-88.9163,47.9737],[-88.9179,47.9725],[-88.9166,47.9728]],[[-88.9158,47.9765],[-88.913,47.9783],[-88.9175,47.9763],[-88.9158,47.9765]],[[-88.912,47.9838],[-88.9138,47.984],[-88.9145,47.983],[-88.912,47.9838]],[[-88.9039,47.9896],[-88.9078,47.9883],[-88.9086,47.9878],[-88.9091,47.9876],[-88.9096,47.9875],[-88.9104,47.9871],[-88.9119,47.9867],[-88.9126,47.9862],[-88.9039,47.9892],[-88.9039,47.9896]],[[-88.8973,47.9947],[-88.8993,47.9954],[-88.9006,47.9945],[-88.8973,47.9947]],[[-88.8946,47.9953],[-88.8934,47.9961],[-88.8955,47.9955],[-88.8946,47.9953]],[[-88.9252,48.0007],[-88.9275,47.9997],[-88.925,48.0005],[-88.9252,48.0007]],[[-88.8806,48.0023],[-88.8818,48.002],[-88.8824,48.0012],[-88.8813,48.0013],[-88.8806,48.0023]],[[-88.8581,48.0061],[-88.86,48.0058],[-88.86,48.0055],[-88.8581,48.0061]],[[-88.8755,48.0077],[-88.8765,48.0082],[-88.8772,48.0073],[-88.8755,48.0077]],[[-88.8609,48.0104],[-88.8583,48.0111],[-88.8619,48.0104],[-88.8609,48.0104]],[[-88.9201,47.9706],[-88.922,47.9707],[-88.9215,47.97],[-88.9201,47.9706]],[[-88.8762,47.9999],[-88.8749,48.0011],[-88.8775,48.0001],[-88.8762,47.9999]],[[-88.8699,48.0007],[-88.8699,47.9998],[-88.8693,47.9999],[-88.8699,48.0007]],[[-88.904,47.9786],[-88.9065,47.978],[-88.9062,47.9774],[-88.904,47.9786]],[[-88.873,47.9957],[-88.8752,47.9954],[-88.8752,47.9948],[-88.873,47.9957]],[[-88.9057,47.9855],[-88.9071,47.9849],[-88.9051,47.9855],[-88.9057,47.9855]],[[-88.8937,47.9907],[-88.8946,47.9907],[-88.8953,47.9904],[-88.8937,47.9907]],[[-88.8753,47.9971],[-88.8776,47.9967],[-88.8791,47.9959],[-88.8773,47.9959],[-88.8753,47.9971]],[[-88.9032,47.9766],[-88.9013,47.9765],[-88.9007,47.9771],[-88.9032,47.9766]],[[-88.9039,47.9741],[-88.9031,47.9736],[-88.9026,47.9739],[-88.9029,47.9743],[-88.9039,47.9741]],[[-88.9131,47.9693],[-88.9106,47.9706],[-88.9138,47.9693],[-88.9131,47.9693]],[[-88.9017,47.9835],[-88.901,47.9844],[-88.9028,47.9835],[-88.9017,47.9835]],[[-88.8978,47.9842],[-88.8995,47.9837],[-88.8972,47.9839],[-88.8978,47.9842]],[[-88.8954,47.9862],[-88.8944,47.9863],[-88.8941,47.9869],[-88.8946,47.9869],[-88.8954,47.9862]],[[-88.8928,47.9942],[-88.8948,47.9938],[-88.8963,47.993],[-88.8928,47.9942]],[[-88.8976,47.9926],[-88.9008,47.9916],[-88.8983,47.992],[-88.8976,47.9926]],[[-88.8697,47.9989],[-88.8688,47.9992],[-88.8683,47.9998],[-88.8689,47.9998],[-88.8697,47.9989]],[[-88.9059,48.0053],[-88.9079,48.0044],[-88.9064,48.0049],[-88.9059,48.0053]],[[-88.9211,48.001],[-88.9194,48.0012],[-88.9191,48.0015],[-88.9204,48.0018],[-88.9211,48.001]],[[-88.916,48.0012],[-88.9153,48.001],[-88.9146,48.0014],[-88.916,48.0012]],[[-88.8541,47.9978],[-88.8538,47.9988],[-88.8544,47.998],[-88.8541,47.9978]],[[-88.8549,47.9974],[-88.8565,47.9971],[-88.8571,47.9962],[-88.8568,47.9962],[-88.8549,47.9974]],[[-88.8507,47.9967],[-88.8535,47.9964],[-88.8521,47.9962],[-88.8507,47.9967]],[[-88.8589,47.9946],[-88.8577,47.9944],[-88.8575,47.9947],[-88.8583,47.9953],[-88.8589,47.9946]],[[-88.8559,47.9962],[-88.8572,47.9953],[-88.8549,47.9956],[-88.8561,47.9944],[-88.8529,47.9957],[-88.8559,47.9962]],[[-88.8416,48.0143],[-88.8421,48.015],[-88.8432,48.0144],[-88.8416,48.0143]],[[-88.871,48.0021],[-88.8723,48.0014],[-88.8702,48.002],[-88.871,48.0021]],[[-88.825,48.0057],[-88.8249,48.0063],[-88.8257,48.0058],[-88.825,48.0057]],[[-88.8244,48.0046],[-88.8266,48.0047],[-88.8277,48.004],[-88.8262,48.0039],[-88.8244,48.0046]],[[-88.829,48.0039],[-88.831,48.0032],[-88.8311,48.003],[-88.829,48.0039]],[[-88.8569,48.0177],[-88.8561,48.017],[-88.8557,48.018],[-88.8569,48.0177]],[[-88.8627,48.0009],[-88.8615,48.0008],[-88.861,48.0011],[-88.8617,48.0012],[-88.8627,48.0009]],[[-88.8633,48.002],[-88.863,48.0015],[-88.862,48.0019],[-88.8633,48.002]],[[-88.9325,47.9546],[-88.9343,47.9539],[-88.9323,47.9539],[-88.9325,47.9546]],[[-88.9323,47.9567],[-88.9313,47.9566],[-88.9315,47.957],[-88.9323,47.9567]],[[-88.9198,47.9631],[-88.9201,47.9624],[-88.9187,47.963],[-88.9198,47.9631]],[[-88.9031,47.9664],[-88.9014,47.9662],[-88.9002,47.9675],[-88.9031,47.9664]],[[-88.919,47.9591],[-88.9184,47.9584],[-88.9182,47.9592],[-88.919,47.9591]],[[-88.921,47.9577],[-88.9194,47.958],[-88.9211,47.9579],[-88.921,47.9577]],[[-88.9111,47.9588],[-88.9122,47.9587],[-88.9125,47.9582],[-88.9111,47.9588]],[[-88.9104,47.9604],[-88.9106,47.9597],[-88.9097,47.9604],[-88.9104,47.9604]],[[-88.9386,47.9464],[-88.9388,47.947],[-88.9398,47.9462],[-88.9386,47.9464]],[[-88.9453,47.9481],[-88.9463,47.9475],[-88.9477,47.9468],[-88.9462,47.9472],[-88.9453,47.9481]],[[-88.9073,47.9609],[-88.9043,47.9617],[-88.9077,47.9611],[-88.9073,47.9609]],[[-88.8664,47.9804],[-88.8695,47.9794],[-88.8659,47.9803],[-88.8664,47.9804]],[[-88.9093,47.9955],[-88.9089,47.9954],[-88.9075,47.9959],[-88.9084,47.9963],[-88.9093,47.9955]],[[-88.8891,48.0148],[-88.8917,48.0139],[-88.8883,48.0146],[-88.8891,48.0148]],[[-88.8519,48.0252],[-88.8535,48.0249],[-88.8534,48.0238],[-88.8519,48.0252]],[[-88.8504,48.0255],[-88.8408,48.03],[-88.8456,48.029],[-88.8468,48.0272],[-88.8485,48.0278],[-88.8504,48.0255]],[[-88.8352,48.0353],[-88.8363,48.0345],[-88.8344,48.035],[-88.8352,48.0353]],[[-88.836,48.0315],[-88.8338,48.0321],[-88.836,48.0335],[-88.836,48.0315]],[[-88.8514,48.0297],[-88.8476,48.0311],[-88.8495,48.0309],[-88.8514,48.0297]],[[-88.8438,48.0314],[-88.8496,48.0292],[-88.846,48.0301],[-88.8438,48.0314]],[[-88.8929,48.0222],[-88.8935,48.0216],[-88.8921,48.0222],[-88.8929,48.0222]],[[-88.8197,48.0464],[-88.8179,48.0463],[-88.8177,48.0467],[-88.8187,48.047],[-88.8197,48.0464]],[[-88.8441,48.0382],[-88.8402,48.0398],[-88.8357,48.0406],[-88.8395,48.0413],[-88.8435,48.0399],[-88.8418,48.0397],[-88.8441,48.0382]],[[-88.8467,48.0378],[-88.847,48.0367],[-88.8442,48.0377],[-88.8467,48.0378]],[[-88.8503,48.0356],[-88.85,48.037],[-88.8512,48.0359],[-88.8503,48.0356]],[[-88.8546,48.0351],[-88.8565,48.0339],[-88.8526,48.0354],[-88.8546,48.0351]],[[-88.8593,48.0331],[-88.8613,48.0325],[-88.862,48.0322],[-88.8593,48.0331]],[[-88.8476,47.993],[-88.8485,47.9933],[-88.8491,47.993],[-88.8476,47.993]],[[-88.8072,48.0281],[-88.8065,48.028],[-88.8067,48.0283],[-88.8072,48.0281]],[[-88.8044,48.0275],[-88.8032,48.0277],[-88.8032,48.0279],[-88.8044,48.0275]],[[-88.8133,48.0177],[-88.8121,48.0182],[-88.8118,48.0187],[-88.8127,48.0185],[-88.8133,48.0177]],[[-88.8183,48.0151],[-88.8189,48.0144],[-88.8182,48.015],[-88.8183,48.0151]],[[-88.8094,48.0168],[-88.8118,48.016],[-88.8093,48.0164],[-88.8094,48.0168]],[[-88.8099,48.0158],[-88.8108,48.0155],[-88.8096,48.0155],[-88.8099,48.0158]],[[-88.7878,48.0182],[-88.7905,48.0181],[-88.7921,48.017],[-88.7889,48.0177],[-88.7915,48.0168],[-88.7894,48.0164],[-88.7878,48.0182]],[[-88.7927,48.016],[-88.7903,48.016],[-88.7901,48.0163],[-88.7927,48.016]],[[-88.8002,48.0163],[-88.7941,48.0177],[-88.792,48.0195],[-88.8002,48.0163]],[[-88.808,48.0174],[-88.8084,48.0168],[-88.8074,48.0165],[-88.8091,48.0158],[-88.8069,48.016],[-88.808,48.0174]],[[-88.7952,48.0223],[-88.7945,48.0215],[-88.7937,48.0228],[-88.7943,48.0227],[-88.7952,48.0223]],[[-88.7823,48.0278],[-88.7867,48.0266],[-88.7875,48.0254],[-88.7825,48.0259],[-88.7823,48.0278]],[[-88.7838,48.0249],[-88.7836,48.0241],[-88.7825,48.0247],[-88.7832,48.0251],[-88.7818,48.0258],[-88.7838,48.0249]],[[-88.785,48.0232],[-88.7838,48.0234],[-88.7853,48.0237],[-88.785,48.0232]],[[-88.7874,48.0217],[-88.7844,48.0217],[-88.784,48.0226],[-88.7874,48.0217]],[[-88.7917,48.0199],[-88.7897,48.0197],[-88.7866,48.0211],[-88.7897,48.0203],[-88.7887,48.0212],[-88.7917,48.0199]],[[-88.7861,48.0202],[-88.7865,48.0208],[-88.7876,48.0198],[-88.7861,48.0202]],[[-88.7833,48.0255],[-88.7843,48.0255],[-88.7845,48.0251],[-88.7842,48.0249],[-88.7833,48.0255]],[[-88.7852,48.0253],[-88.7855,48.0243],[-88.7845,48.0245],[-88.7852,48.0253]],[[-88.7879,48.0247],[-88.792,48.0235],[-88.7928,48.0225],[-88.7879,48.0243],[-88.7899,48.0219],[-88.7869,48.0244],[-88.7879,48.0247]],[[-88.7854,48.0238],[-88.7874,48.0236],[-88.7885,48.0223],[-88.786,48.0229],[-88.7875,48.023],[-88.7854,48.0238]],[[-88.8015,48.0161],[-88.8026,48.0162],[-88.8026,48.016],[-88.8015,48.0161]],[[-88.8071,48.0157],[-88.8085,48.0153],[-88.8092,48.0147],[-88.8071,48.0157]],[[-88.7596,48.0235],[-88.7631,48.0226],[-88.7633,48.0224],[-88.7615,48.0224],[-88.7596,48.0235]],[[-88.8042,48.0206],[-88.8052,48.0199],[-88.8039,48.0207],[-88.8042,48.0206]],[[-88.7771,48.0287],[-88.7762,48.0299],[-88.7784,48.029],[-88.7771,48.0287]],[[-88.7781,48.0282],[-88.7792,48.0272],[-88.7761,48.0285],[-88.7794,48.0286],[-88.7781,48.0282]],[[-88.7857,48.0285],[-88.7875,48.0286],[-88.7883,48.0279],[-88.7857,48.0285]],[[-88.7774,48.0304],[-88.7788,48.0308],[-88.7781,48.0303],[-88.7801,48.0293],[-88.7774,48.0304]],[[-88.7985,48.0267],[-88.7995,48.0258],[-88.7982,48.0266],[-88.7985,48.0267]],[[-88.7958,48.0257],[-88.7939,48.0266],[-88.7936,48.0268],[-88.7941,48.0268],[-88.7958,48.0257]],[[-88.759,48.0273],[-88.7609,48.0274],[-88.7611,48.0272],[-88.759,48.0273]],[[-88.7627,48.0284],[-88.7618,48.0295],[-88.76355,48.02875],[-88.7627,48.0284]],[[-88.761,48.03],[-88.7594,48.0299],[-88.7594,48.0304],[-88.761,48.03]],[[-88.7516,48.0313],[-88.7531,48.031],[-88.7515,48.0311],[-88.7516,48.0313]],[[-88.7975,48.0198],[-88.7949,48.0211],[-88.7968,48.0209],[-88.7975,48.0198]],[[-88.8011,48.0185],[-88.8002,48.0188],[-88.7993,48.0194],[-88.7997,48.0195],[-88.8011,48.0185]],[[-88.7812,48.0209],[-88.7824,48.0196],[-88.7792,48.0211],[-88.7812,48.0209]],[[-88.7797,48.02],[-88.7827,48.0191],[-88.7799,48.0195],[-88.7797,48.02]],[[-88.7793,48.0205],[-88.7747,48.0218],[-88.7738,48.0226],[-88.7762,48.0215],[-88.7791,48.0209],[-88.7793,48.0205]],[[-88.7743,48.0278],[-88.7706,48.0282],[-88.7696,48.0292],[-88.7743,48.0278]],[[-88.7748,48.025],[-88.7742,48.0243],[-88.7738,48.0247],[-88.7748,48.025]],[[-88.7801,48.0241],[-88.7772,48.0249],[-88.777,48.0257],[-88.7801,48.0241]],[[-88.7777,48.0235],[-88.7788,48.024],[-88.7797,48.024],[-88.7798,48.0237],[-88.7777,48.0235]],[[-88.781,48.023],[-88.7801,48.0229],[-88.7793,48.0234],[-88.7808,48.0232],[-88.7805,48.0241],[-88.7825,48.0224],[-88.781,48.023]],[[-88.7833,48.023],[-88.7831,48.0223],[-88.7816,48.0233],[-88.7833,48.023]],[[-88.78,48.0225],[-88.7779,48.0222],[-88.7775,48.0227],[-88.7791,48.0231],[-88.78,48.0225]],[[-88.7751,48.0226],[-88.7766,48.0219],[-88.7774,48.0216],[-88.776,48.0219],[-88.7751,48.0226]],[[-88.7802,48.0217],[-88.7806,48.0228],[-88.7833,48.0212],[-88.7828,48.0211],[-88.7802,48.0217]],[[-88.7828,48.0208],[-88.7805,48.0211],[-88.7804,48.0212],[-88.7828,48.0208]],[[-88.8109,48.0365],[-88.8124,48.0356],[-88.8103,48.0366],[-88.8109,48.0365]],[[-88.786,48.0359],[-88.7895,48.0356],[-88.79,48.0351],[-88.786,48.0359]],[[-88.7819,48.0408],[-88.7822,48.0417],[-88.7844,48.0414],[-88.7819,48.0408]],[[-88.7562,48.049],[-88.7552,48.0498],[-88.7566,48.0496],[-88.7562,48.049]],[[-88.7824,48.0306],[-88.7848,48.0304],[-88.785,48.0301],[-88.7824,48.0306]],[[-88.7868,48.03],[-88.7884,48.0298],[-88.7891,48.0295],[-88.7868,48.03]],[[-88.7557,48.0518],[-88.7489,48.0538],[-88.751,48.0534],[-88.7511,48.054],[-88.7557,48.0518]],[[-88.7574,48.0524],[-88.7595,48.0517],[-88.7571,48.0523],[-88.7574,48.0524]],[[-88.7626,48.0504],[-88.7586,48.0511],[-88.7574,48.0513],[-88.7565,48.0511],[-88.7559,48.0516],[-88.7609,48.0513],[-88.7626,48.0504]],[[-88.7857,48.0434],[-88.7834,48.043],[-88.7776,48.0449],[-88.7857,48.0434]],[[-88.7708,48.0434],[-88.7696,48.0438],[-88.7711,48.0434],[-88.7708,48.0434]],[[-88.7695,48.0449],[-88.7717,48.044],[-88.7707,48.0439],[-88.7695,48.0449]],[[-88.776,48.0459],[-88.7747,48.0467],[-88.7765,48.0461],[-88.776,48.0459]],[[-88.7946,48.0428],[-88.7926,48.043],[-88.7915,48.0435],[-88.7941,48.0433],[-88.7946,48.0428]],[[-88.7514,48.052],[-88.7575,48.0498],[-88.7494,48.0519],[-88.7514,48.052]],[[-88.7524,48.0523],[-88.7537,48.0516],[-88.752,48.0522],[-88.7524,48.0523]],[[-88.7793,48.0514],[-88.782,48.0499],[-88.7789,48.0512],[-88.7793,48.0514]],[[-88.7664,48.0568],[-88.766,48.0578],[-88.7673,48.0571],[-88.7664,48.0568]],[[-88.7636,48.0574],[-88.7649,48.0581],[-88.7657,48.0567],[-88.7636,48.0574]],[[-88.7535,48.0571],[-88.7546,48.0574],[-88.7547,48.0573],[-88.7544,48.0569],[-88.7535,48.0571]],[[-88.7546,48.0236],[-88.7534,48.0243],[-88.7548,48.0237],[-88.7546,48.0236]],[[-88.7508,48.0267],[-88.7522,48.0268],[-88.7536,48.0254],[-88.7508,48.0267]],[[-88.7392,48.0271],[-88.7382,48.028],[-88.7399,48.0271],[-88.7392,48.0271]],[[-88.7382,48.0425],[-88.7389,48.0429],[-88.7395,48.0424],[-88.7382,48.0425]],[[-88.7289,48.0547],[-88.7315,48.0553],[-88.7321,48.0551],[-88.7289,48.0547]],[[-88.7252,48.0568],[-88.7269,48.0556],[-88.7246,48.0568],[-88.7252,48.0568]],[[-88.7212,48.0811],[-88.7225,48.0811],[-88.7225,48.0809],[-88.7212,48.0811]],[[-88.7201,48.0789],[-88.7225,48.0782],[-88.7217,48.0769],[-88.7228,48.0767],[-88.7215,48.0765],[-88.7207,48.0773],[-88.7201,48.0789]],[[-88.6666,48.0791],[-88.6648,48.0793],[-88.6646,48.0797],[-88.6666,48.0791]],[[-88.7417,48.0153],[-88.7391,48.0156],[-88.7387,48.0161],[-88.7417,48.0153]],[[-88.7106,48.027],[-88.7106,48.0269],[-88.7105,48.0269],[-88.7106,48.027]],[[-88.7166,48.0094],[-88.7162,48.0099],[-88.717,48.0095],[-88.7166,48.0094]],[[-88.7095,48.0087],[-88.7113,48.0068],[-88.7091,48.0087],[-88.7095,48.0087]],[[-88.7402,48.0112],[-88.7403,48.012],[-88.7408,48.0119],[-88.7402,48.0112]],[[-88.7375,48.0139],[-88.7344,48.0152],[-88.7383,48.0141],[-88.7375,48.0139]],[[-88.7206,48.0129],[-88.7163,48.0139],[-88.7178,48.0141],[-88.7206,48.0129]],[[-88.7194,48.0157],[-88.7183,48.0158],[-88.718,48.0163],[-88.7194,48.0157]],[[-88.708,48.0252],[-88.7108,48.0233],[-88.7095,48.0241],[-88.7089,48.0238],[-88.7104,48.0231],[-88.7104,48.0226],[-88.7081,48.0237],[-88.708,48.0252]],[[-88.7204,48.028],[-88.7197,48.0288],[-88.7208,48.0288],[-88.7204,48.028]],[[-88.6952,48.014],[-88.6938,48.0147],[-88.6974,48.013],[-88.6952,48.014]],[[-88.6838,48.0203],[-88.6825,48.0204],[-88.681,48.0207],[-88.6838,48.0203]],[[-88.6966,48.0215],[-88.6938,48.0213],[-88.6932,48.0219],[-88.6944,48.0224],[-88.6966,48.0215]],[[-88.6946,48.0242],[-88.6936,48.0242],[-88.6931,48.0248],[-88.694,48.025],[-88.6946,48.0242]],[[-88.7012,48.0343],[-88.7056,48.0337],[-88.7051,48.0331],[-88.7027,48.0332],[-88.704,48.0325],[-88.7034,48.0317],[-88.7012,48.0343]],[[-88.7059,48.0335],[-88.7061,48.034],[-88.7073,48.0335],[-88.7059,48.0335]],[[-88.7083,48.0118],[-88.7069,48.0119],[-88.7064,48.0122],[-88.7083,48.0118]],[[-88.7091,48.015],[-88.7081,48.0159],[-88.7113,48.0144],[-88.7091,48.015]],[[-88.7041,48.0193],[-88.7041,48.0198],[-88.7048,48.0195],[-88.7041,48.0193]],[[-88.705,48.0243],[-88.7081,48.0221],[-88.7051,48.0234],[-88.705,48.0243]],[[-88.7041,48.0255],[-88.7023,48.0257],[-88.7017,48.0265],[-88.7041,48.0255]],[[-88.7045,48.0263],[-88.7052,48.0275],[-88.7061,48.027],[-88.7052,48.0263],[-88.707,48.0252],[-88.7059,48.0252],[-88.7067,48.0241],[-88.7045,48.0263]],[[-88.6997,48.0252],[-88.702,48.024],[-88.7021,48.0238],[-88.7007,48.024],[-88.6997,48.0252]],[[-88.7079,48.0255],[-88.7071,48.026],[-88.7081,48.0258],[-88.7079,48.0255]],[[-88.7075,48.0231],[-88.7085,48.0233],[-88.7093,48.0227],[-88.7075,48.0231]],[[-88.6804,48.02],[-88.6786,48.02],[-88.6775,48.0206],[-88.6804,48.02]],[[-88.6711,48.0422],[-88.6727,48.0412],[-88.6736,48.0405],[-88.6718,48.0411],[-88.6711,48.0422]],[[-88.6787,48.0377],[-88.6805,48.0374],[-88.6805,48.0373],[-88.6787,48.0377]],[[-88.6825,48.0412],[-88.6827,48.0405],[-88.6813,48.0411],[-88.6825,48.0412]],[[-88.7845,48.0609],[-88.7874,48.0594],[-88.7836,48.0603],[-88.7845,48.0609]],[[-88.7672,48.0789],[-88.7657,48.0801],[-88.7683,48.0785],[-88.7672,48.0789]],[[-88.7479,48.0823],[-88.7466,48.0829],[-88.7487,48.0825],[-88.7479,48.0823]],[[-88.7475,48.09],[-88.7465,48.0896],[-88.7459,48.0903],[-88.7475,48.09]],[[-88.7086,48.0946],[-88.712,48.0944],[-88.7126,48.0939],[-88.7086,48.0946]],[[-88.7077,48.0987],[-88.7103,48.0974],[-88.7074,48.0987],[-88.7077,48.0987]],[[-88.7179,48.097],[-88.7193,48.0971],[-88.7221,48.0961],[-88.7216,48.096],[-88.7179,48.097]],[[-88.7116,48.0995],[-88.7152,48.0988],[-88.7154,48.0982],[-88.717,48.0976],[-88.7172,48.0972],[-88.7116,48.0995]],[[-88.7059,48.1013],[-88.7069,48.1016],[-88.707,48.1014],[-88.7059,48.1013]],[[-88.7591,48.0837],[-88.7577,48.0841],[-88.7575,48.0843],[-88.7591,48.0837]],[[-88.7563,48.0846],[-88.7567,48.0833],[-88.7543,48.0854],[-88.7563,48.0846]],[[-88.7187,48.0956],[-88.7173,48.0952],[-88.7172,48.0963],[-88.7178,48.0962],[-88.7187,48.0956]],[[-88.7118,48.0983],[-88.7086,48.0993],[-88.7117,48.0985],[-88.7118,48.0983]],[[-88.6732,48.068],[-88.6736,48.0672],[-88.6725,48.068],[-88.6732,48.068]],[[-88.7,48.0562],[-88.6929,48.0594],[-88.6952,48.0593],[-88.7,48.0562]],[[-88.691,48.0625],[-88.6964,48.0599],[-88.6871,48.0631],[-88.691,48.0625]],[[-88.6871,48.0598],[-88.685,48.0604],[-88.6845,48.0608],[-88.6871,48.0598]],[[-88.6802,48.066],[-88.6832,48.0649],[-88.6832,48.0647],[-88.6802,48.066]],[[-88.6708,48.0675],[-88.6682,48.0682],[-88.6681,48.0684],[-88.6708,48.0675]],[[-88.6668,48.0696],[-88.668,48.0694],[-88.6681,48.069],[-88.6668,48.0696]],[[-88.6677,48.0706],[-88.6636,48.0721],[-88.6663,48.0717],[-88.6677,48.0706]],[[-88.6457,48.0784],[-88.6442,48.0792],[-88.646,48.0785],[-88.6457,48.0784]],[[-88.6586,48.0746],[-88.6572,48.0748],[-88.6569,48.0751],[-88.6575,48.0751],[-88.6586,48.0746]],[[-88.6462,48.0798],[-88.6515,48.0772],[-88.6455,48.0795],[-88.6462,48.0798]],[[-88.6825,48.0622],[-88.6806,48.0629],[-88.6807,48.0633],[-88.6825,48.0622]],[[-88.6549,48.0743],[-88.6506,48.0756],[-88.6528,48.0756],[-88.6549,48.0743]],[[-88.6463,48.0829],[-88.6493,48.082],[-88.6507,48.081],[-88.6463,48.0829]],[[-88.5996,48.1038],[-88.5936,48.1039],[-88.5872,48.1064],[-88.5885,48.1071],[-88.5907,48.1064],[-88.5899,48.1058],[-88.5996,48.1038]],[[-88.5484,48.1309],[-88.5487,48.1308],[-88.5486,48.1308],[-88.5484,48.1309]],[[-88.5445,48.1323],[-88.5407,48.134],[-88.5417,48.1338],[-88.5445,48.1323]],[[-88.6228,48.0984],[-88.6229,48.0998],[-88.6306,48.0961],[-88.628,48.0958],[-88.6228,48.0984]],[[-88.6519,48.0938],[-88.6437,48.098],[-88.6505,48.0959],[-88.6519,48.0938]],[[-88.6292,48.1016],[-88.6235,48.1022],[-88.6198,48.1042],[-88.6292,48.1016]],[[-88.6226,48.1001],[-88.6181,48.1025],[-88.6195,48.1036],[-88.6218,48.1031],[-88.6207,48.1014],[-88.6226,48.1001]],[[-88.595,48.1154],[-88.5982,48.1153],[-88.5972,48.1162],[-88.6012,48.1139],[-88.595,48.1154]],[[-88.5895,48.1201],[-88.5897,48.12],[-88.5898,48.1199],[-88.5895,48.1201]],[[-88.5877,48.1208],[-88.5878,48.1208],[-88.5879,48.1207],[-88.5877,48.1208]],[[-88.5866,48.1202],[-88.5858,48.1211],[-88.5882,48.1203],[-88.5866,48.1202]],[[-88.5897,48.1197],[-88.5896,48.1197],[-88.5895,48.1198],[-88.5897,48.1197]],[[-88.5927,48.1192],[-88.5887,48.1218],[-88.591,48.1208],[-88.5927,48.1192]],[[-88.5724,48.1256],[-88.5736,48.1255],[-88.5739,48.1253],[-88.5724,48.1256]],[[-88.5744,48.1231],[-88.5738,48.1249],[-88.5749,48.123],[-88.5744,48.1231]],[[-88.5875,48.1262],[-88.5884,48.1262],[-88.5889,48.1257],[-88.5875,48.1262]],[[-88.5547,48.1207],[-88.5554,48.1211],[-88.5557,48.1206],[-88.5547,48.1207]],[[-88.5533,48.1219],[-88.55,48.1231],[-88.5476,48.1238],[-88.5495,48.1237],[-88.5533,48.1219]],[[-88.5469,48.1258],[-88.5479,48.1258],[-88.5498,48.125],[-88.547,48.1247],[-88.5481,48.1252],[-88.5469,48.1258]],[[-88.5689,48.1271],[-88.5709,48.1278],[-88.572,48.1272],[-88.5689,48.1271]],[[-88.547,48.1286],[-88.5484,48.1289],[-88.5484,48.1286],[-88.547,48.1286]],[[-88.5413,48.1279],[-88.5378,48.1291],[-88.5422,48.1279],[-88.5413,48.1279]],[[-88.6135,48.1126],[-88.612,48.1129],[-88.6105,48.1138],[-88.6135,48.1126]],[[-88.6239,48.1011],[-88.6225,48.102],[-88.6257,48.1004],[-88.6259,48.0994],[-88.6242,48.0994],[-88.6239,48.1011]],[[-88.6286,48.0999],[-88.6271,48.1007],[-88.6289,48.1002],[-88.6286,48.0999]],[[-88.6234,48.1005],[-88.6225,48.1014],[-88.6239,48.1004],[-88.6234,48.1005]],[[-88.5912,48.117],[-88.5936,48.1162],[-88.5912,48.1168],[-88.5912,48.117]],[[-88.5749,48.1135],[-88.5813,48.1104],[-88.5801,48.1106],[-88.5795,48.1105],[-88.5845,48.1092],[-88.5837,48.1088],[-88.5869,48.1069],[-88.5704,48.1138],[-88.574,48.1135],[-88.5774,48.1113],[-88.5749,48.1135]],[[-88.5678,48.1168],[-88.5702,48.1164],[-88.5724,48.115],[-88.5699,48.1148],[-88.5678,48.1168]],[[-88.5672,48.1168],[-88.5615,48.1174],[-88.5628,48.1177],[-88.5611,48.1193],[-88.568,48.119],[-88.5678,48.118],[-88.5644,48.1181],[-88.5672,48.1168]],[[-88.5613,48.1175],[-88.5614,48.1175],[-88.5615,48.1174],[-88.5613,48.1175]],[[-88.5633,48.1206],[-88.564,48.12],[-88.5632,48.1198],[-88.5633,48.1206]],[[-88.5676,48.1146],[-88.5694,48.1143],[-88.5697,48.114],[-88.5676,48.1146]],[[-88.5786,48.1168],[-88.5798,48.1161],[-88.5796,48.1153],[-88.5785,48.1156],[-88.5786,48.1168]],[[-88.5711,48.1171],[-88.5688,48.1181],[-88.5719,48.1175],[-88.5711,48.1171]],[[-88.5756,48.1228],[-88.5787,48.122],[-88.5753,48.1223],[-88.5756,48.1228]],[[-88.5576,48.1225],[-88.5581,48.1234],[-88.5588,48.1233],[-88.5576,48.1225]],[[-88.6007,48.1019],[-88.6029,48.1019],[-88.6031,48.1017],[-88.6007,48.1019]],[[-88.5788,48.1124],[-88.5838,48.1114],[-88.5868,48.1095],[-88.5788,48.1124]],[[-88.6055,48.1056],[-88.6065,48.1056],[-88.6061,48.1052],[-88.6055,48.1056]],[[-88.6068,48.1051],[-88.6089,48.1038],[-88.6107,48.1035],[-88.6091,48.1032],[-88.6068,48.1051]],[[-88.5885,48.1183],[-88.5855,48.1192],[-88.5847,48.1203],[-88.5858,48.1196],[-88.5885,48.1183]],[[-88.5768,48.1235],[-88.5794,48.123],[-88.5797,48.122],[-88.5777,48.1228],[-88.5768,48.1235]],[[-88.4852,48.1608],[-88.487,48.1605],[-88.4894,48.1594],[-88.4852,48.1608]],[[-88.8181,48.042],[-88.8162,48.0424],[-88.8161,48.0426],[-88.8181,48.042]],[[-88.6753,48.0489],[-88.6731,48.05],[-88.6759,48.049],[-88.6753,48.0489]],[[-88.6112,48.0748],[-88.6152,48.0741],[-88.6172,48.073],[-88.6158,48.0725],[-88.6112,48.0748]],[[-88.6494,48.0313],[-88.6497,48.0303],[-88.6493,48.0308],[-88.6494,48.0313]],[[-88.6566,48.0394],[-88.6557,48.0394],[-88.6545,48.0402],[-88.6553,48.0402],[-88.6566,48.0394]],[[-88.6517,48.0422],[-88.6516,48.0435],[-88.651,48.0439],[-88.6521,48.0437],[-88.6532,48.0427],[-88.6528,48.0417],[-88.6517,48.0422]],[[-88.6206,48.0416],[-88.6207,48.0416],[-88.6207,48.0415],[-88.6206,48.0416]],[[-88.6348,48.0352],[-88.6369,48.0342],[-88.6346,48.0351],[-88.6348,48.0352]],[[-88.6347,48.0344],[-88.6366,48.034],[-88.6368,48.0338],[-88.6347,48.0344]],[[-88.643,48.0384],[-88.6421,48.0394],[-88.6456,48.0382],[-88.643,48.0384]],[[-88.6186,48.0449],[-88.617,48.0446],[-88.6163,48.0453],[-88.6167,48.0455],[-88.6186,48.0449]],[[-88.6237,48.0501],[-88.6285,48.0483],[-88.6246,48.0493],[-88.6237,48.0501]],[[-88.623,48.0498],[-88.6272,48.048],[-88.6283,48.0472],[-88.623,48.0498]],[[-88.6123,48.0588],[-88.6092,48.0605],[-88.6071,48.0597],[-88.6049,48.061],[-88.6076,48.0607],[-88.6073,48.0622],[-88.6085,48.0631],[-88.6096,48.0603],[-88.6123,48.0588]],[[-88.621,48.06],[-88.619,48.0605],[-88.6179,48.0613],[-88.62,48.0609],[-88.6216,48.0626],[-88.6222,48.061],[-88.6207,48.0613],[-88.621,48.06]],[[-88.6155,48.0757],[-88.6154,48.0757],[-88.615,48.0759],[-88.6155,48.0757]],[[-88.5768,48.0644],[-88.5775,48.0667],[-88.5799,48.0664],[-88.5784,48.066],[-88.5794,48.0652],[-88.5768,48.0644]],[[-88.5936,48.0649],[-88.5946,48.0666],[-88.5915,48.0674],[-88.5909,48.0697],[-88.5927,48.0693],[-88.5914,48.0704],[-88.5935,48.0704],[-88.5954,48.0725],[-88.5998,48.0716],[-88.5971,48.0708],[-88.5963,48.0723],[-88.5946,48.0706],[-88.5975,48.0691],[-88.595,48.0686],[-88.595,48.0671],[-88.5994,48.067],[-88.6001,48.0664],[-88.595,48.0667],[-88.5946,48.0648],[-88.5922,48.0641],[-88.5963,48.0634],[-88.5974,48.0615],[-88.5913,48.0633],[-88.5919,48.0652],[-88.5936,48.0649]],[[-88.6008,48.0678],[-88.599,48.0688],[-88.6005,48.0708],[-88.6051,48.0692],[-88.6008,48.0678]],[[-88.587,48.0754],[-88.5874,48.0737],[-88.5859,48.0733],[-88.5856,48.0745],[-88.587,48.0754]],[[-88.6472,48.0299],[-88.6476,48.0305],[-88.6479,48.0302],[-88.6472,48.0299]],[[-88.6498,48.0395],[-88.6534,48.0387],[-88.6538,48.0381],[-88.6526,48.038],[-88.6498,48.0395]],[[-88.6278,48.0448],[-88.6287,48.0456],[-88.6294,48.0447],[-88.6278,48.0448]],[[-88.6065,48.064],[-88.6037,48.0628],[-88.6025,48.063],[-88.6065,48.064]],[[-88.6056,48.0526],[-88.6056,48.0518],[-88.6054,48.0525],[-88.6056,48.0526]],[[-88.6094,48.0521],[-88.6035,48.0545],[-88.6025,48.0562],[-88.6076,48.0547],[-88.6094,48.0521]],[[-88.6052,48.0562],[-88.6041,48.0562],[-88.604,48.0571],[-88.6046,48.0571],[-88.6052,48.0562]],[[-88.6011,48.0649],[-88.5998,48.0627],[-88.5969,48.0633],[-88.5993,48.0639],[-88.5998,48.066],[-88.6032,48.0647],[-88.6011,48.0649]],[[-88.616,48.0665],[-88.617,48.066],[-88.6171,48.0656],[-88.616,48.0665]],[[-88.6158,48.0637],[-88.6152,48.0642],[-88.6166,48.0638],[-88.6158,48.0637]],[[-88.5769,48.067],[-88.5778,48.0671],[-88.5774,48.0668],[-88.5769,48.067]],[[-88.6132,48.0686],[-88.6159,48.0672],[-88.6117,48.0683],[-88.6132,48.0686]],[[-88.5835,48.0707],[-88.5832,48.0719],[-88.5838,48.072],[-88.5835,48.0707]],[[-88.578,48.0732],[-88.5787,48.0732],[-88.5785,48.0726],[-88.578,48.0732]],[[-88.5815,48.0749],[-88.5806,48.0745],[-88.5794,48.0745],[-88.5804,48.0751],[-88.5815,48.0749]],[[-88.6043,48.0761],[-88.6072,48.0751],[-88.6046,48.0748],[-88.6043,48.0761]],[[-88.5853,48.0811],[-88.5851,48.0812],[-88.585,48.0813],[-88.5853,48.0811]],[[-88.5909,48.0808],[-88.5906,48.0798],[-88.5889,48.0809],[-88.5909,48.0808]],[[-88.5886,48.0865],[-88.5898,48.0867],[-88.5898,48.0861],[-88.5895,48.086],[-88.5886,48.0865]],[[-88.5933,48.082],[-88.5929,48.0815],[-88.5917,48.0822],[-88.5933,48.082]],[[-88.5827,48.0834],[-88.5853,48.0828],[-88.5854,48.0826],[-88.5827,48.0834]],[[-88.6162,48.0466],[-88.6172,48.047],[-88.6183,48.0466],[-88.6175,48.0462],[-88.6162,48.0466]],[[-88.6127,48.0485],[-88.6124,48.0493],[-88.6138,48.0484],[-88.6127,48.0485]],[[-88.6136,48.0465],[-88.6146,48.0471],[-88.6154,48.047],[-88.6146,48.0463],[-88.6136,48.0465]],[[-88.6085,48.0545],[-88.6081,48.0555],[-88.6092,48.0548],[-88.6085,48.0545]],[[-88.5805,48.0623],[-88.5815,48.0619],[-88.5812,48.0607],[-88.5808,48.0607],[-88.5805,48.0623]],[[-88.585,48.0744],[-88.5832,48.0747],[-88.585,48.0745],[-88.585,48.0744]],[[-88.582,48.0702],[-88.5832,48.0696],[-88.5812,48.0696],[-88.582,48.0702]],[[-88.6551,48.0669],[-88.6544,48.0679],[-88.6555,48.0671],[-88.6551,48.0669]],[[-88.6412,48.0724],[-88.6525,48.0692],[-88.6489,48.0711],[-88.6505,48.0718],[-88.6529,48.0696],[-88.6528,48.0682],[-88.6412,48.0724]],[[-88.6677,48.0627],[-88.6696,48.0618],[-88.6654,48.0628],[-88.6677,48.0627]],[[-88.6558,48.0694],[-88.6535,48.0698],[-88.6519,48.070766666666664],[-88.6531,48.0708],[-88.6558,48.0694]],[[-88.6362,48.0786],[-88.6356,48.0792],[-88.6367,48.0787],[-88.6362,48.0786]],[[-88.6246,48.0819],[-88.6226,48.082],[-88.6201,48.0835],[-88.6219,48.0831],[-88.6246,48.0819]],[[-88.6145,48.0853],[-88.6129,48.084],[-88.6111,48.0844],[-88.6129,48.0859],[-88.6136,48.0854],[-88.6149,48.0858],[-88.6164,48.0855],[-88.6182,48.0842],[-88.6145,48.0853]],[[-88.6145,48.086],[-88.612,48.0866],[-88.6119,48.0869],[-88.6145,48.086]],[[-88.626,48.0824],[-88.6242,48.0835],[-88.6218,48.0847],[-88.6228,48.0848],[-88.626,48.0824]],[[-88.6113,48.0874],[-88.6091,48.089],[-88.6117,48.088],[-88.6113,48.0874]],[[-88.5998,48.0984],[-88.6041,48.0967],[-88.6032,48.0962],[-88.6049,48.0962],[-88.6062,48.0945],[-88.6029,48.096],[-88.5999,48.0958],[-88.6005,48.0969],[-88.5963,48.0989],[-88.6022,48.0968],[-88.5998,48.0984]],[[-88.6056,48.0919],[-88.6053,48.0916],[-88.6045,48.0922],[-88.6056,48.0919]],[[-88.5945,48.0934],[-88.5928,48.0937],[-88.5926,48.0941],[-88.594,48.0942],[-88.5945,48.0934]],[[-88.5981,48.096],[-88.5979,48.096],[-88.5983,48.0961],[-88.5981,48.096]],[[-88.5904,48.0963],[-88.5938,48.0954],[-88.59,48.096],[-88.5904,48.0963]],[[-88.5849,48.0983],[-88.5821,48.099],[-88.585,48.099],[-88.5886,48.0969],[-88.5843,48.0972],[-88.5849,48.0983]],[[-88.5883,48.1012],[-88.5902,48.101],[-88.591,48.1005],[-88.5883,48.1012]],[[-88.5585,48.1082],[-88.5557,48.1088],[-88.555,48.1095],[-88.5585,48.1082]],[[-88.5761,48.0996],[-88.5744,48.1001],[-88.5735,48.1005],[-88.5761,48.0996]],[[-88.5411,48.121],[-88.541,48.1209],[-88.5409,48.1209],[-88.5411,48.121]],[[-88.5347,48.1222],[-88.5315,48.1233],[-88.5327,48.1234],[-88.5347,48.1222]],[[-88.5261,48.1289],[-88.5237,48.129],[-88.5238,48.1296],[-88.5261,48.1289]],[[-88.6708,48.0639],[-88.6678,48.0646],[-88.668,48.0651],[-88.6708,48.0639]],[[-88.6588,48.0681],[-88.6613,48.0679],[-88.6635,48.0662],[-88.6598,48.0668],[-88.6583,48.0676],[-88.6595,48.0672],[-88.6602,48.0676],[-88.6588,48.0681]],[[-88.6645,48.0655],[-88.6657,48.0635],[-88.6611,48.0661],[-88.6645,48.0655]],[[-88.656,48.0656],[-88.662,48.0652],[-88.6624,48.0643],[-88.656,48.0656]],[[-88.6673,48.063],[-88.6676,48.0637],[-88.668,48.063],[-88.6673,48.063]],[[-88.6103,48.0865],[-88.6074,48.0865],[-88.6064,48.0876],[-88.6091,48.0877],[-88.6103,48.0865]],[[-88.6059,48.0899],[-88.6088,48.0894],[-88.6078,48.0887],[-88.6059,48.0899]],[[-88.6481,48.0715],[-88.6455,48.0732],[-88.6452,48.0735],[-88.6494,48.0723],[-88.6481,48.0715]],[[-88.6206,48.08],[-88.62,48.0793],[-88.6195,48.0798],[-88.6206,48.08]],[[-88.6264,48.081],[-88.6323,48.0792],[-88.6305,48.0791],[-88.6264,48.081]],[[-88.642,48.0732],[-88.6441,48.0733],[-88.6448,48.0724],[-88.642,48.0732]],[[-88.6456,48.0722],[-88.6475,48.0713],[-88.645,48.0722],[-88.6456,48.0722]],[[-88.6207,48.0908],[-88.6227,48.0905],[-88.6222,48.0902],[-88.6207,48.0908]],[[-88.6164,48.092],[-88.6185,48.0904],[-88.6154,48.0921],[-88.6164,48.092]],[[-88.6142,48.0927],[-88.615,48.0924],[-88.6152,48.0921],[-88.6142,48.0927]],[[-88.5713,48.1044],[-88.5697,48.1045],[-88.5696,48.1055],[-88.5717,48.1055],[-88.5713,48.1044]],[[-88.5557,48.1128],[-88.5558,48.113],[-88.5559,48.113],[-88.5557,48.1128]],[[-88.6034,48.0954],[-88.6039,48.0945],[-88.603,48.0953],[-88.6034,48.0954]],[[-88.6026,48.0948],[-88.6014,48.0954],[-88.6027,48.095],[-88.6026,48.0948]],[[-88.6097,48.0954],[-88.6077,48.0955],[-88.6067,48.096],[-88.6097,48.0954]],[[-88.5764,48.1027],[-88.5785,48.1026],[-88.579,48.1024],[-88.5764,48.1027]],[[-88.567,48.1063],[-88.5622,48.1068],[-88.5649,48.1073],[-88.567,48.1063]],[[-88.5516,48.1173],[-88.5547,48.1165],[-88.5548,48.1158],[-88.5542,48.1156],[-88.5516,48.1173]],[[-88.5723,48.1098],[-88.5681,48.1115],[-88.5726,48.1099],[-88.5723,48.1098]],[[-88.5316,48.1241],[-88.5309,48.1249],[-88.5317,48.1242],[-88.5316,48.1241]]]},{"type":"Polygon","coordinates":[[[-88.8244,48.0162],[-88.8162,48.0194],[-88.8163,48.0182],[-88.8184,48.0164],[-88.8245,48.0152],[-88.8244,48.0162]]]},{"type":"Polygon","coordinates":[[[-88.8187,48.0196],[-88.8234,48.0173],[-88.8195,48.0196],[-88.8187,48.0196]]]},{"type":"Polygon","coordinates":[[[-88.8159,48.0192],[-88.8136,48.0199],[-88.8155,48.0188],[-88.8159,48.0192]]]},{"type":"Polygon","coordinates":[[[-88.8234,48.0188],[-88.8202,48.0206],[-88.8191,48.02],[-88.8234,48.0188]]]},{"type":"Polygon","coordinates":[[[-88.9104,48.0202],[-88.9124,48.0208],[-88.9096,48.0209],[-88.9104,48.0202]]]},{"type":"Polygon","coordinates":[[[-88.8198,48.0212],[-88.8192,48.0221],[-88.8187,48.022],[-88.8198,48.0212]]]},{"type":"Polygon","coordinates":[[[-88.8823,48.0202],[-88.8785,48.0222],[-88.8736,48.0229],[-88.8797,48.0214],[-88.8823,48.0202]]]},{"type":"Polygon","coordinates":[[[-88.9009,48.0235],[-88.9018,48.0249],[-88.9013,48.0253],[-88.9007,48.0251],[-88.9009,48.0235]]]},{"type":"Polygon","coordinates":[[[-88.8873,48.0255],[-88.8868,48.0252],[-88.889,48.0247],[-88.8873,48.0255]]]},{"type":"Polygon","coordinates":[[[-88.8689,48.0328],[-88.8653,48.0348],[-88.8638,48.0349],[-88.8689,48.0328]]]},{"type":"Polygon","coordinates":[[[-88.8611,48.0348],[-88.862,48.0343],[-88.8627,48.0344],[-88.8624,48.0347],[-88.8611,48.0348]]]},{"type":"Polygon","coordinates":[[[-88.8413,48.0342],[-88.841,48.035],[-88.8398,48.0351],[-88.8413,48.0342]]]},{"type":"Polygon","coordinates":[[[-88.8549,48.0428],[-88.8751,48.0358],[-88.8785,48.0351],[-88.8759,48.0369],[-88.8808,48.0357],[-88.8656,48.0421],[-88.8507,48.0469],[-88.8491,48.0464],[-88.8549,48.0428]],[[-88.8567,48.0427],[-88.8567,48.0426],[-88.8566,48.0428],[-88.8567,48.0427]],[[-88.861,48.0411],[-88.8607,48.0412],[-88.8608,48.0412],[-88.861,48.0411]]]},{"type":"Polygon","coordinates":[[[-88.8272,48.0407],[-88.8247,48.0422],[-88.8241,48.0422],[-88.8272,48.0407]]]},{"type":"Polygon","coordinates":[[[-88.895,48.0335],[-88.8766,48.0418],[-88.8622,48.0459],[-88.8447,48.0537],[-88.8423,48.0542],[-88.842,48.054],[-88.8717,48.0398],[-88.8963,48.0314],[-88.895,48.0335]],[[-88.8738,48.04],[-88.8723,48.0401],[-88.8719,48.0405],[-88.8728,48.0407],[-88.8738,48.04]],[[-88.8794,48.0377],[-88.879,48.0382],[-88.8819,48.0369],[-88.8794,48.0377]]]},{"type":"Polygon","coordinates":[[[-88.8412,48.0465],[-88.8412,48.0464],[-88.8413,48.0464],[-88.8412,48.0465]]]},{"type":"Polygon","coordinates":[[[-88.8478,48.0477],[-88.8441,48.0496],[-88.8444,48.0485],[-88.8478,48.0477]]]},{"type":"Polygon","coordinates":[[[-88.8359,48.0568],[-88.8379,48.0558],[-88.8391,48.0555],[-88.8386,48.056],[-88.8359,48.0568]]]},{"type":"Polygon","coordinates":[[[-88.8247,48.0616],[-88.824,48.0613],[-88.8254,48.0611],[-88.8247,48.0616]]]},{"type":"Polygon","coordinates":[[[-88.799,48.0618],[-88.7982,48.0615],[-88.7996,48.0614],[-88.799,48.0618]]]},{"type":"Polygon","coordinates":[[[-88.8222,48.0619],[-88.8212,48.0626],[-88.821,48.0623],[-88.8222,48.0619]]]},{"type":"Polygon","coordinates":[[[-88.8182,48.0636],[-88.8172,48.0642],[-88.8155,48.0645],[-88.8182,48.0636]]]},{"type":"Polygon","coordinates":[[[-88.7843,47.9402],[-88.7826,47.9406],[-88.7835,47.9399],[-88.7843,47.9402]]]},{"type":"Polygon","coordinates":[[[-88.7599,47.9485],[-88.763,47.9473],[-88.7632,47.9474],[-88.7599,47.9485]]]},{"type":"Polygon","coordinates":[[[-88.7943,47.9806],[-88.7913,47.9794],[-88.7901,47.9804],[-88.7897,47.9801],[-88.7912,47.9792],[-88.792,47.9792],[-88.7943,47.9806]]]},{"type":"Polygon","coordinates":[[[-88.7787,47.9797],[-88.7827,47.9802],[-88.781,47.9811],[-88.7835,47.9801],[-88.7849,47.9801],[-88.7798,47.9816],[-88.7742,47.9818],[-88.7721,47.981],[-88.7787,47.9797]],[[-88.7745,47.9815],[-88.775,47.9807],[-88.7734,47.981],[-88.7745,47.9815]]]},{"type":"Polygon","coordinates":[[[-88.7932,47.9812],[-88.7956,47.9806],[-88.7936,47.9817],[-88.7893,47.9809],[-88.7892,47.9803],[-88.7932,47.9812]]]},{"type":"Polygon","coordinates":[[[-88.7737,47.9846],[-88.7713,47.985],[-88.7687,47.983],[-88.7751,47.9829],[-88.7737,47.9846]]]},{"type":"Polygon","coordinates":[[[-88.7524,47.9847],[-88.7571,47.9834],[-88.7576,47.9835],[-88.7524,47.9847]]]},{"type":"Polygon","coordinates":[[[-88.7656,47.9846],[-88.7646,47.9857],[-88.7574,47.9853],[-88.7582,47.9841],[-88.7605,47.9848],[-88.7617,47.9837],[-88.7656,47.9846]]]},{"type":"Polygon","coordinates":[[[-88.7943,47.9919],[-88.7928,47.9932],[-88.7887,47.9939],[-88.7892,47.9932],[-88.7943,47.9919]]]},{"type":"Polygon","coordinates":[[[-88.7215,47.9948],[-88.7272,47.9944],[-88.7226,47.9975],[-88.717,47.9974],[-88.7137,48.0002],[-88.7104,48.0002],[-88.7151,47.9987],[-88.711,47.9986],[-88.7117,47.998],[-88.7157,47.9984],[-88.7161,47.9969],[-88.7214,47.996],[-88.7223,47.9955],[-88.7205,47.9952],[-88.7215,47.9948]]]},{"type":"Polygon","coordinates":[[[-88.786,47.998],[-88.7865,47.9988],[-88.7859,47.9985],[-88.786,47.998]]]},{"type":"Polygon","coordinates":[[[-88.7095,47.9991],[-88.7085,47.9999],[-88.71,48.0002],[-88.708,48.0014],[-88.7072,48.0015],[-88.7077,47.9997],[-88.706,48.0001],[-88.7083,47.9986],[-88.7095,47.9991]]]},{"type":"Polygon","coordinates":[[[-88.7488,48.0028],[-88.7479,48.0027],[-88.7491,48.0025],[-88.7488,48.0028]]]},{"type":"Polygon","coordinates":[[[-88.7575,48.0029],[-88.7538,48.0035],[-88.7574,48.0025],[-88.7575,48.0029]]]},{"type":"Polygon","coordinates":[[[-88.7646,48.0056],[-88.7632,48.0058],[-88.7624,48.0051],[-88.764,48.0039],[-88.7681,48.0033],[-88.7646,48.0056]],[[-88.7629,48.0052],[-88.7651,48.0051],[-88.7669,48.004],[-88.7629,48.0052]]]},{"type":"Polygon","coordinates":[[[-88.735,48.0044],[-88.7402,48.0043],[-88.7367,48.0056],[-88.735,48.0044]]]},{"type":"Polygon","coordinates":[[[-88.7569,48.0056],[-88.7565,48.0065],[-88.756,48.0064],[-88.7569,48.0056]]]},{"type":"Polygon","coordinates":[[[-88.7696,48.0085],[-88.772,48.0078],[-88.776,48.0083],[-88.7674,48.0117],[-88.7696,48.0085]]]},{"type":"Polygon","coordinates":[[[-88.7462,48.0116],[-88.7433,48.0135],[-88.7421,48.013],[-88.7435,48.0119],[-88.7448,48.0116],[-88.7458,48.0115],[-88.7462,48.0116]]]},{"type":"Polygon","coordinates":[[[-88.7047,48.0126],[-88.7046,48.0126],[-88.7048,48.0125],[-88.7047,48.0126]]]},{"type":"Polygon","coordinates":[[[-88.7632,48.0137],[-88.7626,48.0134],[-88.7634,48.0135],[-88.7632,48.0137]]]},{"type":"Polygon","coordinates":[[[-88.7445,48.0158],[-88.7453,48.0147],[-88.7458,48.0149],[-88.7445,48.0158]]]},{"type":"Polygon","coordinates":[[[-88.7477,48.017],[-88.7462,48.0175],[-88.746,48.0174],[-88.7464,48.0169],[-88.7477,48.017]]]},{"type":"Polygon","coordinates":[[[-88.7361,48.0192],[-88.7367,48.02],[-88.7349,48.0203],[-88.7361,48.0192]]]},{"type":"Polygon","coordinates":[[[-88.7411,48.0164],[-88.7494,48.0191],[-88.7483,48.0205],[-88.7515,48.0195],[-88.7521,48.0198],[-88.7433,48.0248],[-88.7406,48.0231],[-88.7392,48.0236],[-88.7383,48.022],[-88.732,48.0224],[-88.7337,48.0207],[-88.7362,48.0211],[-88.7376,48.0197],[-88.7383,48.0203],[-88.7401,48.0196],[-88.7375,48.019],[-88.7409,48.018],[-88.7411,48.0164]],[[-88.7407,48.0195],[-88.7425,48.0198],[-88.7437,48.0191],[-88.7407,48.0195]],[[-88.7411,48.0188],[-88.7407,48.0183],[-88.7389,48.0191],[-88.7411,48.0188]],[[-88.746,48.0209],[-88.7463,48.0206],[-88.7446,48.0208],[-88.746,48.0209]],[[-88.7443,48.0211],[-88.7421,48.0214],[-88.742,48.0217],[-88.7443,48.0211]]]},{"type":"Polygon","coordinates":[[[-88.7243,48.0234],[-88.7248,48.0239],[-88.7239,48.0239],[-88.7243,48.0234]]]},{"type":"Polygon","coordinates":[[[-88.7373,48.0293],[-88.7357,48.0302],[-88.7347,48.0299],[-88.7373,48.0293]]]},{"type":"Polygon","coordinates":[[[-88.7345,48.0301],[-88.7345,48.0299],[-88.7347,48.0299],[-88.7345,48.0301]]]},{"type":"Polygon","coordinates":[[[-88.7214,48.0296],[-88.7168,48.0313],[-88.7192,48.0301],[-88.7214,48.0296]]]},{"type":"Polygon","coordinates":[[[-88.7282,48.0333],[-88.7263,48.0333],[-88.729,48.0327],[-88.7282,48.0333]]]},{"type":"Polygon","coordinates":[[[-88.7784,48.0338],[-88.7778,48.0333],[-88.7787,48.033],[-88.7784,48.0338]]]},{"type":"Polygon","coordinates":[[[-88.7794,48.0362],[-88.7805,48.0352],[-88.7815,48.0353],[-88.7811,48.0366],[-88.7794,48.0362]]]},{"type":"Polygon","coordinates":[[[-88.7074,48.037],[-88.7089,48.0371],[-88.7093,48.0375],[-88.708,48.0385],[-88.7074,48.037]]]},{"type":"Polygon","coordinates":[[[-88.7968,48.0445],[-88.7983,48.0443],[-88.7984,48.0444],[-88.7968,48.0445]]]},{"type":"Polygon","coordinates":[[[-88.7111,48.0425],[-88.7061,48.0456],[-88.7006,48.0468],[-88.6997,48.0464],[-88.7004,48.0441],[-88.6994,48.044],[-88.7009,48.043],[-88.704,48.0426],[-88.7037,48.0435],[-88.7054,48.0437],[-88.7111,48.0425]],[[-88.7016,48.0451],[-88.7001,48.0463],[-88.7042,48.0448],[-88.7016,48.0451]]]},{"type":"Polygon","coordinates":[[[-88.7988,48.0445],[-88.8078,48.0432],[-88.7996,48.047],[-88.8034,48.0466],[-88.8022,48.0475],[-88.7966,48.0478],[-88.7981,48.0484],[-88.7958,48.0476],[-88.7883,48.0491],[-88.7817,48.0487],[-88.7828,48.0468],[-88.7853,48.0466],[-88.7839,48.0479],[-88.7824,48.0481],[-88.7825,48.0484],[-88.7872,48.0472],[-88.7902,48.048],[-88.7903,48.047],[-88.799,48.0459],[-88.7997,48.0446],[-88.7988,48.0445]]]},{"type":"Polygon","coordinates":[[[-88.7919,48.0457],[-88.7907,48.0464],[-88.7898,48.0462],[-88.7907,48.0457],[-88.7919,48.0457]]]},{"type":"Polygon","coordinates":[[[-88.7855,48.0468],[-88.7865,48.047],[-88.7851,48.047],[-88.7855,48.0468]]]},{"type":"Polygon","coordinates":[[[-88.7959,48.0487],[-88.7949,48.0486],[-88.7962,48.0485],[-88.7959,48.0487]]]},{"type":"Polygon","coordinates":[[[-88.7497,48.0493],[-88.7483,48.05],[-88.7473,48.05],[-88.7477,48.0493],[-88.7488,48.0488],[-88.7497,48.0493]]]},{"type":"Polygon","coordinates":[[[-88.7942,48.0491],[-88.7912,48.05],[-88.7908,48.0497],[-88.7942,48.0491]]]},{"type":"Polygon","coordinates":[[[-88.7963,48.05],[-88.7929,48.0503],[-88.797,48.0496],[-88.7963,48.05]]]},{"type":"Polygon","coordinates":[[[-88.7482,48.0506],[-88.7491,48.0503],[-88.7501,48.0503],[-88.7482,48.0506]]]},{"type":"Polygon","coordinates":[[[-88.7697,48.0584],[-88.7707,48.0574],[-88.7711,48.0583],[-88.7697,48.0584]]]},{"type":"Polygon","coordinates":[[[-88.7574,48.0608],[-88.7569,48.0605],[-88.7576,48.0605],[-88.7574,48.0608]]]},{"type":"Polygon","coordinates":[[[-88.7833,48.0622],[-88.7809,48.0627],[-88.7845,48.0616],[-88.7833,48.0622]]]},{"type":"Polygon","coordinates":[[[-88.754,48.0635],[-88.7501,48.0648],[-88.7521,48.0639],[-88.754,48.0635]]]},{"type":"Polygon","coordinates":[[[-88.7492,48.0659],[-88.7503,48.065],[-88.7542,48.0638],[-88.7535,48.0646],[-88.7515,48.065],[-88.7492,48.0659]]]},{"type":"Polygon","coordinates":[[[-88.751,48.0653],[-88.7511,48.0659],[-88.7502,48.0658],[-88.751,48.0653]]]},{"type":"Polygon","coordinates":[[[-88.7785,48.0693],[-88.7757,48.0711],[-88.7753,48.0709],[-88.7765,48.0694],[-88.7785,48.0693]]]},{"type":"Polygon","coordinates":[[[-88.7486,48.0722],[-88.7447,48.0745],[-88.7437,48.0744],[-88.7459,48.0723],[-88.7486,48.0722]]]},{"type":"Polygon","coordinates":[[[-88.758,48.0804],[-88.7569,48.0816],[-88.756,48.0811],[-88.758,48.0804]]]},{"type":"Polygon","coordinates":[[[-88.7176,48.0827],[-88.7168,48.0837],[-88.7159,48.0836],[-88.7163,48.0832],[-88.7176,48.0827]]]},{"type":"Polygon","coordinates":[[[-88.7406,48.0858],[-88.7418,48.0856],[-88.7406,48.0861],[-88.7406,48.0858]]]},{"type":"Polygon","coordinates":[[[-88.7224,48.088],[-88.7218,48.0887],[-88.7206,48.0887],[-88.7214,48.0881],[-88.7224,48.088]]]},{"type":"Polygon","coordinates":[[[-88.7338,48.0895],[-88.7323,48.0901],[-88.7319,48.09],[-88.7338,48.0895]]]},{"type":"Polygon","coordinates":[[[-88.7317,48.0901],[-88.7309,48.0905],[-88.7306,48.0905],[-88.7317,48.0901]]]},{"type":"Polygon","coordinates":[[[-88.7261,48.0918],[-88.7278,48.0906],[-88.7292,48.0909],[-88.7261,48.0918]]]},{"type":"Polygon","coordinates":[[[-88.706,48.0994],[-88.6997,48.1012],[-88.7068,48.0986],[-88.706,48.0994]]]},{"type":"Polygon","coordinates":[[[-88.7289,48.1016],[-88.733,48.1011],[-88.7288,48.1018],[-88.7289,48.1016]]]},{"type":"Polygon","coordinates":[[[-88.7281,48.102],[-88.7193,48.1056],[-88.7189,48.1055],[-88.7281,48.102]]]},{"type":"Polygon","coordinates":[[[-88.711,48.1091],[-88.706,48.1111],[-88.7112,48.1088],[-88.711,48.1091]]]},{"type":"Polygon","coordinates":[[[-88.7018,48.0077],[-88.7019,48.0076],[-88.7019,48.0077],[-88.7018,48.0077]]]},{"type":"Polygon","coordinates":[[[-88.7021,48.0079],[-88.6942,48.0104],[-88.6929,48.0102],[-88.7021,48.0079]]]},{"type":"Polygon","coordinates":[[[-88.6908,48.012],[-88.6907,48.012],[-88.6909,48.0119],[-88.6908,48.012]]]},{"type":"Polygon","coordinates":[[[-88.6886,48.0221],[-88.6895,48.0227],[-88.6882,48.0226],[-88.6886,48.0221]]]},{"type":"Polygon","coordinates":[[[-88.6963,48.0235],[-88.6957,48.0231],[-88.6969,48.0225],[-88.6963,48.0235]]]},{"type":"Polygon","coordinates":[[[-88.6598,48.0237],[-88.6624,48.0225],[-88.6626,48.0226],[-88.6598,48.0237]]]},{"type":"Polygon","coordinates":[[[-88.6628,48.0235],[-88.6563,48.0265],[-88.659,48.0242],[-88.6628,48.0235]]]},{"type":"Polygon","coordinates":[[[-88.6608,48.028],[-88.6628,48.0271],[-88.6631,48.0272],[-88.6626,48.0279],[-88.6608,48.028]]]},{"type":"Polygon","coordinates":[[[-88.6289,48.0352],[-88.6287,48.0359],[-88.6283,48.0357],[-88.6289,48.0352]]]},{"type":"Polygon","coordinates":[[[-88.6371,48.0375],[-88.6442,48.0341],[-88.645,48.0342],[-88.6422,48.0358],[-88.6459,48.0346],[-88.6436,48.0373],[-88.6343,48.0402],[-88.6371,48.0375]],[[-88.6442,48.0362],[-88.642,48.0368],[-88.6407,48.0371],[-88.6422,48.037],[-88.6442,48.0362]]]},{"type":"Polygon","coordinates":[[[-88.6867,48.0427],[-88.6848,48.043],[-88.6869,48.0423],[-88.6867,48.0427]]]},{"type":"Polygon","coordinates":[[[-88.6387,48.0434],[-88.6365,48.0445],[-88.6359,48.0446],[-88.6351,48.0445],[-88.6386,48.0425],[-88.6357,48.0445],[-88.6387,48.0434]]]},{"type":"Polygon","coordinates":[[[-88.6941,48.0478],[-88.6913,48.0462],[-88.686,48.0469],[-88.6915,48.0451],[-88.6972,48.0455],[-88.6939,48.046733333333336],[-88.6971,48.0464],[-88.6941,48.0478]]]},{"type":"Polygon","coordinates":[[[-88.6861,48.049],[-88.685,48.0489],[-88.6865,48.0485],[-88.6861,48.049]]]},{"type":"Polygon","coordinates":[[[-88.6884,48.0491],[-88.6918,48.0485],[-88.6906,48.0497],[-88.6884,48.0491]]]},{"type":"Polygon","coordinates":[[[-88.6302,48.05],[-88.6319,48.0489],[-88.6326,48.0491],[-88.6302,48.05]]]},{"type":"Polygon","coordinates":[[[-88.6881,48.0497],[-88.6875,48.0503],[-88.6873,48.0499],[-88.6881,48.0497]]]},{"type":"Polygon","coordinates":[[[-88.6756,48.0525],[-88.6745,48.052],[-88.6764,48.0518],[-88.6756,48.0525]]]},{"type":"Polygon","coordinates":[[[-88.6505,48.0518],[-88.651,48.0521],[-88.6487,48.053],[-88.6505,48.0518]]]},{"type":"Polygon","coordinates":[[[-88.6485,48.0522],[-88.6479,48.053],[-88.647,48.053],[-88.6485,48.0522]]]},{"type":"Polygon","coordinates":[[[-88.6553,48.0531],[-88.6544,48.0529],[-88.6561,48.0525],[-88.6553,48.0531]]]},{"type":"Polygon","coordinates":[[[-88.6537,48.0529],[-88.6524,48.0535],[-88.6504,48.0538],[-88.651,48.0531],[-88.6537,48.0529]]]},{"type":"Polygon","coordinates":[[[-88.6482,48.052],[-88.6461,48.0534],[-88.6481,48.0541],[-88.6391,48.0561],[-88.6451,48.0539],[-88.6416,48.0546],[-88.6402,48.0536],[-88.6409,48.0529],[-88.6432,48.0536],[-88.6491,48.0515],[-88.6419,48.0527],[-88.6465,48.0507],[-88.6506,48.0514],[-88.6482,48.052]]]},{"type":"Polygon","coordinates":[[[-88.6601,48.053],[-88.6568,48.0542],[-88.6554,48.0539],[-88.6601,48.053]]]},{"type":"Polygon","coordinates":[[[-88.6395,48.0536],[-88.6374,48.0541],[-88.6369,48.0534],[-88.6395,48.0536]]]},{"type":"Polygon","coordinates":[[[-88.6889,48.0541],[-88.6918,48.0532],[-88.6889,48.0547],[-88.6855,48.0553],[-88.6865,48.0545],[-88.6925,48.0526],[-88.6889,48.0541]]]},{"type":"Polygon","coordinates":[[[-88.7079,48.0474],[-88.7186,48.0461],[-88.7148,48.048],[-88.7035,48.0499],[-88.7095,48.0496],[-88.703,48.0519],[-88.7042,48.0527],[-88.6962,48.0534],[-88.6953,48.0544],[-88.6977,48.0544],[-88.6896,48.0564],[-88.6863,48.0582],[-88.6848,48.0584],[-88.684,48.0565],[-88.6806,48.0573],[-88.6904,48.0547],[-88.6944,48.0518],[-88.6985,48.051],[-88.6931,48.0511],[-88.6883,48.0539],[-88.6782,48.057],[-88.6743,48.0591],[-88.6798,48.0573],[-88.6811,48.0582],[-88.6796,48.0578],[-88.6796,48.059],[-88.6752,48.0609],[-88.669,48.0604],[-88.6778,48.0568],[-88.657,48.0627],[-88.6596,48.0608],[-88.6569,48.0606],[-88.6516,48.0633],[-88.6499,48.0631],[-88.6543,48.0614],[-88.6494,48.0623],[-88.656,48.0606],[-88.6569,48.0598],[-88.655,48.0605],[-88.6554,48.0602],[-88.6556,48.0595],[-88.6593,48.0578],[-88.6697,48.0561],[-88.6738,48.053],[-88.6772,48.0528],[-88.6755,48.0541],[-88.6797,48.0542],[-88.6803,48.0522],[-88.6833,48.0526],[-88.6882,48.0507],[-88.6823,48.0541],[-88.6827,48.0541],[-88.696,48.0485],[-88.7021,48.048],[-88.7092,48.0447],[-88.7118,48.0461],[-88.7079,48.0474]],[[-88.7028,48.0504],[-88.7018,48.0492],[-88.7016,48.0504],[-88.7028,48.0504]],[[-88.6892,48.0524],[-88.692,48.0512],[-88.6909,48.0513],[-88.6892,48.0524]],[[-88.6602,48.0598],[-88.6611,48.0592],[-88.659,48.0603],[-88.6602,48.0598]],[[-88.6692,48.0579],[-88.6693,48.0579],[-88.6695,48.0578],[-88.6692,48.0579]],[[-88.6736,48.0604],[-88.6719,48.0598],[-88.6709,48.0603],[-88.6736,48.0604]],[[-88.7003,48.05],[-88.6995,48.0505],[-88.7014,48.0496],[-88.7003,48.05]],[[-88.6939,48.0545],[-88.6919,48.0554],[-88.6943,48.0548],[-88.6939,48.0545]],[[-88.6732,48.0564],[-88.6719,48.057],[-88.6742,48.0563],[-88.6732,48.0564]],[[-88.682,48.0555],[-88.6852,48.0543],[-88.6836,48.054],[-88.682,48.0555]]]},{"type":"Polygon","coordinates":[[[-88.6522,48.0541],[-88.6539,48.0544],[-88.654,48.0547],[-88.6522,48.0541]]]},{"type":"Polygon","coordinates":[[[-88.6348,48.055],[-88.6344,48.0541],[-88.6351,48.0542],[-88.6348,48.055]]]},{"type":"Polygon","coordinates":[[[-88.6501,48.0544],[-88.6505,48.0549],[-88.6496,48.0548],[-88.6501,48.0544]]]},{"type":"Polygon","coordinates":[[[-88.6329,48.0554],[-88.6332,48.0547],[-88.6338,48.0552],[-88.6329,48.0554]]]},{"type":"Polygon","coordinates":[[[-88.6563,48.0554],[-88.6576,48.0547],[-88.658,48.0547],[-88.6573,48.0552],[-88.6563,48.0554]]]},{"type":"Polygon","coordinates":[[[-88.6349,48.0562],[-88.6284,48.0564],[-88.6332,48.0556],[-88.6349,48.0562]]]},{"type":"Polygon","coordinates":[[[-88.6899,48.057],[-88.6894,48.0578],[-88.6876,48.0579],[-88.6887,48.0571],[-88.6899,48.057]]]},{"type":"Polygon","coordinates":[[[-88.6828,48.0571],[-88.6815,48.0584],[-88.6812,48.0577],[-88.6828,48.0571]]]},{"type":"Polygon","coordinates":[[[-88.6527,48.0587],[-88.6511,48.0589],[-88.6505,48.0591],[-88.6517,48.0582],[-88.6527,48.0587]]]},{"type":"Polygon","coordinates":[[[-88.6561,48.0588],[-88.6547,48.0597],[-88.6539,48.0595],[-88.6547,48.0588],[-88.6561,48.0588]]]},{"type":"Polygon","coordinates":[[[-88.6443,48.0606],[-88.6494,48.0599],[-88.6432,48.0615],[-88.6443,48.0606]]]},{"type":"Polygon","coordinates":[[[-88.6467,48.0619],[-88.6495,48.0602],[-88.6531,48.0602],[-88.6467,48.0619]]]},{"type":"Polygon","coordinates":[[[-88.6474,48.0637],[-88.6452,48.0649],[-88.6462,48.0639],[-88.6438,48.0634],[-88.646,48.062],[-88.6474,48.0637]]]},{"type":"Polygon","coordinates":[[[-88.6439,48.0662],[-88.6426,48.0675],[-88.6419,48.0673],[-88.6439,48.0662]]]},{"type":"Polygon","coordinates":[[[-88.6966,48.0774],[-88.6956,48.0781],[-88.6955,48.0774],[-88.6966,48.0774]]]},{"type":"Polygon","coordinates":[[[-88.694,48.0791],[-88.6953,48.0783],[-88.6958,48.0783],[-88.6953,48.0793],[-88.694,48.0791]]]},{"type":"Polygon","coordinates":[[[-88.6849,48.0895],[-88.7077,48.0776],[-88.7137,48.0758],[-88.7129,48.0772],[-88.714,48.0786],[-88.7144,48.0755],[-88.7163,48.0749],[-88.7068,48.0773],[-88.7089,48.0759],[-88.7028,48.0785],[-88.7012,48.0775],[-88.7106,48.0741],[-88.703,48.0768],[-88.7037,48.076],[-88.7007,48.077],[-88.7,48.0759],[-88.7143,48.0683],[-88.7238,48.0664],[-88.7219,48.0713],[-88.719,48.0736],[-88.7126,48.0753],[-88.7193,48.0745],[-88.7137,48.0807],[-88.7125,48.0829],[-88.6984,48.0884],[-88.7061,48.0867],[-88.7041,48.0892],[-88.7019,48.0898],[-88.6988,48.0912],[-88.6974,48.0905],[-88.6865,48.0944],[-88.6813,48.094],[-88.6802,48.0926],[-88.6788,48.0922],[-88.6828,48.0903],[-88.6884,48.0898],[-88.6849,48.0895]],[[-88.7224,48.0677],[-88.7184,48.0681],[-88.7214,48.0681],[-88.7178,48.0694],[-88.7205,48.069],[-88.7224,48.0677]],[[-88.721,48.0699],[-88.7153,48.0709],[-88.7146,48.0716],[-88.721,48.0699]],[[-88.7148,48.0723],[-88.7168,48.0719],[-88.7189,48.072],[-88.7166,48.0717],[-88.7148,48.0723]],[[-88.7128,48.0719],[-88.7064,48.074],[-88.7105,48.0732],[-88.7128,48.0719]],[[-88.7051,48.0848],[-88.7047,48.0837],[-88.7033,48.0843],[-88.7051,48.0848]],[[-88.7106,48.0805],[-88.6975,48.0848],[-88.7029,48.0824],[-88.7026,48.0816],[-88.6911,48.0887],[-88.7037,48.0829],[-88.7081,48.0829],[-88.7106,48.0805]],[[-88.6842,48.0934],[-88.6859,48.0922],[-88.6825,48.0936],[-88.6842,48.0934]],[[-88.6829,48.0925],[-88.6841,48.0925],[-88.6853,48.0919],[-88.6836,48.0921],[-88.6829,48.0925]],[[-88.7123,48.0784],[-88.7112,48.0789],[-88.7101,48.0795],[-88.7123,48.0784]],[[-88.6871,48.093],[-88.6898,48.0913],[-88.687,48.0929],[-88.6871,48.093]]]},{"type":"Polygon","coordinates":[[[-88.6603,48.0933],[-88.6626,48.0921],[-88.6638,48.0921],[-88.6623,48.0931],[-88.6603,48.0933]]]},{"type":"Polygon","coordinates":[[[-88.6542,48.0966],[-88.6536,48.0966],[-88.6556,48.0962],[-88.6548,48.0966],[-88.6542,48.0966]]]},{"type":"Polygon","coordinates":[[[-88.6411,48.1014],[-88.6434,48.1003],[-88.6443,48.1005],[-88.6411,48.1014]]]},{"type":"Polygon","coordinates":[[[-88.6496,48.1074],[-88.6497,48.1079],[-88.6492,48.1077],[-88.6496,48.1074]]]},{"type":"Polygon","coordinates":[[[-88.6666,48.1095],[-88.6798,48.1077],[-88.6738,48.11],[-88.6686,48.1105],[-88.6666,48.1095]]]},{"type":"Polygon","coordinates":[[[-88.6462,48.1099],[-88.6535,48.108],[-88.6461,48.1101],[-88.6462,48.1099]]]},{"type":"Polygon","coordinates":[[[-88.6767,48.1107],[-88.6768,48.1101],[-88.6775,48.11],[-88.6767,48.1107]]]},{"type":"Polygon","coordinates":[[[-88.6836,48.1109],[-88.6857,48.1098],[-88.6864,48.1099],[-88.6857,48.1107],[-88.6836,48.1109]]]},{"type":"Polygon","coordinates":[[[-88.646,48.1102],[-88.6442,48.1113],[-88.6433,48.111],[-88.6444,48.1105],[-88.646,48.1102]]]},{"type":"Polygon","coordinates":[[[-88.6321,48.1163],[-88.6327,48.1166],[-88.6321,48.1165],[-88.6321,48.1163]]]},{"type":"Polygon","coordinates":[[[-88.6822,48.1173],[-88.6829,48.1169],[-88.6828,48.1174],[-88.6822,48.1173]]]},{"type":"Polygon","coordinates":[[[-88.6523,48.1168],[-88.6505,48.1176],[-88.6499,48.1176],[-88.6523,48.1168]]]},{"type":"Polygon","coordinates":[[[-88.6677,48.1186],[-88.6683,48.1193],[-88.6665,48.1192],[-88.6677,48.1186]]]},{"type":"Polygon","coordinates":[[[-88.6719,48.1267],[-88.6731,48.1264],[-88.6746,48.1266],[-88.674,48.1272],[-88.6719,48.1267]]]},{"type":"Polygon","coordinates":[[[-88.6454,48.1284],[-88.6556,48.125],[-88.6505,48.1286],[-88.6586,48.1261],[-88.6596,48.1265],[-88.6575,48.1283],[-88.66,48.1284],[-88.6615,48.128],[-88.6617,48.1281],[-88.6466,48.136],[-88.6178,48.1453],[-88.6253,48.1422],[-88.6222,48.1433],[-88.6292,48.1391],[-88.651,48.1316],[-88.6532,48.1297],[-88.6438,48.1294],[-88.6376,48.1319],[-88.6273,48.1344],[-88.6227,48.1366],[-88.6203,48.1374],[-88.6176,48.1378],[-88.6182,48.1373],[-88.6443,48.1265],[-88.6524,48.1243],[-88.6454,48.1284]],[[-88.6446,48.1294],[-88.6483,48.128],[-88.6486,48.1277],[-88.6453,48.1289],[-88.6446,48.1294]],[[-88.6518,48.1288],[-88.6524,48.1287],[-88.6538,48.1281],[-88.6518,48.1288]],[[-88.6327,48.1321],[-88.6257,48.1347],[-88.63,48.1334],[-88.6327,48.1321]],[[-88.6333,48.1383],[-88.6365,48.1373],[-88.6367,48.1369],[-88.6333,48.1383]],[[-88.6261,48.1418],[-88.6294,48.1409],[-88.6301,48.1403],[-88.6261,48.1418]],[[-88.6407,48.1296],[-88.6435,48.1287],[-88.6422,48.1288],[-88.6407,48.1296]],[[-88.656,48.1286],[-88.654,48.1295],[-88.6563,48.1287],[-88.656,48.1286]],[[-88.6491,48.1287],[-88.6518,48.1275],[-88.6487,48.1287],[-88.6491,48.1287]]]},{"type":"Polygon","coordinates":[[[-88.6573,48.1359],[-88.6557,48.1351],[-88.66,48.1347],[-88.6573,48.1359]]]},{"type":"Polygon","coordinates":[[[-88.6667,48.1352],[-88.6625,48.137],[-88.6607,48.1372],[-88.6667,48.1352]]]},{"type":"Polygon","coordinates":[[[-88.6396,48.1425],[-88.6371,48.1439],[-88.635,48.1444],[-88.6396,48.1425]]]},{"type":"Polygon","coordinates":[[[-88.6142,48.0402],[-88.6371,48.0297],[-88.6393,48.0301],[-88.6192,48.0392],[-88.617,48.04],[-88.6144,48.0404],[-88.6142,48.0402]]]},{"type":"Polygon","coordinates":[[[-88.6198,48.0393],[-88.6258,48.0366],[-88.6289,48.0363],[-88.6198,48.0393]]]},{"type":"Polygon","coordinates":[[[-88.6105,48.0567],[-88.6121,48.0547],[-88.6142,48.055],[-88.6128,48.0563],[-88.6105,48.0567]]]},{"type":"Polygon","coordinates":[[[-88.5818,48.0586],[-88.5786,48.0604],[-88.5776,48.0604],[-88.5813,48.0579],[-88.5818,48.0586]]]},{"type":"Polygon","coordinates":[[[-88.6115,48.0626],[-88.6115,48.062],[-88.6121,48.0625],[-88.6115,48.0626]]]},{"type":"Polygon","coordinates":[[[-88.5932,48.0677],[-88.5947,48.068],[-88.5935,48.0681],[-88.5932,48.0677]]]},{"type":"Polygon","coordinates":[[[-88.6251,48.0855],[-88.6237,48.0857],[-88.6244,48.0853],[-88.6251,48.0855]]]},{"type":"Polygon","coordinates":[[[-88.6217,48.0869],[-88.6228,48.0875],[-88.6208,48.0879],[-88.6217,48.0869]]]},{"type":"Polygon","coordinates":[[[-88.575,48.0916],[-88.5748,48.0911],[-88.5753,48.0911],[-88.575,48.0916]]]},{"type":"Polygon","coordinates":[[[-88.5769,48.0919],[-88.5759,48.0921],[-88.5758,48.0918],[-88.576,48.0917],[-88.5769,48.0919]]]},{"type":"Polygon","coordinates":[[[-88.5703,48.0919],[-88.5696,48.0923],[-88.5688,48.0922],[-88.5693,48.0918],[-88.5703,48.0919]]]},{"type":"Polygon","coordinates":[[[-88.5666,48.0938],[-88.5671,48.0939],[-88.5653,48.0941],[-88.5666,48.0938]]]},{"type":"Polygon","coordinates":[[[-88.5672,48.0976],[-88.568,48.0977],[-88.5653,48.0988],[-88.5598,48.0982],[-88.5672,48.0939],[-88.5742,48.0941],[-88.5691,48.095],[-88.5672,48.0976]],[[-88.5661,48.0962],[-88.567,48.0962],[-88.5681,48.0949],[-88.5672,48.095],[-88.5661,48.0962]]]},{"type":"Polygon","coordinates":[[[-88.5708,48.0965],[-88.569,48.0965],[-88.5705,48.0959],[-88.5708,48.0965]]]},{"type":"Polygon","coordinates":[[[-88.6268,48.0974],[-88.6278,48.0974],[-88.6269,48.0976],[-88.6268,48.0974]]]},{"type":"Polygon","coordinates":[[[-88.5625,48.101],[-88.5623,48.0999],[-88.564,48.1],[-88.5625,48.101]]]},{"type":"Polygon","coordinates":[[[-88.6138,48.1007],[-88.6138,48.1002],[-88.6144,48.1003],[-88.6138,48.1007]]]},{"type":"Polygon","coordinates":[[[-88.556,48.1041],[-88.5507,48.1035],[-88.5515,48.102],[-88.5604,48.0987],[-88.5628,48.0989],[-88.5572,48.1018],[-88.556,48.1041]],[[-88.5545,48.1026],[-88.5535,48.1023],[-88.5526,48.1032],[-88.5531,48.1035],[-88.5545,48.1026]],[[-88.5552,48.1016],[-88.554,48.1018],[-88.555,48.1023],[-88.5552,48.1016]],[[-88.5557,48.1015],[-88.5591,48.1003],[-88.5603,48.0995],[-88.5581,48.1],[-88.5557,48.1015]]]},{"type":"Polygon","coordinates":[[[-88.6151,48.1038],[-88.6133,48.1038],[-88.6136,48.1031],[-88.6151,48.1038]]]},{"type":"Polygon","coordinates":[[[-88.5494,48.1065],[-88.5476,48.1072],[-88.5441,48.1061],[-88.5507,48.1043],[-88.5485,48.1057],[-88.5494,48.1065]]]},{"type":"Polygon","coordinates":[[[-88.6068,48.108],[-88.6073,48.1073],[-88.6081,48.1079],[-88.6068,48.108]]]},{"type":"Polygon","coordinates":[[[-88.6054,48.1089],[-88.6035,48.1097],[-88.6031,48.1094],[-88.6054,48.1089]]]},{"type":"Polygon","coordinates":[[[-88.5292,48.1151],[-88.5294,48.1144],[-88.5277,48.115],[-88.5265,48.116],[-88.5303,48.1154],[-88.5313,48.1163],[-88.5281,48.117],[-88.525,48.1158],[-88.5373,48.1091],[-88.5403,48.1088],[-88.5422,48.1065],[-88.5452,48.1069],[-88.5451,48.1081],[-88.5433,48.1081],[-88.5451,48.109],[-88.5361,48.1123],[-88.5359,48.1134],[-88.5292,48.1151]],[[-88.5423,48.1097],[-88.5399,48.1095],[-88.5391,48.1098],[-88.5407,48.1103],[-88.5423,48.1097]],[[-88.5321,48.114],[-88.5306,48.1145],[-88.5322,48.1141],[-88.5321,48.114]]]},{"type":"Polygon","coordinates":[[[-88.6166,48.1137],[-88.6221,48.1118],[-88.6192,48.1136],[-88.6166,48.1137]]]},{"type":"Polygon","coordinates":[[[-88.6128,48.1175],[-88.6137,48.117],[-88.6152,48.1166],[-88.6144,48.1172],[-88.6128,48.1175]]]},{"type":"Polygon","coordinates":[[[-88.552,48.1196],[-88.5402,48.1249],[-88.5384,48.1243],[-88.5475,48.12],[-88.552,48.1196]]]},{"type":"Polygon","coordinates":[[[-88.5915,48.1247],[-88.5961,48.1225],[-88.5968,48.1228],[-88.5938,48.1244],[-88.5915,48.1247]]]},{"type":"Polygon","coordinates":[[[-88.6003,48.1299],[-88.6074,48.127],[-88.6105,48.1256],[-88.6118,48.1253],[-88.6122,48.1254],[-88.6003,48.1299]]]},{"type":"Polygon","coordinates":[[[-88.6441,48.1194],[-88.6643,48.114],[-88.6628,48.1126],[-88.6694,48.1126],[-88.6693,48.1114],[-88.6727,48.1108],[-88.6762,48.1112],[-88.6737,48.1122],[-88.6706,48.112],[-88.6697,48.1126],[-88.6853,48.1119],[-88.6807,48.1156],[-88.6844,48.1151],[-88.6838,48.1165],[-88.677,48.1167],[-88.6731,48.1185],[-88.6691,48.1175],[-88.6637,48.1186],[-88.6653,48.1189],[-88.6646,48.1197],[-88.6692,48.1194],[-88.6708,48.1206],[-88.6756,48.1209],[-88.6523,48.1242],[-88.662,48.1214],[-88.6573,48.1203],[-88.6455,48.1238],[-88.6382,48.1278],[-88.6319,48.13],[-88.6308,48.1302],[-88.6297,48.13],[-88.6369,48.1264],[-88.6344,48.1267],[-88.626,48.1309],[-88.6266,48.1326],[-88.6195,48.1342],[-88.619,48.1351],[-88.6212,48.1348],[-88.6198,48.1354],[-88.6084,48.1367],[-88.5972,48.1418],[-88.5956,48.1417],[-88.5967,48.141],[-88.5901,48.1424],[-88.5894,48.1421],[-88.5774,48.1464],[-88.5647,48.1487],[-88.5623,48.1486],[-88.5636,48.1473],[-88.5604,48.1481],[-88.5703,48.1446],[-88.5621,48.1462],[-88.5648,48.1452],[-88.578,48.1414],[-88.5818,48.1417],[-88.5955,48.1385],[-88.6186,48.1304],[-88.615,48.1331],[-88.6155,48.1333],[-88.6187,48.1304],[-88.6351,48.1226],[-88.6427,48.1208],[-88.6334,48.1251],[-88.6351,48.1253],[-88.6343,48.1265],[-88.6437,48.1228],[-88.6447,48.1211],[-88.6425,48.121],[-88.6429,48.1208],[-88.6426,48.1204],[-88.6441,48.1194]],[[-88.6676,48.1135],[-88.6692,48.1138],[-88.6707,48.1134],[-88.6676,48.1135]],[[-88.6614,48.1164],[-88.6513,48.1184],[-88.6425,48.1247],[-88.6493,48.1218],[-88.6514,48.1202],[-88.6502,48.1198],[-88.6512,48.1187],[-88.6519,48.1193],[-88.6614,48.1164]],[[-88.6242,48.1305],[-88.6321,48.1271],[-88.6228,48.1308],[-88.6242,48.1305]],[[-88.6103,48.1354],[-88.6116,48.136],[-88.6156,48.1341],[-88.6138,48.134],[-88.6103,48.1354]],[[-88.578,48.1438],[-88.5694,48.1456],[-88.5733,48.1452],[-88.578,48.1438]],[[-88.5757,48.1438],[-88.5717,48.144],[-88.5716,48.1445],[-88.5757,48.1438]],[[-88.676,48.1152],[-88.6774,48.116],[-88.6786,48.1153],[-88.6771,48.115],[-88.676,48.1152]],[[-88.6766,48.1138],[-88.679,48.1141],[-88.6804,48.113],[-88.6795,48.1128],[-88.6766,48.1138]],[[-88.6756,48.1147],[-88.6701,48.1151],[-88.6758,48.1149],[-88.6756,48.1147]],[[-88.6728,48.1157],[-88.668,48.1156],[-88.6676,48.116],[-88.6728,48.1157]],[[-88.6665,48.1156],[-88.6689,48.1149],[-88.6689,48.1148],[-88.6691,48.1145],[-88.6694,48.1144],[-88.6691,48.114],[-88.6649,48.1147],[-88.667,48.1146],[-88.6665,48.1156]],[[-88.6681,48.1167],[-88.6699,48.1167],[-88.67,48.1165],[-88.6681,48.1167]],[[-88.668,48.1198],[-88.6645,48.1202],[-88.664,48.1206],[-88.668,48.1198]],[[-88.6305,48.1256],[-88.6322,48.1251],[-88.6328,48.1244],[-88.6305,48.1256]],[[-88.5924,48.1414],[-88.5922,48.1408],[-88.5898,48.1419],[-88.5924,48.1414]],[[-88.5822,48.1432],[-88.5822,48.1433],[-88.5823,48.1433],[-88.5822,48.1432]],[[-88.6799,48.1139],[-88.6808,48.1137],[-88.682,48.1132],[-88.6799,48.1139]],[[-88.665,48.1174],[-88.667,48.1173],[-88.6675,48.1169],[-88.667,48.1167],[-88.665,48.1174]]]},{"type":"Polygon","coordinates":[[[-88.5984,48.1305],[-88.5979,48.1309],[-88.5973,48.1309],[-88.5984,48.1305]]]},{"type":"Polygon","coordinates":[[[-88.5716,48.1333],[-88.5677,48.1335],[-88.5752,48.132],[-88.5716,48.1333]]]},{"type":"Polygon","coordinates":[[[-88.5603,48.1349],[-88.5654,48.1336],[-88.5596,48.1354],[-88.5603,48.1349]]]},{"type":"Polygon","coordinates":[[[-88.5809,48.1348],[-88.5782,48.1356],[-88.5771,48.1357],[-88.5809,48.1348]]]},{"type":"Polygon","coordinates":[[[-88.5757,48.1371],[-88.577,48.1368],[-88.5766,48.137],[-88.5757,48.1371]]]},{"type":"Polygon","coordinates":[[[-88.6907,48.0965],[-88.6961,48.0953],[-88.6913,48.0946],[-88.6939,48.0925],[-88.6973,48.0908],[-88.6986,48.0915],[-88.704,48.0895],[-88.7003,48.0947],[-88.694,48.0987],[-88.6918,48.1029],[-88.6853,48.1069],[-88.6895,48.106],[-88.6862,48.1075],[-88.6847,48.1098],[-88.6789,48.1106],[-88.684,48.1081],[-88.6808,48.1084],[-88.6809,48.1068],[-88.6795,48.1063],[-88.677,48.1078],[-88.6687,48.1075],[-88.6682,48.1087],[-88.6651,48.1095],[-88.659,48.1099],[-88.6581,48.1106],[-88.6659,48.1102],[-88.6644,48.1118],[-88.6583,48.1132],[-88.6577,48.1121],[-88.654,48.1143],[-88.6609,48.1128],[-88.6621,48.1133],[-88.6609,48.1146],[-88.6554,48.1147],[-88.641,48.1193],[-88.6161,48.13],[-88.6161,48.131],[-88.6122,48.1313],[-88.596,48.1378],[-88.5677,48.1434],[-88.5652,48.1432],[-88.5597,48.1444],[-88.5581,48.1437],[-88.5569,48.1457],[-88.5478,48.1506],[-88.5585,48.1503],[-88.5562,48.1521],[-88.5254,48.1656],[-88.5272,48.1622],[-88.5398,48.1576],[-88.5474,48.1537],[-88.5286,48.1606],[-88.5305,48.1584],[-88.5357,48.1567],[-88.5421,48.1534],[-88.5316,48.1578],[-88.5273,48.1578],[-88.5387,48.1531],[-88.544,48.1496],[-88.5507,48.1478],[-88.5547,48.1443],[-88.5471,48.147],[-88.5355,48.1528],[-88.525,48.1569],[-88.5225,48.1572],[-88.5315,48.1531],[-88.5183,48.1583],[-88.526,48.154],[-88.5248,48.1533],[-88.5164,48.1567],[-88.5122,48.1601],[-88.5108,48.1596],[-88.4966,48.1703],[-88.4936,48.1714],[-88.4828,48.1768],[-88.4859,48.1762],[-88.5009,48.1682],[-88.4974,48.171],[-88.497,48.1728],[-88.4865,48.1782],[-88.4818,48.1793],[-88.4868,48.1769],[-88.4755,48.1804],[-88.4819,48.1775],[-88.4771,48.1778],[-88.4589,48.1846],[-88.4877,48.1704],[-88.4894,48.1705],[-88.5024,48.1631],[-88.5029,48.1615],[-88.5444,48.1424],[-88.5658,48.134],[-88.5704,48.1342],[-88.5673,48.1361],[-88.5732,48.135],[-88.5707,48.1341],[-88.5984,48.1247],[-88.6301,48.1107],[-88.6267,48.1111],[-88.617,48.1161],[-88.6126,48.1169],[-88.6152,48.1157],[-88.6148,48.1151],[-88.6108,48.1168],[-88.6138,48.1151],[-88.6178,48.1146],[-88.6292,48.1097],[-88.6235,48.1111],[-88.6218,48.1097],[-88.6278,48.1063],[-88.6358,48.1031],[-88.6368,48.1031],[-88.6351,48.1043],[-88.6359,48.1053],[-88.6374,48.1041],[-88.6402,48.104],[-88.6462,48.1022],[-88.6515,48.1016],[-88.6475,48.1039],[-88.6429,48.1054],[-88.6427,48.1057],[-88.6413,48.1061],[-88.6393,48.1072],[-88.64,48.1071],[-88.659,48.0996],[-88.6598,48.0989],[-88.6533,48.1011],[-88.6505,48.1005],[-88.6613,48.097],[-88.6635,48.0956],[-88.6568,48.0977],[-88.6649,48.0936],[-88.6549,48.0957],[-88.6565,48.0946],[-88.6639,48.0932],[-88.667,48.0917],[-88.6648,48.0932],[-88.6669,48.093],[-88.667,48.0939],[-88.6701,48.0924],[-88.6682,48.0928],[-88.6683,48.0918],[-88.6733,48.0903],[-88.6734,48.0914],[-88.666,48.0954],[-88.6749,48.0919],[-88.6793,48.0925],[-88.6819,48.0945],[-88.6913,48.0954],[-88.6792,48.1017],[-88.6725,48.1037],[-88.6717,48.1025],[-88.6683,48.1039],[-88.6692,48.1045],[-88.6678,48.1054],[-88.6679,48.1072],[-88.6689,48.1055],[-88.6768,48.1036],[-88.6907,48.0965]],[[-88.6859,48.0995],[-88.6907,48.0978],[-88.6909,48.0976],[-88.6859,48.0995]],[[-88.692,48.0985],[-88.6726,48.1066],[-88.677,48.1059],[-88.6862,48.1028],[-88.697,48.0957],[-88.6932,48.0965],[-88.6889,48.099],[-88.692,48.0985]],[[-88.6626,48.1084],[-88.662,48.1092],[-88.6631,48.109],[-88.6626,48.1084]],[[-88.6453,48.1147],[-88.6571,48.1119],[-88.6512,48.1123],[-88.652,48.1126],[-88.6482,48.1134],[-88.6453,48.1147]],[[-88.6513,48.1151],[-88.6299,48.12],[-88.6254,48.1224],[-88.6393,48.1179],[-88.6392,48.1186],[-88.6401,48.119],[-88.6449,48.1166],[-88.6426,48.1185],[-88.6513,48.1151]],[[-88.6487,48.1021],[-88.6396,48.1054],[-88.6399,48.1055],[-88.6487,48.1021]],[[-88.622,48.1163],[-88.6169,48.1182],[-88.6142,48.1199],[-88.6179,48.119],[-88.6147,48.1206],[-88.6165,48.1206],[-88.6161,48.1214],[-88.6079,48.1246],[-88.6084,48.1232],[-88.6131,48.121],[-88.6109,48.1217],[-88.6076,48.1232],[-88.6078,48.1241],[-88.6032,48.1272],[-88.5984,48.1275],[-88.6015,48.1265],[-88.6026,48.1252],[-88.5744,48.134],[-88.5787,48.1331],[-88.5791,48.1339],[-88.5813,48.1336],[-88.5807,48.1344],[-88.5671,48.1378],[-88.5742,48.137],[-88.5717,48.1377],[-88.572,48.1382],[-88.5829,48.1356],[-88.5839,48.1345],[-88.5821,48.1344],[-88.5914,48.1313],[-88.5845,48.1335],[-88.5793,48.1335],[-88.597,48.1281],[-88.598,48.1284],[-88.5954,48.1296],[-88.5951,48.13],[-88.6022,48.128],[-88.59,48.1339],[-88.5972,48.1315],[-88.5952,48.133],[-88.5805,48.1371],[-88.5976,48.1326],[-88.5983,48.1333],[-88.5958,48.1347],[-88.6032,48.1327],[-88.6033,48.1317],[-88.5987,48.1334],[-88.5982,48.1324],[-88.6057,48.1301],[-88.6056,48.1296],[-88.5998,48.1317],[-88.5973,48.1316],[-88.6098,48.127],[-88.6045,48.1295],[-88.6072,48.1294],[-88.6283,48.1199],[-88.6125,48.1262],[-88.6111,48.1262],[-88.6175,48.1235],[-88.6065,48.1264],[-88.6194,48.1216],[-88.6171,48.1221],[-88.6202,48.1197],[-88.618,48.1198],[-88.6206,48.1183],[-88.6178,48.1182],[-88.622,48.1163]],[[-88.6237,48.116],[-88.6236,48.1161],[-88.6237,48.1161],[-88.6237,48.116]],[[-88.6078,48.1206],[-88.6074,48.1213],[-88.6084,48.1207],[-88.6078,48.1206]],[[-88.5676,48.1393],[-88.5629,48.1383],[-88.5622,48.1392],[-88.5639,48.1389],[-88.5643,48.1391],[-88.5593,48.1409],[-88.5528,48.14],[-88.5424,48.1453],[-88.5471,48.1442],[-88.5418,48.1463],[-88.5345,48.1514],[-88.5426,48.1487],[-88.5419,48.1482],[-88.5434,48.1466],[-88.5486,48.1441],[-88.5539,48.1425],[-88.5524,48.1436],[-88.5536,48.1442],[-88.5551,48.1418],[-88.5676,48.1393]],[[-88.5581,48.1423],[-88.5561,48.1433],[-88.5614,48.1416],[-88.5581,48.1423]],[[-88.5199,48.1539],[-88.5256,48.152],[-88.5261,48.1512],[-88.5199,48.1539]],[[-88.6537,48.111],[-88.662,48.1083],[-88.6535,48.1103],[-88.6516,48.1097],[-88.661,48.1051],[-88.6638,48.1048],[-88.6676,48.1033],[-88.6686,48.1024],[-88.6701,48.1018],[-88.6725,48.1018],[-88.6697,48.1017],[-88.6568,48.1067],[-88.6514,48.1066],[-88.662,48.1039],[-88.6671,48.1012],[-88.6657,48.101],[-88.6548,48.1053],[-88.6477,48.1067],[-88.6457,48.1082],[-88.6489,48.1083],[-88.6472,48.1092],[-88.6418,48.1093],[-88.6407,48.1098],[-88.6434,48.1099],[-88.6414,48.1114],[-88.6413,48.1121],[-88.6411,48.1123],[-88.6407,48.1126],[-88.6368,48.1136],[-88.6376,48.1124],[-88.6316,48.1164],[-88.6273,48.1171],[-88.6279,48.1162],[-88.6227,48.1183],[-88.6205,48.1196],[-88.6284,48.1172],[-88.6195,48.1219],[-88.6307,48.1166],[-88.6328,48.1167],[-88.6326,48.1176],[-88.6374,48.1147],[-88.6428,48.1133],[-88.6317,48.1183],[-88.6386,48.1166],[-88.6443,48.1141],[-88.6443,48.114],[-88.6445,48.1138],[-88.6457,48.1131],[-88.6487,48.1122],[-88.645,48.112],[-88.6492,48.1106],[-88.6517,48.11],[-88.6518,48.1111],[-88.6537,48.111]],[[-88.58514,48.13454],[-88.5866,48.1345],[-88.589,48.1335],[-88.58514,48.13454]],[[-88.69,48.103],[-88.6899,48.1031],[-88.6903,48.103],[-88.69,48.103]],[[-88.5787,48.138],[-88.5631,48.142],[-88.5605,48.1433],[-88.575,48.1394],[-88.5821,48.139],[-88.5932,48.1356],[-88.5891,48.1356],[-88.5819,48.1386],[-88.5787,48.138]],[[-88.6799,48.096],[-88.6799,48.0958],[-88.6781,48.0966],[-88.6799,48.096]],[[-88.6714,48.0997],[-88.6758,48.0981],[-88.6759,48.0978],[-88.6743,48.0964],[-88.6738,48.0982],[-88.6714,48.0997]],[[-88.6721,48.097],[-88.6714,48.0956],[-88.6703,48.0977],[-88.6721,48.097]],[[-88.6608,48.1006],[-88.6598,48.1019],[-88.6629,48.1007],[-88.6608,48.1006]],[[-88.6712,48.1064],[-88.6738,48.1053],[-88.6713,48.106],[-88.6712,48.1064]],[[-88.6335,48.1089],[-88.6385,48.1069],[-88.6374,48.1057],[-88.6366,48.1059],[-88.6377,48.107],[-88.6357,48.1078],[-88.6336,48.1079],[-88.6359,48.1063],[-88.6314,48.1071],[-88.6324,48.108],[-88.6307,48.1092],[-88.6328,48.1079],[-88.6335,48.1089]],[[-88.6215,48.1162],[-88.6316,48.1133],[-88.6276,48.1157],[-88.6291,48.1156],[-88.6353,48.1113],[-88.6301,48.1124],[-88.6215,48.1162]],[[-88.6247,48.117],[-88.6237,48.1167],[-88.6222,48.1173],[-88.6247,48.117]],[[-88.6056,48.1304],[-88.624,48.1251],[-88.6218,48.125],[-88.6244,48.123],[-88.6056,48.1304]],[[-88.608,48.1307],[-88.608,48.1306],[-88.6079,48.1305],[-88.608,48.1307]],[[-88.6015,48.1346],[-88.6026,48.1345],[-88.6051,48.1335],[-88.6036,48.1331],[-88.6015,48.1346]],[[-88.6077,48.1219],[-88.6061,48.1227],[-88.608,48.122],[-88.6077,48.1219]],[[-88.5462,48.1556],[-88.5446,48.156],[-88.543,48.157],[-88.5462,48.1556]],[[-88.5566,48.1418],[-88.5567,48.1418],[-88.5568,48.1417],[-88.5566,48.1418]],[[-88.5372,48.147],[-88.5312,48.1495],[-88.5308,48.15],[-88.5372,48.147]],[[-88.5342,48.1491],[-88.5363,48.1488],[-88.5392,48.1472],[-88.537,48.1483],[-88.5342,48.1491]],[[-88.5341,48.1492],[-88.5267,48.1523],[-88.5263,48.1528],[-88.53,48.1516],[-88.5341,48.1492]],[[-88.536,48.1517],[-88.5301,48.1545],[-88.5369,48.1518],[-88.536,48.1517]],[[-88.4889,48.1761],[-88.4872,48.1769],[-88.4895,48.1762],[-88.4889,48.1761]],[[-88.6284,48.1084],[-88.6256,48.1096],[-88.6296,48.1082],[-88.6284,48.1084]],[[-88.6349,48.109],[-88.6316,48.1099],[-88.6313,48.1103],[-88.6349,48.109]],[[-88.6831,48.0989],[-88.6802,48.1],[-88.6792,48.1005],[-88.6825,48.0995],[-88.6831,48.0989]],[[-88.6722,48.1025],[-88.6743,48.1027],[-88.6758,48.1016],[-88.6748,48.1015],[-88.6722,48.1025]],[[-88.6531,48.1047],[-88.6524,48.1042],[-88.6523,48.1048],[-88.6531,48.1047]],[[-88.6511,48.1045],[-88.6506,48.1053],[-88.6515,48.1049],[-88.6511,48.1045]],[[-88.6595,48.1077],[-88.6643,48.106],[-88.6574,48.1078],[-88.6595,48.1077]],[[-88.6462,48.1055],[-88.6452,48.1061],[-88.6431,48.1063],[-88.6461,48.1068],[-88.6462,48.1055]],[[-88.6282,48.1193],[-88.6308,48.1188],[-88.6295,48.1187],[-88.6282,48.1193]],[[-88.56,48.1376],[-88.5616,48.1378],[-88.5647,48.1368],[-88.56,48.1376]],[[-88.6688,48.0979],[-88.6681,48.098],[-88.6682,48.0989],[-88.6688,48.0979]],[[-88.641,48.1086],[-88.6395,48.1085],[-88.6305,48.1121],[-88.6318,48.112],[-88.6397,48.1088],[-88.641,48.1086]],[[-88.5807,48.1318],[-88.5786,48.132],[-88.5782,48.1323],[-88.5807,48.1318]],[[-88.5736,48.1338],[-88.5726,48.1335],[-88.5722,48.1338],[-88.5736,48.1338]],[[-88.6043,48.1223],[-88.6035,48.1228],[-88.6046,48.1223],[-88.6043,48.1223]],[[-88.5985,48.1343],[-88.5962,48.1363],[-88.5998,48.1349],[-88.5981,48.135],[-88.5985,48.1343]]]},{"type":"Polygon","coordinates":[[[-88.6219,48.138],[-88.6206,48.1379],[-88.6228,48.1373],[-88.6219,48.138]]]},{"type":"Polygon","coordinates":[[[-88.6184,48.1381],[-88.6179,48.138],[-88.6191,48.1377],[-88.6184,48.1381]]]},{"type":"Polygon","coordinates":[[[-88.6228,48.1404],[-88.6187,48.1416],[-88.6229,48.1401],[-88.6228,48.1404]]]},{"type":"Polygon","coordinates":[[[-88.5544,48.1409],[-88.5526,48.1417],[-88.5509,48.1419],[-88.553,48.141],[-88.5544,48.1409]]]},{"type":"Polygon","coordinates":[[[-88.6133,48.1393],[-88.6118,48.1413],[-88.6059,48.1434],[-88.5967,48.1441],[-88.6133,48.1393]]]},{"type":"Polygon","coordinates":[[[-88.5533,48.1434],[-88.5536,48.1436],[-88.5532,48.1435],[-88.5533,48.1434]]]},{"type":"Polygon","coordinates":[[[-88.5652,48.1438],[-88.5637,48.144],[-88.5657,48.1435],[-88.5652,48.1438]]]},{"type":"Polygon","coordinates":[[[-88.6056,48.1456],[-88.6187,48.1417],[-88.6047,48.1463],[-88.6056,48.1456]]]},{"type":"Polygon","coordinates":[[[-88.5668,48.1443],[-88.5658,48.1448],[-88.5653,48.1447],[-88.5668,48.1443]]]},{"type":"Polygon","coordinates":[[[-88.5988,48.1448],[-88.5969,48.1453],[-88.5961,48.1453],[-88.5988,48.1448]]]},{"type":"Polygon","coordinates":[[[-88.5904,48.1453],[-88.5932,48.1449],[-88.5901,48.1456],[-88.5904,48.1453]]]},{"type":"Polygon","coordinates":[[[-88.5739,48.1485],[-88.5883,48.1457],[-88.5887,48.1458],[-88.5739,48.1485]]]},{"type":"Polygon","coordinates":[[[-88.657,48.1359],[-88.6521,48.138],[-88.6631,48.1346],[-88.6645,48.1349],[-88.6283,48.1484],[-88.6227,48.151],[-88.6576,48.1384],[-88.6213,48.1529],[-88.6079,48.1573],[-88.6039,48.1572],[-88.5985,48.1583],[-88.59,48.1608],[-88.5892,48.1605],[-88.5915,48.16],[-88.5902,48.1599],[-88.5893,48.1602],[-88.5889,48.1601],[-88.604,48.1565],[-88.5898,48.1587],[-88.6095,48.1525],[-88.6147,48.1518],[-88.6129,48.1519],[-88.6285,48.1463],[-88.6379,48.1438],[-88.6475,48.1397],[-88.6437,48.1411],[-88.6434,48.141],[-88.643,48.1413],[-88.6423,48.1414],[-88.6421,48.1413],[-88.6428,48.141],[-88.6482,48.139],[-88.647,48.1402],[-88.65,48.1392],[-88.6488,48.1388],[-88.6559,48.1358],[-88.657,48.1359]],[[-88.6275,48.1474],[-88.6303,48.1463],[-88.6279,48.1469],[-88.6275,48.1474]],[[-88.6272,48.1484],[-88.6129,48.1531],[-88.596,48.1569],[-88.6128,48.1534],[-88.6272,48.1484]],[[-88.6218,48.1496],[-88.6251,48.1487],[-88.6259,48.1481],[-88.6218,48.1496]],[[-88.6091,48.1553],[-88.6212,48.1516],[-88.6092,48.1549],[-88.6091,48.1553]],[[-88.6588,48.1367],[-88.6611,48.1355],[-88.6593,48.1362],[-88.6588,48.1367]],[[-88.6133,48.1525],[-88.6154,48.1518],[-88.6128,48.1524],[-88.6126,48.1526],[-88.6125,48.1526],[-88.6123,48.1527],[-88.6117,48.1528],[-88.6117,48.1529],[-88.6126,48.1528],[-88.6129,48.1527],[-88.6131,48.1526],[-88.6132,48.1526],[-88.6133,48.1525]]]},{"type":"Polygon","coordinates":[[[-88.5862,48.1477],[-88.5828,48.1488],[-88.582,48.1484],[-88.5835,48.1477],[-88.5862,48.1477]]]},{"type":"Polygon","coordinates":[[[-88.6052,48.1473],[-88.6179,48.144],[-88.615,48.1458],[-88.6175,48.1453],[-88.6177,48.1455],[-88.6021,48.1511],[-88.5818,48.1538],[-88.5862,48.1527],[-88.5838,48.1522],[-88.5852,48.1516],[-88.5896,48.1517],[-88.5868,48.1521],[-88.5882,48.1524],[-88.5995,48.1501],[-88.6033,48.1492],[-88.6052,48.1473]],[[-88.6027,48.1498],[-88.61,48.1477],[-88.6033,48.1494],[-88.6027,48.1498]]]},{"type":"Polygon","coordinates":[[[-88.5689,48.1497],[-88.5715,48.1492],[-88.5708,48.1494],[-88.5689,48.1497]]]},{"type":"Polygon","coordinates":[[[-88.577,48.1491],[-88.5756,48.1498],[-88.574,48.1499],[-88.577,48.1491]]]},{"type":"Polygon","coordinates":[[[-88.5707,48.1503],[-88.5721,48.1497],[-88.5726,48.1497],[-88.5707,48.1503]]]},{"type":"Polygon","coordinates":[[[-88.5768,48.1515],[-88.5753,48.1518],[-88.5775,48.1508],[-88.5768,48.1515]]]},{"type":"Polygon","coordinates":[[[-88.5559,48.1565],[-88.5462,48.1601],[-88.5601,48.154],[-88.5559,48.1565]]]},{"type":"Polygon","coordinates":[[[-88.551,48.1571],[-88.5487,48.1578],[-88.5519,48.1565],[-88.551,48.1571]]]},{"type":"Polygon","coordinates":[[[-88.5656,48.1584],[-88.5668,48.1575],[-88.5674,48.1575],[-88.5656,48.1584]]]},{"type":"Polygon","coordinates":[[[-88.5615,48.16],[-88.556,48.1633],[-88.5514,48.1643],[-88.5615,48.16]]]},{"type":"Polygon","coordinates":[[[-88.5793,48.1616],[-88.5709,48.1656],[-88.5672,48.1661],[-88.5793,48.1616]]]},{"type":"Polygon","coordinates":[[[-88.5506,48.1646],[-88.551,48.1649],[-88.5503,48.1651],[-88.5506,48.1646]]]},{"type":"Polygon","coordinates":[[[-88.541,48.169],[-88.5406,48.1696],[-88.5399,48.1696],[-88.541,48.169]]]},{"type":"Polygon","coordinates":[[[-88.5525,48.1726],[-88.5483,48.1746],[-88.5475,48.1745],[-88.5514,48.1726],[-88.5521,48.1725],[-88.5525,48.1726]]]},{"type":"Polygon","coordinates":[[[-88.5317,48.1158],[-88.5321,48.1147],[-88.5348,48.1144],[-88.5342,48.1152],[-88.5317,48.1158]]]},{"type":"Polygon","coordinates":[[[-88.525,48.1181],[-88.5257,48.119],[-88.519,48.1201],[-88.522,48.1187],[-88.525,48.1181]]]},{"type":"Polygon","coordinates":[[[-88.5228,48.118],[-88.518,48.1202],[-88.5127,48.1219],[-88.5179,48.1186],[-88.5228,48.118]]]},{"type":"Polygon","coordinates":[[[-88.5173,48.1217],[-88.5161,48.1216],[-88.517,48.1211],[-88.5173,48.1217]]]},{"type":"Polygon","coordinates":[[[-88.511,48.1225],[-88.5101,48.1235],[-88.5091,48.1237],[-88.511,48.1225]]]},{"type":"Polygon","coordinates":[[[-88.51,48.1254],[-88.5153,48.1227],[-88.5125,48.1252],[-88.51,48.1254]]]},{"type":"Polygon","coordinates":[[[-88.5019,48.1274],[-88.5037,48.1263],[-88.5046,48.1262],[-88.5019,48.1274]]]},{"type":"Polygon","coordinates":[[[-88.5015,48.1292],[-88.5035,48.1285],[-88.5038,48.1286],[-88.5032,48.1295],[-88.5015,48.1292]]]},{"type":"Polygon","coordinates":[[[-88.4934,48.1316],[-88.4946,48.1309],[-88.495,48.131],[-88.4934,48.1316]]]},{"type":"Polygon","coordinates":[[[-88.5005,48.1306],[-88.4968,48.1332],[-88.4944,48.1337],[-88.498,48.131],[-88.5005,48.1306]]]},{"type":"Polygon","coordinates":[[[-88.491,48.1344],[-88.4946,48.1339],[-88.4882,48.1373],[-88.483,48.1388],[-88.491,48.1344]],[[-88.4903,48.1356],[-88.4874,48.137],[-88.4901,48.136],[-88.4903,48.1356]]]},{"type":"Polygon","coordinates":[[[-88.5135,48.138],[-88.5075,48.1397],[-88.5148,48.1368],[-88.5135,48.138]]]},{"type":"Polygon","coordinates":[[[-88.5029,48.1418],[-88.5046,48.1415],[-88.5028,48.1421],[-88.5029,48.1418]]]},{"type":"Polygon","coordinates":[[[-88.4678,48.1443],[-88.4758,48.1404],[-88.4795,48.1399],[-88.4727,48.1435],[-88.4678,48.1443]],[[-88.4739,48.1421],[-88.4757,48.1418],[-88.4765,48.141],[-88.4739,48.1421]]]},{"type":"Polygon","coordinates":[[[-88.5479,48.1404],[-88.5343,48.1458],[-88.537,48.144],[-88.533,48.1466],[-88.5286,48.1471],[-88.5206,48.1501],[-88.5414,48.14],[-88.5499,48.1381],[-88.5467,48.1397],[-88.549,48.1395],[-88.5479,48.1404]],[[-88.542,48.142],[-88.5407,48.1423],[-88.54,48.1428],[-88.542,48.142]]]},{"type":"Polygon","coordinates":[[[-88.4619,48.1475],[-88.4661,48.1449],[-88.4672,48.1449],[-88.4639,48.1469],[-88.4619,48.1475]]]},{"type":"Polygon","coordinates":[[[-88.4989,48.1469],[-88.4967,48.148],[-88.4957,48.1479],[-88.4986,48.1466],[-88.4989,48.1469]]]},{"type":"Polygon","coordinates":[[[-88.4879,48.1478],[-88.4887,48.1474],[-88.4891,48.1474],[-88.4879,48.1478]]]},{"type":"Polygon","coordinates":[[[-88.4602,48.1483],[-88.461,48.1479],[-88.4612,48.1479],[-88.4612,48.1482],[-88.4602,48.1483]]]},{"type":"Polygon","coordinates":[[[-88.5211,48.1509],[-88.5226,48.1498],[-88.532,48.147],[-88.5246,48.1503],[-88.5211,48.1509]]]},{"type":"Polygon","coordinates":[[[-88.5248,48.1504],[-88.5295,48.1483],[-88.5302,48.1485],[-88.5248,48.1504]]]},{"type":"Polygon","coordinates":[[[-88.4837,48.1496],[-88.4831,48.1504],[-88.4825,48.1503],[-88.4828,48.1499],[-88.4837,48.1496]]]},{"type":"Polygon","coordinates":[[[-88.4539,48.1519],[-88.4547,48.1511],[-88.4552,48.1511],[-88.4539,48.1519]]]},{"type":"Polygon","coordinates":[[[-88.515,48.153],[-88.5137,48.1534],[-88.5152,48.1526],[-88.515,48.153]]]},{"type":"Polygon","coordinates":[[[-88.5136,48.1553],[-88.5137,48.1548],[-88.5141,48.1549],[-88.5136,48.1553]]]},{"type":"Polygon","coordinates":[[[-88.4731,48.1547],[-88.4713,48.1555],[-88.4702,48.1561],[-88.4722,48.1548],[-88.4731,48.1547]]]},{"type":"Polygon","coordinates":[[[-88.4469,48.1555],[-88.446,48.1557],[-88.4471,48.1552],[-88.4469,48.1555]]]},{"type":"Polygon","coordinates":[[[-88.477,48.1557],[-88.4753,48.1567],[-88.4749,48.1567],[-88.477,48.1557]]]},{"type":"Polygon","coordinates":[[[-88.5155,48.1536],[-88.5057,48.1586],[-88.5013,48.1599],[-88.5103,48.155],[-88.5155,48.1536]]]},{"type":"Polygon","coordinates":[[[-88.4736,48.1577],[-88.4712,48.1584],[-88.4743,48.1572],[-88.4736,48.1577]]]},{"type":"Polygon","coordinates":[[[-88.4696,48.1599],[-88.4724,48.1584],[-88.4739,48.1584],[-88.4716,48.1598],[-88.4696,48.1599]]]},{"type":"Polygon","coordinates":[[[-88.5196,48.1591],[-88.517,48.1606],[-88.5166,48.1606],[-88.5196,48.1591]]]},{"type":"Polygon","coordinates":[[[-88.4706,48.16],[-88.4704,48.1609],[-88.4692,48.1609],[-88.4706,48.16]]]},{"type":"Polygon","coordinates":[[[-88.5204,48.1612],[-88.5215,48.1604],[-88.5228,48.16],[-88.5204,48.1612]]]},{"type":"Polygon","coordinates":[[[-88.4622,48.1605],[-88.4594,48.1616],[-88.4609,48.1604],[-88.4622,48.1605]]]},{"type":"Polygon","coordinates":[[[-88.4966,48.164],[-88.5044,48.1595],[-88.501,48.1626],[-88.4966,48.164]]]},{"type":"Polygon","coordinates":[[[-88.466,48.1626],[-88.4666,48.1615],[-88.4673,48.1614],[-88.466,48.1626]]]},{"type":"Polygon","coordinates":[[[-88.5157,48.1635],[-88.5183,48.1622],[-88.5201,48.1618],[-88.5157,48.1635]]]},{"type":"Polygon","coordinates":[[[-88.4636,48.1651],[-88.4745,48.1593],[-88.4617,48.1672],[-88.4636,48.1651]]]},{"type":"Polygon","coordinates":[[[-88.459,48.1626],[-88.4551,48.165],[-88.4541,48.1649],[-88.459,48.1626]]]},{"type":"Polygon","coordinates":[[[-88.4322,48.1637],[-88.4331,48.1637],[-88.4305,48.1651],[-88.4322,48.1637]]]},{"type":"Polygon","coordinates":[[[-88.4622,48.1642],[-88.4602,48.1655],[-88.4595,48.1655],[-88.461,48.1644],[-88.4622,48.1642]]]},{"type":"Polygon","coordinates":[[[-88.4508,48.1667],[-88.4527,48.1657],[-88.4537,48.1657],[-88.4508,48.1667]]]},{"type":"Polygon","coordinates":[[[-88.5047,48.1657],[-88.5024,48.167],[-88.5034,48.1661],[-88.5047,48.1657]]]},{"type":"Polygon","coordinates":[[[-88.457,48.1676],[-88.4587,48.166],[-88.4592,48.1661],[-88.458,48.1672],[-88.457,48.1676]]]},{"type":"Polygon","coordinates":[[[-88.4221,48.17],[-88.4266,48.1671],[-88.427,48.1671],[-88.4221,48.17]]]},{"type":"Polygon","coordinates":[[[-88.42,48.1708],[-88.4221,48.17],[-88.4198,48.1713],[-88.42,48.1708]]]},{"type":"Polygon","coordinates":[[[-88.4681,48.1776],[-88.4862,48.1678],[-88.4749,48.1725],[-88.4784,48.1703],[-88.4889,48.1665],[-88.4879,48.1684],[-88.4887,48.1683],[-88.4932,48.166],[-88.4828,48.1728],[-88.4681,48.1776]],[[-88.4793,48.1739],[-88.4791,48.174],[-88.4794,48.1739],[-88.4793,48.1739]]]},{"type":"Polygon","coordinates":[[[-88.4278,48.1754],[-88.4356,48.171],[-88.4396,48.17],[-88.4331,48.1744],[-88.4316,48.1745],[-88.4304,48.1752],[-88.4301,48.1751],[-88.4339,48.1729],[-88.4337,48.1727],[-88.4309,48.1744],[-88.4278,48.1754]]]},{"type":"Polygon","coordinates":[[[-88.4728,48.1733],[-88.4722,48.1739],[-88.472,48.1739],[-88.4728,48.1733]]]},{"type":"Polygon","coordinates":[[[-88.4423,48.1746],[-88.4455,48.1732],[-88.447,48.1739],[-88.4382,48.1789],[-88.4363,48.1791],[-88.4433,48.1753],[-88.4407,48.1754],[-88.4372,48.1782],[-88.4321,48.1797],[-88.4423,48.1746]]]},{"type":"Polygon","coordinates":[[[-88.4288,48.1759],[-88.4246,48.1779],[-88.4282,48.1758],[-88.4288,48.1759]]]},{"type":"Polygon","coordinates":[[[-88.4299,48.1804],[-88.4383,48.1757],[-88.4317,48.1799],[-88.4299,48.1804]]]},{"type":"Polygon","coordinates":[[[-88.4877,48.1784],[-88.4821,48.1801],[-88.4818,48.18],[-88.4856,48.179],[-88.4892,48.1771],[-88.4877,48.1784]]]},{"type":"Polygon","coordinates":[[[-88.4238,48.1785],[-88.4189,48.1803],[-88.4223,48.1786],[-88.4238,48.1785]]]},{"type":"Polygon","coordinates":[[[-88.4816,48.1799],[-88.4786,48.1808],[-88.4804,48.18],[-88.4811,48.1798],[-88.4816,48.1799]]]},{"type":"Polygon","coordinates":[[[-88.4767,48.1814],[-88.4785,48.1809],[-88.4766,48.1817],[-88.4767,48.1814]]]},{"type":"Polygon","coordinates":[[[-88.4348,48.1801],[-88.4303,48.1831],[-88.4295,48.1828],[-88.4348,48.1801]]]},{"type":"Polygon","coordinates":[[[-88.4274,48.1818],[-88.4262,48.1819],[-88.4276,48.1814],[-88.4274,48.1818]]]},{"type":"Polygon","coordinates":[[[-88.4286,48.1816],[-88.426,48.1836],[-88.4252,48.1838],[-88.4286,48.1816]]]},{"type":"Polygon","coordinates":[[[-88.4264,48.1849],[-88.4284,48.1834],[-88.4289,48.1834],[-88.4277,48.1849],[-88.4264,48.1849]]]},{"type":"Polygon","coordinates":[[[-88.3647,48.2269],[-88.3541,48.2343],[-88.3407,48.2385],[-88.3381,48.2383],[-88.3414,48.2349],[-88.3428,48.2351],[-88.3406,48.236],[-88.3433,48.2355],[-88.3446,48.2338],[-88.3473,48.2342],[-88.3533,48.2299],[-88.355,48.2303],[-88.3495,48.2343],[-88.3557,48.2314],[-88.3544,48.2333],[-88.3552,48.2332],[-88.3572,48.2316],[-88.3565,48.2312],[-88.3579,48.2315],[-88.3642,48.2264],[-88.3559,48.231],[-88.3557,48.2293],[-88.3631,48.2247],[-88.366,48.2242],[-88.3633,48.2262],[-88.3643,48.2259],[-88.3647,48.2269]]]}]},"properties":{"name":"Forest / woodland","overview_class":"Forest / woodland","source_class_count":19,"source_classes":"Aspen - birch - red maple forest | Aspen - birch / boreal conifer forest | Aspen - brich / sugar maple - mixed hardwoods forest | Balsam fir / Canada yew - devils club forest | Balsam fir / Canada yew woodland | Jack pine - black spruce /feathermoss forest | Maple - yellow birch - northern hardwoods forest | Paper birch / bush honeysuckle - fir forest | Red oak - sugar maple forest | Spruce - fir - aspen forest | Spruce - fir - aspen forest (open variant) | Spruce - fir / feathermoss forest | Spruce - fir and sugar maple - yellow birch mosaic | White cedar - balsam fir / leatherleaf / black crowberry krummholz | White cedar - boreal conifer mesic forest | White cedar - yellow birch forest | White pine - aspen - birch forest | White spruce woodland alliance | Yellow birch - (spruce) forest","description":"Broad visitor-facing class derived from the 2000 NPS vegetation inventory; not current vegetation conditions."}},{"type":"Feature","geometry":{"type":"GeometryCollection","geometries":[{"type":"LineString","coordinates":[[-89.1509,47.8593],[-89.1508,47.8593]]},{"type":"LineString","coordinates":[[-89.1723,47.8785],[-89.1723,47.8786]]},{"type":"LineString","coordinates":[[-89.1533,47.878],[-89.1534,47.878]]},{"type":"LineString","coordinates":[[-89.0958,47.8733],[-89.0957,47.8733]]},{"type":"LineString","coordinates":[[-89.0907,47.8741],[-89.0907,47.8742]]},{"type":"LineString","coordinates":[[-88.9931,47.8714],[-88.9932,47.8714]]},{"type":"LineString","coordinates":[[-88.981,47.8826],[-88.9811,47.8826]]},{"type":"LineString","coordinates":[[-88.758,48.0606],[-88.7581,48.0606]]},{"type":"LineString","coordinates":[[-88.6675,48.0168],[-88.6674,48.0168]]},{"type":"LineString","coordinates":[[-88.6326,48.0344],[-88.6325,48.0344]]},{"type":"LineString","coordinates":[[-88.6161,48.1227],[-88.6162,48.1227]]},{"type":"LineString","coordinates":[[-88.5765,48.1443],[-88.5766,48.1443]]},{"type":"LineString","coordinates":[[-88.5351,48.1479],[-88.535,48.1479]]},{"type":"LineString","coordinates":[[-88.535,48.1477],[-88.5349,48.1477]]},{"type":"Polygon","coordinates":[[[-89.1251,47.8328],[-89.1258,47.8316],[-89.1263,47.8317],[-89.1251,47.8328]]]},{"type":"Polygon","coordinates":[[[-89.1583,47.8356],[-89.1563,47.8354],[-89.1585,47.8345],[-89.1583,47.8356]]]},{"type":"Polygon","coordinates":[[[-89.1896,47.838],[-89.1904,47.8384],[-89.1906,47.839],[-89.1895,47.8391],[-89.1896,47.838]]]},{"type":"Polygon","coordinates":[[[-89.1946,47.8471],[-89.1921,47.8471],[-89.1908,47.8452],[-89.1941,47.8446],[-89.1954,47.8456],[-89.1946,47.8471]]]},{"type":"Polygon","coordinates":[[[-89.1328,47.8525],[-89.1372,47.8519],[-89.1381,47.8523],[-89.1328,47.8525]]]},{"type":"Polygon","coordinates":[[[-89.1538,47.8565],[-89.1518,47.8576],[-89.1491,47.8566],[-89.1528,47.8561],[-89.1538,47.8565]]]},{"type":"Polygon","coordinates":[[[-89.139,47.8587],[-89.1384,47.8577],[-89.1396,47.8581],[-89.139,47.8587]]]},{"type":"Polygon","coordinates":[[[-89.1461,47.8586],[-89.1473,47.8582],[-89.1475,47.8587],[-89.1461,47.8586]]]},{"type":"Polygon","coordinates":[[[-89.1493,47.858],[-89.1524,47.8581],[-89.1533,47.8587],[-89.1509,47.8593],[-89.1493,47.858]]]},{"type":"Polygon","coordinates":[[[-89.1977,47.8611],[-89.1957,47.8608],[-89.1956,47.8601],[-89.1973,47.8595],[-89.1977,47.8611]]]},{"type":"Polygon","coordinates":[[[-89.133,47.8594],[-89.143,47.8606],[-89.1437,47.8625],[-89.1381,47.8637],[-89.1389,47.8621],[-89.1417,47.8616],[-89.1386,47.8611],[-89.1378,47.8621],[-89.1358,47.8611],[-89.1345,47.8622],[-89.1353,47.8634],[-89.1303,47.862],[-89.133,47.8594]]]},{"type":"Polygon","coordinates":[[[-89.2226,47.8625],[-89.2237,47.8611],[-89.224,47.8608],[-89.2226,47.8625]]]},{"type":"Polygon","coordinates":[[[-89.1162,47.8614],[-89.1178,47.8612],[-89.1186,47.8615],[-89.1169,47.8622],[-89.1162,47.8614]]]},{"type":"Polygon","coordinates":[[[-89.1535,47.8625],[-89.1547,47.8613],[-89.1551,47.8616],[-89.1535,47.8625]]]},{"type":"Polygon","coordinates":[[[-89.1518,47.8619],[-89.1509,47.8622],[-89.1515,47.8615],[-89.1518,47.8619]]]},{"type":"Polygon","coordinates":[[[-89.1569,47.8614],[-89.1555,47.8629],[-89.1564,47.8611],[-89.1569,47.8614]]]},{"type":"Polygon","coordinates":[[[-89.1873,47.8634],[-89.1847,47.8633],[-89.1845,47.8631],[-89.1873,47.8634]]]},{"type":"Polygon","coordinates":[[[-89.2176,47.8642],[-89.2187,47.8633],[-89.2191,47.864],[-89.2176,47.8642]]]},{"type":"Polygon","coordinates":[[[-89.1599,47.8645],[-89.1583,47.864],[-89.1611,47.8631],[-89.1635,47.865],[-89.158,47.8665],[-89.1576,47.865],[-89.1599,47.8645]]]},{"type":"Polygon","coordinates":[[[-89.1849,47.8649],[-89.1836,47.8657],[-89.1834,47.8643],[-89.1849,47.8649]]]},{"type":"Polygon","coordinates":[[[-89.2044,47.8648],[-89.2033,47.8649],[-89.204,47.8647],[-89.2044,47.8648]]]},{"type":"Polygon","coordinates":[[[-89.1973,47.8667],[-89.1982,47.8658],[-89.1984,47.8666],[-89.1973,47.8667]]]},{"type":"Polygon","coordinates":[[[-89.1161,47.8654],[-89.1269,47.8681],[-89.1213,47.8682],[-89.1206,47.8686],[-89.1257,47.8692],[-89.115,47.8707],[-89.1161,47.872],[-89.1078,47.8766],[-89.1015,47.8768],[-89.1094,47.875],[-89.1046,47.8756],[-89.1,47.8732],[-89.0957,47.8737],[-89.1015,47.8728],[-89.1008,47.8724],[-89.1039,47.8697],[-89.1037,47.8679],[-89.1018,47.8674],[-89.1086,47.8656],[-89.1128,47.8652],[-89.1161,47.8654]],[[-89.1018,47.8728],[-89.1191,47.8687],[-89.1135,47.8681],[-89.1172,47.8664],[-89.1136,47.8656],[-89.108,47.8705],[-89.1018,47.8728]],[[-89.1079,47.8669],[-89.1051,47.8693],[-89.1052,47.8697],[-89.1082,47.8691],[-89.1116,47.8659],[-89.1079,47.8669]],[[-89.1135,47.8723],[-89.1144,47.8725],[-89.115,47.872],[-89.1147,47.8717],[-89.1135,47.8723]]]},{"type":"Polygon","coordinates":[[[-89.2485,47.8734],[-89.2473,47.8722],[-89.2489,47.8721],[-89.2485,47.8734]]]},{"type":"Polygon","coordinates":[[[-89.181,47.873],[-89.1794,47.8736],[-89.1788,47.872],[-89.1795,47.8718],[-89.181,47.873]]]},{"type":"Polygon","coordinates":[[[-89.1918,47.8734],[-89.1925,47.8724],[-89.1931,47.8726],[-89.1918,47.8734]]]},{"type":"Polygon","coordinates":[[[-89.1894,47.874],[-89.1879,47.8733],[-89.1894,47.8732],[-89.1894,47.874]]]},{"type":"Polygon","coordinates":[[[-89.2365,47.8759],[-89.2348,47.8748],[-89.2371,47.8756],[-89.2365,47.8759]]]},{"type":"Polygon","coordinates":[[[-89.1794,47.8739],[-89.1873,47.8741],[-89.1776,47.8781],[-89.1683,47.8783],[-89.1784,47.8767],[-89.183,47.8748],[-89.1794,47.8739]]]},{"type":"Polygon","coordinates":[[[-89.1944,47.8773],[-89.196,47.8763],[-89.1963,47.8768],[-89.196,47.8772],[-89.1944,47.8773]]]},{"type":"Polygon","coordinates":[[[-89.1464,47.8785],[-89.1531,47.8773],[-89.1533,47.878],[-89.1464,47.8785]]]},{"type":"Polygon","coordinates":[[[-89.129,47.8839],[-89.1342,47.8816],[-89.1355,47.8819],[-89.1306,47.8841],[-89.129,47.8839]]]},{"type":"Polygon","coordinates":[[[-89.192,47.8841],[-89.1911,47.8839],[-89.192,47.8839],[-89.192,47.8841]]]},{"type":"Polygon","coordinates":[[[-89.1113,47.8858],[-89.1125,47.8858],[-89.1157,47.8873],[-89.1126,47.887],[-89.1113,47.8858]]]},{"type":"Polygon","coordinates":[[[-89.179,47.8872],[-89.1795,47.8867],[-89.1792,47.8873],[-89.179,47.8872]]]},{"type":"Polygon","coordinates":[[[-89.1084,47.8875],[-89.1108,47.8871],[-89.113,47.8877],[-89.1084,47.8875]]]},{"type":"Polygon","coordinates":[[[-89.1995,47.8888],[-89.1976,47.8884],[-89.1974,47.8881],[-89.1986,47.8876],[-89.1995,47.8888]]]},{"type":"Polygon","coordinates":[[[-89.1171,47.8895],[-89.1159,47.8882],[-89.1164,47.8878],[-89.1218,47.8893],[-89.1242,47.8912],[-89.1171,47.8895]]]},{"type":"Polygon","coordinates":[[[-89.1738,47.89],[-89.1752,47.8895],[-89.1758,47.8902],[-89.1738,47.89]]]},{"type":"Polygon","coordinates":[[[-89.1759,47.8913],[-89.1741,47.8916],[-89.1732,47.8911],[-89.1759,47.8913]]]},{"type":"Polygon","coordinates":[[[-89.2006,47.8909],[-89.2019,47.8914],[-89.2001,47.8914],[-89.2006,47.8909]]]},{"type":"Polygon","coordinates":[[[-89.1538,47.9162],[-89.1549,47.9152],[-89.1551,47.9154],[-89.1538,47.9162]]]},{"type":"Polygon","coordinates":[[[-89.1799,47.9213],[-89.1898,47.9179],[-89.1908,47.918],[-89.1852,47.921],[-89.1799,47.9213]]]},{"type":"Polygon","coordinates":[[[-89.1657,47.9298],[-89.1702,47.9277],[-89.1713,47.9288],[-89.1671,47.9308],[-89.1657,47.9298]]]},{"type":"Polygon","coordinates":[[[-89.0694,47.8554],[-89.071,47.8559],[-89.0693,47.8555],[-89.0694,47.8554]]]},{"type":"Polygon","coordinates":[[[-89.0424,47.8598],[-89.0408,47.8596],[-89.043,47.859],[-89.0424,47.8598]]]},{"type":"Polygon","coordinates":[[[-89.0947,47.8657],[-89.0929,47.8665],[-89.0952,47.8675],[-89.0915,47.8678],[-89.0924,47.8663],[-89.0947,47.8657]]]},{"type":"Polygon","coordinates":[[[-89.0397,47.869],[-89.0429,47.8679],[-89.0396,47.8694],[-89.0397,47.869]]]},{"type":"Polygon","coordinates":[[[-89.099,47.868],[-89.1002,47.8689],[-89.0943,47.8692],[-89.0945,47.8688],[-89.099,47.868]]]},{"type":"Polygon","coordinates":[[[-89.0908,47.87],[-89.089,47.8711],[-89.0819,47.8711],[-89.0832,47.8706],[-89.0908,47.87]]]},{"type":"Polygon","coordinates":[[[-89.0455,47.8721],[-89.0447,47.8726],[-89.0423,47.8727],[-89.0436,47.8717],[-89.0455,47.8721]]]},{"type":"Polygon","coordinates":[[[-89.0921,47.8731],[-89.0913,47.8742],[-89.089,47.873],[-89.0921,47.8731]]]},{"type":"Polygon","coordinates":[[[-89.0689,47.8732],[-89.0744,47.874],[-89.068,47.875],[-89.0689,47.8732]]]},{"type":"Polygon","coordinates":[[[-89.0612,47.8748],[-89.0587,47.8746],[-89.0613,47.874],[-89.0612,47.8748]]]},{"type":"Polygon","coordinates":[[[-89.0864,47.8754],[-89.0847,47.8746],[-89.087,47.8748],[-89.0864,47.8754]]]},{"type":"Polygon","coordinates":[[[-89.0808,47.8754],[-89.0786,47.8759],[-89.0786,47.8753],[-89.0808,47.8754]]]},{"type":"Polygon","coordinates":[[[-89.0913,47.8772],[-89.0925,47.8761],[-89.0939,47.8763],[-89.0928,47.8773],[-89.0913,47.8772]]]},{"type":"Polygon","coordinates":[[[-89.096,47.8773],[-89.0986,47.8776],[-89.0985,47.8765],[-89.1007,47.8768],[-89.0995,47.8781],[-89.096,47.8773]]]},{"type":"Polygon","coordinates":[[[-89.0802,47.8791],[-89.0806,47.8783],[-89.0821,47.878],[-89.082,47.879],[-89.0802,47.8791]]]},{"type":"Polygon","coordinates":[[[-89.0913,47.8788],[-89.0934,47.8783],[-89.0965,47.8787],[-89.0935,47.8792],[-89.0913,47.8788]]]},{"type":"Polygon","coordinates":[[[-89.0728,47.8794],[-89.075,47.8778],[-89.0753,47.8787],[-89.0744,47.8798],[-89.0728,47.8794]]]},{"type":"Polygon","coordinates":[[[-89.0445,47.8783],[-89.0458,47.8782],[-89.0469,47.8796],[-89.0445,47.8783]]]},{"type":"Polygon","coordinates":[[[-89.0781,47.8792],[-89.0797,47.8786],[-89.0796,47.8801],[-89.0782,47.8805],[-89.0781,47.8792]]]},{"type":"Polygon","coordinates":[[[-89.0434,47.8828],[-89.041,47.8824],[-89.0411,47.8821],[-89.0434,47.8828]]]},{"type":"Polygon","coordinates":[[[-89.0632,47.8831],[-89.0645,47.882],[-89.066,47.8824],[-89.0656,47.883],[-89.0632,47.8831]]]},{"type":"Polygon","coordinates":[[[-89.0985,47.8869],[-89.0991,47.8874],[-89.0973,47.8873],[-89.0958,47.8883],[-89.0922,47.8884],[-89.0985,47.8869]]]},{"type":"Polygon","coordinates":[[[-89.0959,47.8884],[-89.0973,47.8875],[-89.0981,47.8875],[-89.0964,47.8884],[-89.0988,47.8895],[-89.0963,47.8885],[-89.0922,47.8894],[-89.0959,47.8884]]]},{"type":"Polygon","coordinates":[[[-89.0665,47.8863],[-89.0637,47.8883],[-89.0642,47.889],[-89.0665,47.888],[-89.0717,47.8906],[-89.0662,47.8906],[-89.0619,47.8927],[-89.0594,47.8922],[-89.0626,47.8911],[-89.0625,47.8868],[-89.0665,47.8863]]]},{"type":"Polygon","coordinates":[[[-89.0457,47.8892],[-89.0454,47.8909],[-89.0439,47.8906],[-89.0449,47.889],[-89.0447,47.8902],[-89.0457,47.8892]]]},{"type":"Polygon","coordinates":[[[-89.0824,47.8913],[-89.0813,47.8909],[-89.0825,47.8908],[-89.0824,47.8913]]]},{"type":"Polygon","coordinates":[[[-89.0792,47.8907],[-89.0808,47.8913],[-89.0789,47.8911],[-89.0792,47.8907]]]},{"type":"Polygon","coordinates":[[[-89.1003,47.892],[-89.0995,47.8907],[-89.1009,47.8915],[-89.1003,47.892]]]},{"type":"Polygon","coordinates":[[[-89.0569,47.8915],[-89.0559,47.8931],[-89.0555,47.8917],[-89.0569,47.8915]]]},{"type":"Polygon","coordinates":[[[-89.094,47.913],[-89.0885,47.9136],[-89.0878,47.913],[-89.0881,47.9116],[-89.0884,47.9133],[-89.091,47.9131],[-89.0935,47.9123],[-89.0921,47.9105],[-89.0935,47.9101],[-89.094,47.913]]]},{"type":"Polygon","coordinates":[[[-89.0868,47.9167],[-89.0915,47.9165],[-89.092,47.9163],[-89.0904,47.918],[-89.0868,47.9167]]]},{"type":"Polygon","coordinates":[[[-89.0906,47.9212],[-89.0881,47.9228],[-89.0875,47.9222],[-89.0906,47.9212]]]},{"type":"Polygon","coordinates":[[[-89.0507,47.9251],[-89.0527,47.9231],[-89.055,47.9248],[-89.0507,47.9251]]]},{"type":"Polygon","coordinates":[[[-89.0543,47.9273],[-89.053,47.9281],[-89.0528,47.9278],[-89.0543,47.9273]]]},{"type":"Polygon","coordinates":[[[-89.0782,47.9497],[-89.0775,47.9476],[-89.0795,47.949],[-89.0782,47.9497]]]},{"type":"Polygon","coordinates":[[[-89.0808,47.9494],[-89.0871,47.9474],[-89.0827,47.9502],[-89.0808,47.9494]]]},{"type":"Polygon","coordinates":[[[-89.051,47.9536],[-89.0517,47.9517],[-89.0536,47.9542],[-89.051,47.9536]]]},{"type":"Polygon","coordinates":[[[-89.0842,47.9537],[-89.0748,47.9577],[-89.0705,47.9576],[-89.0774,47.9557],[-89.0805,47.9534],[-89.0842,47.9537]]]},{"type":"Polygon","coordinates":[[[-89.0962,47.9598],[-89.0964,47.9608],[-89.095,47.9602],[-89.0962,47.9598]]]},{"type":"Polygon","coordinates":[[[-89.0531,47.9599],[-89.0582,47.9548],[-89.0623,47.9553],[-89.0617,47.9611],[-89.0662,47.9607],[-89.0622,47.9625],[-89.06,47.9621],[-89.0596,47.9633],[-89.05,47.9671],[-89.0482,47.9665],[-89.0478,47.9653],[-89.0613,47.9604],[-89.0604,47.96],[-89.0616,47.9593],[-89.0609,47.9581],[-89.0536,47.9611],[-89.0531,47.9599]],[[-89.0585,47.9581],[-89.0587,47.9559],[-89.0576,47.9567],[-89.0585,47.9581]],[[-89.0519,47.9653],[-89.058,47.9632],[-89.0587,47.9619],[-89.0519,47.9653]]]},{"type":"Polygon","coordinates":[[[-89.041,47.9628],[-89.0415,47.962],[-89.0452,47.9618],[-89.0423,47.9631],[-89.041,47.9628]]]},{"type":"Polygon","coordinates":[[[-89.0475,47.9635],[-89.0446,47.965],[-89.0421,47.9644],[-89.0471,47.9614],[-89.0475,47.9635]]]},{"type":"Polygon","coordinates":[[[-89.0845,47.9672],[-89.083,47.9671],[-89.0845,47.967],[-89.0845,47.9672]]]},{"type":"Polygon","coordinates":[[[-89.0656,47.9723],[-89.0647,47.9715],[-89.0675,47.9713],[-89.0656,47.9723]]]},{"type":"Polygon","coordinates":[[[-89.0405,47.8592],[-89.0417,47.8583],[-89.0423,47.8581],[-89.0405,47.8592]]]},{"type":"Polygon","coordinates":[[[-89.0285,47.8622],[-89.029,47.8613],[-89.0318,47.8612],[-89.0297,47.8617],[-89.0285,47.8622]]]},{"type":"Polygon","coordinates":[[[-89.0208,47.8641],[-89.0195,47.8652],[-89.0176,47.8644],[-89.0192,47.8636],[-89.0208,47.8641]]]},{"type":"Polygon","coordinates":[[[-89.0371,47.8656],[-89.0405,47.8645],[-89.0425,47.8671],[-89.0371,47.8656]]]},{"type":"Polygon","coordinates":[[[-89.0087,47.868],[-89.0088,47.8671],[-89.0092,47.8665],[-89.0099,47.8672],[-89.0087,47.868]]]},{"type":"Polygon","coordinates":[[[-89.0261,47.8682],[-89.0281,47.8679],[-89.0283,47.8682],[-89.0261,47.8682]]]},{"type":"Polygon","coordinates":[[[-89.0301,47.8693],[-89.031,47.8699],[-89.0251,47.8709],[-89.0233,47.8699],[-89.0282,47.8696],[-89.0319,47.8663],[-89.0301,47.8693]]]},{"type":"Polygon","coordinates":[[[-88.9931,47.8714],[-88.9892,47.8733],[-88.9938,47.8733],[-88.988,47.8741],[-88.9892,47.8729],[-88.9931,47.8714]]]},{"type":"Polygon","coordinates":[[[-88.9931,47.8793],[-88.9934,47.8774],[-88.9953,47.8763],[-88.9953,47.8767],[-88.9931,47.8793]]]},{"type":"Polygon","coordinates":[[[-88.9865,47.8802],[-88.9857,47.8811],[-88.9851,47.881],[-88.9856,47.881],[-88.9865,47.8802]]]},{"type":"Polygon","coordinates":[[[-89.0026,47.8828],[-89.0005,47.8823],[-89.0039,47.8819],[-89.0026,47.8828]]]},{"type":"Polygon","coordinates":[[[-88.981,47.8826],[-88.9756,47.8824],[-88.979,47.8819],[-88.981,47.8826]]]},{"type":"Polygon","coordinates":[[[-89.0111,47.8841],[-89.006,47.8845],[-89.012,47.8834],[-89.0111,47.8841]]]},{"type":"Polygon","coordinates":[[[-88.9724,47.885],[-88.9715,47.8858],[-88.9711,47.8858],[-88.9714,47.8851],[-88.9724,47.885]]]},{"type":"Polygon","coordinates":[[[-88.9786,47.8896],[-88.9789,47.8891],[-88.9794,47.8894],[-88.9786,47.8896]]]},{"type":"Polygon","coordinates":[[[-88.9702,47.8903],[-88.9641,47.8909],[-88.973,47.8894],[-88.9702,47.8903]]]},{"type":"Polygon","coordinates":[[[-89.0326,47.8938],[-89.0329,47.8928],[-89.034,47.8931],[-89.0338,47.8935],[-89.0326,47.8938]]]},{"type":"Polygon","coordinates":[[[-89.0295,47.8944],[-89.03,47.8958],[-89.0279,47.8965],[-89.0273,47.8948],[-89.0295,47.8944]]]},{"type":"Polygon","coordinates":[[[-89.0206,47.8974],[-89.021,47.8988],[-89.02,47.8989],[-89.0206,47.8974]]]},{"type":"Polygon","coordinates":[[[-89.0231,47.8978],[-89.0267,47.8986],[-89.023,47.8995],[-89.0219,47.8978],[-89.0234,47.8968],[-89.0231,47.8978]]]},{"type":"Polygon","coordinates":[[[-89.0091,47.8995],[-89.0064,47.9003],[-89.0096,47.8989],[-89.0091,47.8995]]]},{"type":"Polygon","coordinates":[[[-89.0129,47.9103],[-89.0114,47.9096],[-89.0172,47.9079],[-89.0158,47.9112],[-89.0141,47.9111],[-89.0148,47.9126],[-89.0135,47.9137],[-89.0111,47.9119],[-89.0129,47.9103]]]},{"type":"Polygon","coordinates":[[[-89.0152,47.9118],[-89.0176,47.9111],[-89.0191,47.9118],[-89.0169,47.9121],[-89.0182,47.9123],[-89.0172,47.9132],[-89.0152,47.9118]]]},{"type":"Polygon","coordinates":[[[-88.9788,47.924],[-88.9781,47.923],[-88.9789,47.9227],[-88.9788,47.924]]]},{"type":"Polygon","coordinates":[[[-88.9705,47.9243],[-88.9727,47.9222],[-88.9752,47.9251],[-88.9742,47.9244],[-88.9705,47.9243]]]},{"type":"Polygon","coordinates":[[[-88.9703,47.9255],[-88.9683,47.927],[-88.9666,47.9266],[-88.969,47.925],[-88.9703,47.9255]]]},{"type":"Polygon","coordinates":[[[-89.0356,47.9273],[-89.0361,47.9266],[-89.0363,47.9267],[-89.0356,47.9273]]]},{"type":"Polygon","coordinates":[[[-88.9647,47.9274],[-88.964,47.929],[-88.963,47.9281],[-88.9647,47.9274]]]},{"type":"Polygon","coordinates":[[[-89.004,47.9324],[-89.0057,47.9312],[-89.0089,47.93],[-89.0107,47.9298],[-89.004,47.9324]]]},{"type":"Polygon","coordinates":[[[-89.0275,47.9343],[-89.0256,47.9352],[-89.024,47.9352],[-89.0269,47.9335],[-89.0275,47.9343]]]},{"type":"Polygon","coordinates":[[[-88.9607,47.9348],[-88.9626,47.9344],[-88.9632,47.9345],[-88.9607,47.9348]]]},{"type":"Polygon","coordinates":[[[-89.0058,47.936],[-89.0085,47.9365],[-89.0051,47.938],[-89.0058,47.936]]]},{"type":"Polygon","coordinates":[[[-89.0265,47.9378],[-89.0247,47.9374],[-89.0262,47.9366],[-89.0265,47.9378]]]},{"type":"Polygon","coordinates":[[[-89.0174,47.9385],[-89.0204,47.9375],[-89.0209,47.9376],[-89.0174,47.9385]]]},{"type":"Polygon","coordinates":[[[-89.0226,47.9389],[-89.019,47.941],[-89.0185,47.9405],[-89.0226,47.9389]]]},{"type":"Polygon","coordinates":[[[-89.0117,47.9398],[-89.0091,47.9408],[-89.0101,47.9395],[-89.0117,47.9398]]]},{"type":"Polygon","coordinates":[[[-89.0133,47.9449],[-89.0142,47.944],[-89.0149,47.9442],[-89.0133,47.9449]]]},{"type":"Polygon","coordinates":[[[-88.9572,47.9603],[-88.9569,47.9615],[-88.9563,47.9601],[-88.9572,47.9603]]]},{"type":"Polygon","coordinates":[[[-89.0326,47.9625],[-89.0243,47.9651],[-89.025,47.9639],[-89.0264,47.9643],[-89.0247,47.9636],[-89.0221,47.9653],[-89.0244,47.9631],[-89.0224,47.9634],[-89.0274,47.9626],[-89.0303,47.9591],[-89.0311,47.9611],[-89.0328,47.9616],[-89.0326,47.9625]],[[-89.0314,47.9617],[-89.0322,47.9616],[-89.0301,47.9613],[-89.0314,47.9617]],[[-89.0284,47.9632],[-89.0265,47.9638],[-89.0277,47.9639],[-89.0284,47.9632]],[[-89.0308,47.9626],[-89.0298,47.962],[-89.0283,47.9625],[-89.03,47.9632],[-89.0308,47.9626]]]},{"type":"Polygon","coordinates":[[[-88.9244,47.9838],[-88.925,47.9846],[-88.9233,47.9841],[-88.9244,47.9838]]]},{"type":"Polygon","coordinates":[[[-89.0236,47.9868],[-89.0231,47.9866],[-89.0241,47.9863],[-89.0236,47.9868]]]},{"type":"Polygon","coordinates":[[[-88.9532,47.992],[-88.9562,47.991],[-88.9545,47.9923],[-88.9532,47.992]]]},{"type":"Polygon","coordinates":[[[-88.9551,47.9988],[-88.954,48.0],[-88.9509,48.0008],[-88.9551,47.9988]]]},{"type":"Polygon","coordinates":[[[-88.951,48.0027],[-88.9588,47.9985],[-88.9595,47.9987],[-88.951,48.0027]]]},{"type":"Polygon","coordinates":[[[-88.9136,47.8919],[-88.9134,47.8908],[-88.9152,47.8911],[-88.9136,47.8919]]]},{"type":"Polygon","coordinates":[[[-88.8895,47.9644],[-88.8911,47.9633],[-88.8916,47.9636],[-88.8911,47.9644],[-88.8895,47.9644]]]},{"type":"Polygon","coordinates":[[[-88.8553,47.9697],[-88.8524,47.9709],[-88.8514,47.9701],[-88.8535,47.9687],[-88.8553,47.9697]]]},{"type":"Polygon","coordinates":[[[-88.9145,47.9795],[-88.912,47.9804],[-88.9114,47.9799],[-88.9119,47.9793],[-88.9145,47.9795]]]},{"type":"Polygon","coordinates":[[[-88.7589,47.9863],[-88.7585,47.9855],[-88.7592,47.9857],[-88.7589,47.9863]]]},{"type":"Polygon","coordinates":[[[-88.8207,47.9866],[-88.818,47.9878],[-88.8215,47.9853],[-88.8207,47.9866]]]},{"type":"Polygon","coordinates":[[[-88.7872,47.9903],[-88.7871,47.9893],[-88.7884,47.9894],[-88.7872,47.9903]]]},{"type":"Polygon","coordinates":[[[-88.7738,47.9901],[-88.7717,47.99],[-88.7709,47.9893],[-88.7738,47.9901]]]},{"type":"Polygon","coordinates":[[[-88.7718,47.9902],[-88.7706,47.9902],[-88.7703,47.9896],[-88.7718,47.9902]]]},{"type":"Polygon","coordinates":[[[-88.8953,47.9904],[-88.8939,47.9912],[-88.8936,47.9909],[-88.8953,47.9904]]]},{"type":"Polygon","coordinates":[[[-88.726,47.9949],[-88.724,47.9949],[-88.7266,47.9945],[-88.726,47.9949]]]},{"type":"Polygon","coordinates":[[[-88.7219,47.9954],[-88.7214,47.996],[-88.7203,47.9959],[-88.7219,47.9954]]]},{"type":"Polygon","coordinates":[[[-88.8333,48.0019],[-88.8336,48.0011],[-88.8341,48.0015],[-88.8333,48.0019]]]},{"type":"Polygon","coordinates":[[[-88.7266,48.0075],[-88.7247,48.0078],[-88.7247,48.0075],[-88.7266,48.0075]]]},{"type":"Polygon","coordinates":[[[-88.7989,48.0125],[-88.7972,48.0122],[-88.7993,48.0118],[-88.7989,48.0125]]]},{"type":"Polygon","coordinates":[[[-88.9024,48.0137],[-88.9005,48.0136],[-88.9024,48.0126],[-88.9024,48.0137]]]},{"type":"Polygon","coordinates":[[[-88.9044,48.0138],[-88.9024,48.014],[-88.9036,48.0132],[-88.9044,48.0138]]]},{"type":"Polygon","coordinates":[[[-88.6698,48.0165],[-88.6679,48.0172],[-88.6675,48.0168],[-88.6693,48.0163],[-88.6698,48.0165]]]},{"type":"Polygon","coordinates":[[[-88.7389,48.0191],[-88.7411,48.0188],[-88.7392,48.0193],[-88.7389,48.0191]]]},{"type":"Polygon","coordinates":[[[-88.6936,48.0185],[-88.6906,48.02],[-88.6903,48.02],[-88.6918,48.0188],[-88.6936,48.0185]]]},{"type":"Polygon","coordinates":[[[-88.7391,48.0247],[-88.7369,48.0243],[-88.7338,48.0241],[-88.7362,48.0233],[-88.7391,48.0247]]]},{"type":"Polygon","coordinates":[[[-88.6715,48.0238],[-88.6709,48.0244],[-88.6702,48.0244],[-88.6715,48.0238]]]},{"type":"Polygon","coordinates":[[[-88.8991,48.0253],[-88.9002,48.0245],[-88.8998,48.0256],[-88.8991,48.0253]]]},{"type":"Polygon","coordinates":[[[-88.8959,48.0267],[-88.8968,48.0268],[-88.8962,48.0276],[-88.8944,48.0276],[-88.8949,48.0271],[-88.8959,48.0267]],[[-88.8951,48.0271],[-88.8962,48.0272],[-88.8963,48.0268],[-88.8951,48.0271]]]},{"type":"Polygon","coordinates":[[[-88.8877,48.0313],[-88.8856,48.0314],[-88.8878,48.0303],[-88.8877,48.0313]]]},{"type":"Polygon","coordinates":[[[-88.6773,48.0332],[-88.6784,48.0323],[-88.6788,48.0329],[-88.6773,48.0332]]]},{"type":"Polygon","coordinates":[[[-88.8704,48.0338],[-88.8688,48.0356],[-88.8678,48.0351],[-88.8687,48.0334],[-88.8704,48.0338]]]},{"type":"Polygon","coordinates":[[[-88.8863,48.0343],[-88.8851,48.0353],[-88.8824,48.035],[-88.8835,48.0345],[-88.8863,48.0343]]]},{"type":"Polygon","coordinates":[[[-88.7394,48.0423],[-88.7383,48.0429],[-88.7381,48.0426],[-88.7394,48.0423]]]},{"type":"Polygon","coordinates":[[[-88.8425,48.0445],[-88.8431,48.0434],[-88.8439,48.0438],[-88.8425,48.0445]]]},{"type":"Polygon","coordinates":[[[-88.7921,48.0467],[-88.7882,48.0465],[-88.7927,48.0461],[-88.7921,48.0467]]]},{"type":"Polygon","coordinates":[[[-88.7351,48.052],[-88.7374,48.052],[-88.7365,48.0525],[-88.7351,48.052]]]},{"type":"Polygon","coordinates":[[[-88.7319,48.0566],[-88.7332,48.0562],[-88.7337,48.0559],[-88.7331,48.057],[-88.7319,48.0566]]]},{"type":"Polygon","coordinates":[[[-88.7686,48.0588],[-88.7668,48.0592],[-88.7677,48.0585],[-88.7686,48.0588]]]},{"type":"Polygon","coordinates":[[[-88.758,48.0606],[-88.7571,48.061],[-88.7605,48.0614],[-88.7558,48.0611],[-88.758,48.0606]]]},{"type":"Polygon","coordinates":[[[-88.7607,48.0641],[-88.7614,48.0631],[-88.7625,48.0628],[-88.7607,48.0641]]]},{"type":"Polygon","coordinates":[[[-88.7388,48.0634],[-88.7382,48.0642],[-88.7375,48.064],[-88.7379,48.0639],[-88.7388,48.0634]]]},{"type":"Polygon","coordinates":[[[-88.7344,48.0674],[-88.735,48.0673],[-88.7337,48.0677],[-88.7344,48.0674]]]},{"type":"Polygon","coordinates":[[[-88.7571,48.0697],[-88.7557,48.0717],[-88.754,48.0704],[-88.7562,48.0701],[-88.7571,48.0697]]]},{"type":"Polygon","coordinates":[[[-88.764,48.0708],[-88.7596,48.0727],[-88.7587,48.0726],[-88.764,48.0708]]]},{"type":"Polygon","coordinates":[[[-88.7482,48.0753],[-88.7496,48.0757],[-88.744,48.0774],[-88.7482,48.0753]]]},{"type":"Polygon","coordinates":[[[-88.6939,48.0875],[-88.6911,48.0887],[-88.6939,48.0872],[-88.6939,48.0875]]]},{"type":"Polygon","coordinates":[[[-88.7417,48.0902],[-88.7412,48.0889],[-88.7434,48.0896],[-88.7433,48.0898],[-88.7417,48.0902]]]},{"type":"Polygon","coordinates":[[[-88.724,48.0969],[-88.7204,48.098],[-88.7195,48.0978],[-88.724,48.0969]]]},{"type":"Polygon","coordinates":[[[-88.6604,48.0234],[-88.6583,48.0235],[-88.6624,48.0225],[-88.6604,48.0234]]]},{"type":"Polygon","coordinates":[[[-88.6371,48.0299],[-88.6369,48.0305],[-88.6359,48.0306],[-88.6371,48.0299]]]},{"type":"Polygon","coordinates":[[[-88.6378,48.0308],[-88.6396,48.0306],[-88.6376,48.031],[-88.6378,48.0308]]]},{"type":"Polygon","coordinates":[[[-88.6358,48.0319],[-88.6332,48.033],[-88.633,48.0327],[-88.6358,48.0319]]]},{"type":"Polygon","coordinates":[[[-88.6332,48.035],[-88.6327,48.034],[-88.6344,48.0341],[-88.6332,48.035]]]},{"type":"Polygon","coordinates":[[[-88.6309,48.036],[-88.6317,48.0357],[-88.6322,48.0357],[-88.6309,48.036]]]},{"type":"Polygon","coordinates":[[[-88.63,48.0357],[-88.6268,48.0368],[-88.6261,48.0366],[-88.63,48.0357]]]},{"type":"Polygon","coordinates":[[[-88.6378,48.04],[-88.6387,48.0382],[-88.6406,48.0384],[-88.6402,48.0389],[-88.6378,48.04]]]},{"type":"Polygon","coordinates":[[[-88.6593,48.04],[-88.6574,48.0405],[-88.656,48.0408],[-88.6593,48.04]]]},{"type":"Polygon","coordinates":[[[-88.5908,48.0523],[-88.5918,48.0509],[-88.5949,48.0502],[-88.5929,48.0523],[-88.5892,48.054],[-88.594,48.0509],[-88.5908,48.0523]]]},{"type":"Polygon","coordinates":[[[-88.6088,48.0653],[-88.6099,48.0658],[-88.6102,48.0664],[-88.6076,48.0673],[-88.6063,48.0661],[-88.6088,48.0653]],[[-88.6087,48.0657],[-88.6092,48.0665],[-88.6098,48.0662],[-88.6087,48.0657]]]},{"type":"Polygon","coordinates":[[[-88.5774,48.0668],[-88.5772,48.0677],[-88.5769,48.067],[-88.5774,48.0668]]]},{"type":"Polygon","coordinates":[[[-88.5849,48.0746],[-88.5833,48.0745],[-88.585,48.0744],[-88.5849,48.0746]]]},{"type":"Polygon","coordinates":[[[-88.5815,48.0747],[-88.5796,48.0749],[-88.5794,48.0745],[-88.5815,48.0747]]]},{"type":"Polygon","coordinates":[[[-88.5892,48.0809],[-88.5906,48.0798],[-88.5913,48.0799],[-88.5909,48.0808],[-88.5892,48.0809]]]},{"type":"Polygon","coordinates":[[[-88.625,48.0865],[-88.6241,48.0872],[-88.6231,48.0872],[-88.6236,48.0868],[-88.625,48.0865]]]},{"type":"Polygon","coordinates":[[[-88.623,48.0876],[-88.6212,48.0888],[-88.6204,48.0887],[-88.623,48.0876]]]},{"type":"Polygon","coordinates":[[[-88.5833,48.0892],[-88.5832,48.0893],[-88.5831,48.0893],[-88.5833,48.0892]]]},{"type":"Polygon","coordinates":[[[-88.5825,48.0897],[-88.583,48.0899],[-88.5823,48.0898],[-88.5825,48.0897]]]},{"type":"Polygon","coordinates":[[[-88.5786,48.0894],[-88.5796,48.0896],[-88.5802,48.0902],[-88.5786,48.0894]]]},{"type":"Polygon","coordinates":[[[-88.6202,48.0928],[-88.6183,48.0942],[-88.6164,48.0947],[-88.616,48.0945],[-88.6202,48.0928]]]},{"type":"Polygon","coordinates":[[[-88.6185,48.0978],[-88.6183,48.0991],[-88.6165,48.0991],[-88.6169,48.0984],[-88.6185,48.0978]]]},{"type":"Polygon","coordinates":[[[-88.5747,48.1065],[-88.5751,48.106],[-88.5754,48.1063],[-88.5747,48.1065]]]},{"type":"Polygon","coordinates":[[[-88.5454,48.1076],[-88.5435,48.1066],[-88.5478,48.1072],[-88.5442,48.1091],[-88.5433,48.1084],[-88.5454,48.1076]]]},{"type":"Polygon","coordinates":[[[-88.5284,48.1151],[-88.5279,48.116],[-88.5274,48.1159],[-88.5284,48.1151]]]},{"type":"Polygon","coordinates":[[[-88.6595,48.1156],[-88.6526,48.1174],[-88.6509,48.1171],[-88.6517,48.1161],[-88.6554,48.1147],[-88.6595,48.1156]],[[-88.6558,48.115],[-88.6536,48.116],[-88.6567,48.1155],[-88.6558,48.115]]]},{"type":"Polygon","coordinates":[[[-88.6058,48.1178],[-88.6046,48.119],[-88.6029,48.1187],[-88.6058,48.1178]]]},{"type":"Polygon","coordinates":[[[-88.6138,48.1225],[-88.6161,48.1227],[-88.6149,48.1231],[-88.6138,48.1225]]]},{"type":"Polygon","coordinates":[[[-88.5791,48.1224],[-88.5781,48.1233],[-88.5777,48.1232],[-88.5791,48.1224]]]},{"type":"Polygon","coordinates":[[[-88.6012,48.1282],[-88.5951,48.13],[-88.6017,48.1278],[-88.6012,48.1282]]]},{"type":"Polygon","coordinates":[[[-88.5537,48.1322],[-88.5518,48.1338],[-88.5498,48.1336],[-88.5537,48.1322]]]},{"type":"Polygon","coordinates":[[[-88.6568,48.1352],[-88.6563,48.136],[-88.6559,48.1358],[-88.6568,48.1352]]]},{"type":"Polygon","coordinates":[[[-88.5415,48.1397],[-88.5429,48.139],[-88.5431,48.1392],[-88.5415,48.1397]]]},{"type":"Polygon","coordinates":[[[-88.5532,48.1404],[-88.5515,48.1415],[-88.5512,48.1415],[-88.5532,48.1404]]]},{"type":"Polygon","coordinates":[[[-88.4739,48.1421],[-88.4753,48.1412],[-88.4765,48.141],[-88.4757,48.1418],[-88.4741,48.1422],[-88.4739,48.1421]]]},{"type":"Polygon","coordinates":[[[-88.5765,48.1442],[-88.5733,48.1452],[-88.5694,48.1456],[-88.5765,48.1442]]]},{"type":"Polygon","coordinates":[[[-88.537,48.1473],[-88.535,48.1477],[-88.5372,48.147],[-88.537,48.1473]]]},{"type":"Polygon","coordinates":[[[-88.4987,48.1496],[-88.5007,48.1485],[-88.5018,48.1488],[-88.5015,48.1493],[-88.4987,48.1496]]]},{"type":"Polygon","coordinates":[[[-88.5325,48.1495],[-88.5308,48.1498],[-88.5327,48.1491],[-88.5325,48.1495]]]},{"type":"Polygon","coordinates":[[[-88.5007,48.1559],[-88.5006,48.155],[-88.5013,48.1552],[-88.5007,48.1559]]]},{"type":"Polygon","coordinates":[[[-88.4756,48.1602],[-88.4738,48.161],[-88.4749,48.1602],[-88.4756,48.1602]]]},{"type":"Polygon","coordinates":[[[-88.4874,48.1767],[-88.4895,48.1762],[-88.4872,48.1769],[-88.4874,48.1767]]]}]},"properties":{"name":"Other vegetation","overview_class":"Other vegetation","source_class_count":2,"source_classes":"Urban/Built-up | Wooded peatland complex","description":"Broad visitor-facing class derived from the 2000 NPS vegetation inventory; not current vegetation conditions."}},{"type":"Feature","geometry":{"type":"GeometryCollection","geometries":[{"type":"LineString","coordinates":[[-88.9772,47.8742],[-88.9771,47.8742]]},{"type":"LineString","coordinates":[[-89.2341,47.8758],[-89.2342,47.8758]]},{"type":"LineString","coordinates":[[-88.8887,47.9755],[-88.8888,47.9755]]},{"type":"LineString","coordinates":[[-88.8913,47.9875],[-88.8914,47.9875]]},{"type":"LineString","coordinates":[[-88.8396,48.0023],[-88.8397,48.0023]]},{"type":"LineString","coordinates":[[-88.8563,48.0059],[-88.8562,48.0059]]},{"type":"LineString","coordinates":[[-88.8734,48.0099],[-88.8735,48.0099]]},{"type":"LineString","coordinates":[[-88.7867,47.985],[-88.7868,47.985]]},{"type":"LineString","coordinates":[[-88.7623,47.992],[-88.7624,47.992]]},{"type":"LineString","coordinates":[[-88.7506,47.992],[-88.7507,47.992]]},{"type":"LineString","coordinates":[[-88.7322,47.9949],[-88.7321,47.9949]]},{"type":"LineString","coordinates":[[-88.7362,47.9971],[-88.7363,47.9971]]},{"type":"LineString","coordinates":[[-88.7113,48.0145],[-88.7114,48.0145]]},{"type":"LineString","coordinates":[[-88.6849,48.0232],[-88.6848,48.0233]]},{"type":"LineString","coordinates":[[-88.6878,48.0197],[-88.6879,48.0197]]},{"type":"LineString","coordinates":[[-88.6865,48.0297],[-88.6864,48.0297]]},{"type":"LineString","coordinates":[[-88.6229,48.0451],[-88.623,48.0451]]},{"type":"LineString","coordinates":[[-88.8225,48.0525],[-88.8226,48.0526]]},{"type":"LineString","coordinates":[[-89.1341,47.8284],[-89.134,47.8284]]},{"type":"LineString","coordinates":[[-89.1126,47.8339],[-89.1125,47.8339]]},{"type":"LineString","coordinates":[[-89.2063,47.8516],[-89.2064,47.8516]]},{"type":"LineString","coordinates":[[-89.2064,47.8516],[-89.2066,47.8516]]},{"type":"LineString","coordinates":[[-89.2618,47.8692],[-89.2619,47.8692]]},{"type":"LineString","coordinates":[[-89.2027,47.8802],[-89.2026,47.8802]]},{"type":"LineString","coordinates":[[-89.0606,47.8509],[-89.0606,47.8508]]},{"type":"LineString","coordinates":[[-88.9377,47.8847],[-88.9375,47.8847]]},{"type":"LineString","coordinates":[[-88.9373,47.8856],[-88.9374,47.8856]]},{"type":"LineString","coordinates":[[-89.0038,47.9055],[-89.0038,47.9056]]},{"type":"LineString","coordinates":[[-88.8328,47.9691],[-88.8327,47.9691]]},{"type":"LineString","coordinates":[[-89.0916,47.8412],[-89.0917,47.8412]]},{"type":"LineString","coordinates":[[-89.0917,47.8412],[-89.0918,47.8412]]},{"type":"LineString","coordinates":[[-88.9453,47.8816],[-88.9452,47.8816]]},{"type":"LineString","coordinates":[[-88.9428,47.8826],[-88.9427,47.8826]]},{"type":"LineString","coordinates":[[-88.9417,47.8831],[-88.9418,47.883]]},{"type":"LineString","coordinates":[[-88.6411,48.0272],[-88.641,48.0272]]},{"type":"LineString","coordinates":[[-88.6456,48.0291],[-88.6457,48.0291]]},{"type":"LineString","coordinates":[[-88.5809,48.0581],[-88.581,48.0581]]},{"type":"LineString","coordinates":[[-88.5779,48.0605],[-88.578,48.0605]]},{"type":"LineString","coordinates":[[-88.5779,48.0781],[-88.5778,48.0781]]},{"type":"LineString","coordinates":[[-88.5654,48.0941],[-88.5653,48.0941]]},{"type":"LineString","coordinates":[[-88.5601,48.0991],[-88.5602,48.099]]},{"type":"LineString","coordinates":[[-88.54,48.1086],[-88.5399,48.1086]]},{"type":"LineString","coordinates":[[-88.4248,48.1873],[-88.4247,48.1873]]},{"type":"LineString","coordinates":[[-89.0865,47.8497],[-89.0867,47.8497]]},{"type":"LineString","coordinates":[[-89.0867,47.8497],[-89.0868,47.8497]]},{"type":"LineString","coordinates":[[-88.7685,48.0737],[-88.7684,48.0737]]},{"type":"LineString","coordinates":[[-88.7128,48.0027],[-88.7127,48.0027]]},{"type":"LineString","coordinates":[[-88.7335,48.0658],[-88.7336,48.0658]]},{"type":"LineString","coordinates":[[-88.6406,48.042],[-88.6407,48.042]]},{"type":"LineString","coordinates":[[-88.6471,48.0776],[-88.647,48.0776]]},{"type":"LineString","coordinates":[[-88.6124,48.0546],[-88.6124,48.0547]]},{"type":"LineString","coordinates":[[-88.6185,48.0579],[-88.6185,48.0578]]},{"type":"LineString","coordinates":[[-88.6343,48.0839],[-88.6344,48.0839]]},{"type":"LineString","coordinates":[[-88.5045,48.1379],[-88.5044,48.1379]]},{"type":"LineString","coordinates":[[-88.4334,48.1725],[-88.4333,48.1725]]},{"type":"LineString","coordinates":[[-89.1968,47.9172],[-89.1967,47.9172]]},{"type":"LineString","coordinates":[[-88.8035,48.0397],[-88.8035,48.0396]]},{"type":"LineString","coordinates":[[-88.7647,48.0713],[-88.7647,48.0712]]},{"type":"LineString","coordinates":[[-88.6447,48.0262],[-88.6446,48.0262]]},{"type":"LineString","coordinates":[[-88.6469,48.0446],[-88.647,48.0446]]},{"type":"LineString","coordinates":[[-88.642,48.0733],[-88.6419,48.0733]]},{"type":"Polygon","coordinates":[[[-89.158,47.8243],[-89.1566,47.8253],[-89.1553,47.8256],[-89.158,47.8243]]]},{"type":"Polygon","coordinates":[[[-89.1553,47.8256],[-89.153,47.8261],[-89.1525,47.8261],[-89.1553,47.8256]]]},{"type":"Polygon","coordinates":[[[-89.1787,47.8309],[-89.1689,47.8251],[-89.1656,47.8249],[-89.1639,47.8245],[-89.1639,47.8243],[-89.169,47.825],[-89.1709,47.8258],[-89.1787,47.8309]]]},{"type":"Polygon","coordinates":[[[-89.1488,47.827],[-89.146,47.8283],[-89.1388,47.8279],[-89.1455,47.8279],[-89.1488,47.827]]]},{"type":"Polygon","coordinates":[[[-89.1385,47.8278],[-89.1341,47.8284],[-89.136,47.8275],[-89.1385,47.8278]]]},{"type":"Polygon","coordinates":[[[-89.1193,47.8279],[-89.1208,47.8278],[-89.1262,47.8288],[-89.1199,47.8281],[-89.1199,47.8287],[-89.1191,47.8293],[-89.1193,47.8279]]]},{"type":"Polygon","coordinates":[[[-89.1273,47.8288],[-89.1306,47.8283],[-89.1323,47.8283],[-89.1289,47.829],[-89.1273,47.8288]]]},{"type":"Polygon","coordinates":[[[-89.1173,47.8315],[-89.1189,47.8299],[-89.1194,47.8297],[-89.1184,47.8309],[-89.1173,47.8315]]]},{"type":"Polygon","coordinates":[[[-89.179,47.8309],[-89.179,47.8311],[-89.1787,47.8309],[-89.179,47.8309]]]},{"type":"Polygon","coordinates":[[[-89.1168,47.8327],[-89.1126,47.8339],[-89.1176,47.8319],[-89.1168,47.8327]]]},{"type":"Polygon","coordinates":[[[-89.1011,47.8375],[-89.109,47.8357],[-89.1012,47.8376],[-89.0999,47.8386],[-89.0966,47.8399],[-89.0977,47.8401],[-89.0952,47.8406],[-89.0985,47.8402],[-89.0955,47.8408],[-89.0952,47.8419],[-89.0924,47.8412],[-89.1011,47.8375]]]},{"type":"Polygon","coordinates":[[[-89.099,47.8411],[-89.0996,47.8404],[-89.0999,47.8405],[-89.099,47.8411]]]},{"type":"Polygon","coordinates":[[[-89.1115,47.8434],[-89.1101,47.844],[-89.1106,47.843],[-89.1115,47.8434]]]},{"type":"Polygon","coordinates":[[[-89.0966,47.8439],[-89.0953,47.8445],[-89.0927,47.8443],[-89.0966,47.8439]]]},{"type":"Polygon","coordinates":[[[-89.0968,47.8442],[-89.098,47.8444],[-89.0981,47.8446],[-89.0977,47.8448],[-89.0968,47.8442]]]},{"type":"Polygon","coordinates":[[[-89.0699,47.8479],[-89.0752,47.8463],[-89.0848,47.8441],[-89.0872,47.842],[-89.091,47.8412],[-89.0917,47.8415],[-89.0874,47.842],[-89.0861,47.8435],[-89.0877,47.8443],[-89.0854,47.84393333333333],[-89.084,47.8452],[-89.0747,47.847],[-89.0753,47.848],[-89.0767,47.8475],[-89.0755,47.8486],[-89.0732,47.8473],[-89.0721,47.8478],[-89.0703,47.8481],[-89.0699,47.8479]]]},{"type":"Polygon","coordinates":[[[-89.0876,47.847],[-89.0868,47.8458],[-89.0889,47.8444],[-89.0878,47.8457],[-89.0893,47.8461],[-89.0876,47.847]]]},{"type":"Polygon","coordinates":[[[-89.1919,47.8399],[-89.199,47.8488],[-89.2063,47.8516],[-89.2021,47.8509],[-89.1976,47.8483],[-89.1923,47.8421],[-89.1917,47.8404],[-89.1919,47.8399]]]},{"type":"Polygon","coordinates":[[[-89.0847,47.8467],[-89.0821,47.8465],[-89.082,47.8462],[-89.0837,47.8462],[-89.0847,47.8467]]]},{"type":"Polygon","coordinates":[[[-89.0765,47.8468],[-89.0781,47.8471],[-89.0781,47.8473],[-89.0765,47.8468]]]},{"type":"Polygon","coordinates":[[[-89.0839,47.8475],[-89.0855,47.8466],[-89.0859,47.8468],[-89.0839,47.8475]]]},{"type":"Polygon","coordinates":[[[-89.0974,47.8477],[-89.0977,47.8478],[-89.0954,47.848],[-89.0974,47.8477]]]},{"type":"Polygon","coordinates":[[[-89.0881,47.8475],[-89.0856,47.848],[-89.0872,47.8482],[-89.0864,47.8492],[-89.082,47.8478],[-89.0881,47.8475]]]},{"type":"Polygon","coordinates":[[[-89.0766,47.8496],[-89.0739,47.8489],[-89.077,47.8489],[-89.0766,47.8496]]]},{"type":"Polygon","coordinates":[[[-89.0836,47.8492],[-89.0841,47.85],[-89.0827,47.849],[-89.0844,47.8488],[-89.0836,47.8492]]]},{"type":"Polygon","coordinates":[[[-89.085,47.849],[-89.0865,47.8497],[-89.0856,47.8496],[-89.085,47.849]]]},{"type":"Polygon","coordinates":[[[-89.0887,47.8493],[-89.0885,47.8497],[-89.0868,47.8497],[-89.0887,47.8493]]]},{"type":"Polygon","coordinates":[[[-89.0603,47.8511],[-89.0604,47.8512],[-89.0601,47.8514],[-89.0603,47.8511]]]},{"type":"Polygon","coordinates":[[[-89.0601,47.8514],[-89.0588,47.8519],[-89.0586,47.8519],[-89.0601,47.8514]]]},{"type":"Polygon","coordinates":[[[-89.0581,47.8521],[-89.0573,47.8522],[-89.0586,47.8519],[-89.0581,47.8521]]]},{"type":"Polygon","coordinates":[[[-89.0558,47.8528],[-89.0573,47.8522],[-89.0556,47.8529],[-89.0558,47.8528]]]},{"type":"Polygon","coordinates":[[[-89.0555,47.8529],[-89.0556,47.8529],[-89.055,47.8531],[-89.0554,47.8529],[-89.0555,47.8529]]]},{"type":"Polygon","coordinates":[[[-89.055,47.8531],[-89.0427,47.8563],[-89.0332,47.8565],[-89.0442,47.8559],[-89.0487,47.8544],[-89.055,47.8531]]]},{"type":"Polygon","coordinates":[[[-89.0551,47.8573],[-89.0558,47.8562],[-89.0563,47.857],[-89.0551,47.8573]]]},{"type":"Polygon","coordinates":[[[-89.0535,47.8568],[-89.0541,47.8574],[-89.053,47.8573],[-89.0535,47.8568]]]},{"type":"Polygon","coordinates":[[[-89.2204,47.857],[-89.2194,47.8575],[-89.2192,47.8568],[-89.2204,47.857]]]},{"type":"Polygon","coordinates":[[[-89.0699,47.8574],[-89.0676,47.8586],[-89.0662,47.8579],[-89.0699,47.8574]]]},{"type":"Polygon","coordinates":[[[-89.0177,47.8603],[-89.0186,47.8599],[-89.0199,47.8597],[-89.0192,47.8602],[-89.0177,47.8603]]]},{"type":"Polygon","coordinates":[[[-89.0489,47.86],[-89.0563,47.8603],[-89.0538,47.8606],[-89.0562,47.8605],[-89.0572,47.8601],[-89.0573,47.8604],[-89.0544,47.861],[-89.0489,47.86]]]},{"type":"Polygon","coordinates":[[[-89.212,47.8619],[-89.2136,47.8616],[-89.212,47.8623],[-89.212,47.8619]]]},{"type":"Polygon","coordinates":[[[-89.0448,47.8614],[-89.0432,47.861],[-89.0452,47.861],[-89.045,47.8602],[-89.0475,47.8622],[-89.0438,47.8633],[-89.0418,47.8627],[-89.0448,47.8614]]]},{"type":"Polygon","coordinates":[[[-89.0478,47.8623],[-89.0508,47.8621],[-89.0573,47.8626],[-89.0478,47.8623]]]},{"type":"Polygon","coordinates":[[[-89.0526,47.8634],[-89.0547,47.8631],[-89.0555,47.8632],[-89.0526,47.8634]]]},{"type":"Polygon","coordinates":[[[-89.0449,47.8643],[-89.0527,47.8649],[-89.0433,47.8646],[-89.0449,47.8643]]]},{"type":"Polygon","coordinates":[[[-89.2617,47.8694],[-89.2618,47.8692],[-89.2618,47.8694],[-89.2617,47.8694]]]},{"type":"Polygon","coordinates":[[[-89.2623,47.8695],[-89.2624,47.8702],[-89.2618,47.8694],[-89.2623,47.8695]]]},{"type":"Polygon","coordinates":[[[-89.2488,47.8711],[-89.2477,47.8716],[-89.2472,47.8713],[-89.2488,47.8711]]]},{"type":"Polygon","coordinates":[[[-89.0218,47.8747],[-89.0393,47.8708],[-89.0161,47.8774],[-89.0218,47.8747]]]},{"type":"Polygon","coordinates":[[[-89.0177,47.8748],[-89.0196,47.8748],[-89.017,47.8755],[-89.0177,47.8748]]]},{"type":"Polygon","coordinates":[[[-89.189,47.8752],[-89.1905,47.8755],[-89.19,47.8762],[-89.189,47.8752]]]},{"type":"Polygon","coordinates":[[[-89.2321,47.8763],[-89.2329,47.8756],[-89.2341,47.8756],[-89.2337,47.8768],[-89.2321,47.8763]]]},{"type":"Polygon","coordinates":[[[-89.0089,47.8771],[-89.0169,47.8751],[-89.0153,47.8762],[-89.0089,47.8771]]]},{"type":"Polygon","coordinates":[[[-89.0144,47.8774],[-89.0108,47.8789],[-89.0098,47.8787],[-89.0106,47.8776],[-89.0144,47.8774]]]},{"type":"Polygon","coordinates":[[[-89.2025,47.8812],[-89.2011,47.8815],[-89.2046,47.879],[-89.2025,47.8812]],[[-89.2029,47.8803],[-89.2031,47.8803],[-89.2031,47.8802],[-89.2029,47.8803]]]},{"type":"Polygon","coordinates":[[[-89.1828,47.882],[-89.1809,47.8826],[-89.1801,47.8824],[-89.1806,47.8819],[-89.1828,47.882]]]},{"type":"Polygon","coordinates":[[[-89.2002,47.883],[-89.2039,47.8862],[-89.2025,47.886],[-89.2009,47.885],[-89.2001,47.8838],[-89.2002,47.883]]]},{"type":"Polygon","coordinates":[[[-89.2131,47.8885],[-89.2106,47.8885],[-89.2143,47.8879],[-89.2131,47.8885]]]},{"type":"Polygon","coordinates":[[[-89.003,47.8891],[-89.006,47.888],[-89.0075,47.8882],[-89.0067,47.8895],[-89.0063,47.8885],[-89.003,47.8891]]]},{"type":"Polygon","coordinates":[[[-89.1856,47.893],[-89.1832,47.8938],[-89.1861,47.8926],[-89.1856,47.893]]]},{"type":"Polygon","coordinates":[[[-89.2312,47.894],[-89.2314,47.8933],[-89.2316,47.8936],[-89.2312,47.894]]]},{"type":"Polygon","coordinates":[[[-89.1813,47.8935],[-89.1779,47.8944],[-89.1789,47.8933],[-89.1813,47.8935]]]},{"type":"Polygon","coordinates":[[[-89.1773,47.8945],[-89.1753,47.8952],[-89.1748,47.8942],[-89.1773,47.8945]]]},{"type":"Polygon","coordinates":[[[-89.0049,47.8942],[-89.0056,47.8966],[-89.0054,47.8975],[-89.0049,47.8942]]]},{"type":"Polygon","coordinates":[[[-89.0052,47.9],[-89.0042,47.8992],[-89.0052,47.8992],[-89.0052,47.9]]]},{"type":"Polygon","coordinates":[[[-89.2216,47.9087],[-89.2213,47.9082],[-89.2218,47.9082],[-89.2216,47.9087]]]},{"type":"Polygon","coordinates":[[[-89.097,47.9093],[-89.0968,47.9086],[-89.0979,47.9086],[-89.097,47.9093]]]},{"type":"Polygon","coordinates":[[[-89.1009,47.9115],[-89.096,47.912],[-89.1048,47.9097],[-89.1009,47.9115]]]},{"type":"Polygon","coordinates":[[[-89.1136,47.9118],[-89.1127,47.9124],[-89.112,47.9122],[-89.1136,47.9118]]]},{"type":"Polygon","coordinates":[[[-89.1565,47.9158],[-89.1568,47.9169],[-89.1558,47.9159],[-89.1565,47.9158]]]},{"type":"Polygon","coordinates":[[[-89.0704,47.9176],[-89.0705,47.9168],[-89.0711,47.9169],[-89.0704,47.9176]]]},{"type":"Polygon","coordinates":[[[-89.1956,47.919],[-89.1968,47.9172],[-89.198,47.9175],[-89.1965,47.9189],[-89.1956,47.919]]]},{"type":"Polygon","coordinates":[[[-89.0628,47.9187],[-89.0643,47.9195],[-89.0623,47.919],[-89.0628,47.9187]]]},{"type":"Polygon","coordinates":[[[-89.0587,47.9207],[-89.0607,47.9208],[-89.058,47.9213],[-89.0587,47.9207]]]},{"type":"Polygon","coordinates":[[[-89.0736,47.9237],[-89.078,47.922],[-89.0783,47.9221],[-89.0736,47.9237]]]},{"type":"Polygon","coordinates":[[[-89.1823,47.924],[-89.1816,47.9249],[-89.1789,47.9249],[-89.1783,47.9225],[-89.1805,47.9235],[-89.1793,47.924],[-89.18,47.9247],[-89.1823,47.924]]]},{"type":"Polygon","coordinates":[[[-89.0335,47.927],[-89.0368,47.9255],[-89.035,47.9272],[-89.0335,47.927]]]},{"type":"Polygon","coordinates":[[[-89.1703,47.928],[-89.1749,47.9255],[-89.1757,47.9245],[-89.1743,47.9264],[-89.1703,47.928]]]},{"type":"Polygon","coordinates":[[[-89.1568,47.931],[-89.1578,47.9316],[-89.1555,47.9317],[-89.1568,47.931]]]},{"type":"Polygon","coordinates":[[[-89.1006,47.9371],[-89.103,47.9366],[-89.1037,47.9367],[-89.1006,47.9371]]]},{"type":"Polygon","coordinates":[[[-89.1368,47.9375],[-89.1369,47.9382],[-89.1356,47.9385],[-89.1368,47.9375]]]},{"type":"Polygon","coordinates":[[[-89.1243,47.9428],[-89.127,47.9402],[-89.1297,47.9393],[-89.1289,47.9408],[-89.1243,47.9428]]]},{"type":"Polygon","coordinates":[[[-89.1217,47.9433],[-89.1225,47.9422],[-89.1229,47.9431],[-89.1217,47.9433]]]},{"type":"Polygon","coordinates":[[[-89.1196,47.9439],[-89.1145,47.9458],[-89.12,47.9424],[-89.1196,47.9439]]]},{"type":"Polygon","coordinates":[[[-89.1034,47.949],[-89.1072,47.9475],[-89.1087,47.9471],[-89.1056,47.9487],[-89.1034,47.949]]]},{"type":"Polygon","coordinates":[[[-89.0989,47.9508],[-89.1016,47.9493],[-89.0997,47.9507],[-89.0989,47.9508]]]},{"type":"Polygon","coordinates":[[[-89.0938,47.9521],[-89.0902,47.9541],[-89.0886,47.9542],[-89.0938,47.9521]]]},{"type":"Polygon","coordinates":[[[-89.029,47.9765],[-89.0315,47.9754],[-89.0291,47.9768],[-89.029,47.9765]]]},{"type":"Polygon","coordinates":[[[-89.0287,47.9767],[-89.0275,47.9775],[-89.0263,47.9776],[-89.0259,47.9775],[-89.0287,47.9767]]]},{"type":"Polygon","coordinates":[[[-89.0138,47.9794],[-89.0133,47.9805],[-89.0131,47.9805],[-89.0138,47.9794]]]},{"type":"Polygon","coordinates":[[[-89.009,47.982],[-89.0138,47.9808],[-89.0191,47.9786],[-89.0147,47.981],[-89.009,47.982]]]},{"type":"Polygon","coordinates":[[[-89.008,47.9814],[-89.0023,47.9843],[-89.002,47.9842],[-89.008,47.9814]]]},{"type":"Polygon","coordinates":[[[-89.0105,47.9892],[-89.0137,47.9882],[-89.0125,47.9889],[-89.0105,47.9892]]]},{"type":"Polygon","coordinates":[[[-89.009,47.9895],[-89.0102,47.9893],[-89.0078,47.99],[-89.0078,47.9897],[-89.009,47.9895]]]},{"type":"Polygon","coordinates":[[[-88.979,47.8732],[-88.9793,47.8738],[-88.9772,47.8742],[-88.979,47.8732]]]},{"type":"Polygon","coordinates":[[[-88.9681,47.8764],[-88.9687,47.8766],[-88.9678,47.8768],[-88.9681,47.8764]]]},{"type":"Polygon","coordinates":[[[-88.9642,47.8787],[-88.9654,47.8783],[-88.9713,47.8765],[-88.966,47.8786],[-88.9642,47.8787]]]},{"type":"Polygon","coordinates":[[[-88.9694,47.878],[-88.9715,47.8772],[-88.9714,47.8777],[-88.9697,47.8782],[-88.9694,47.878]]]},{"type":"Polygon","coordinates":[[[-88.9539,47.8788],[-88.9503,47.8798],[-88.9481,47.8805],[-88.9539,47.8788]]]},{"type":"Polygon","coordinates":[[[-88.9558,47.8806],[-88.9577,47.8793],[-88.9603,47.8794],[-88.9558,47.8806]]]},{"type":"Polygon","coordinates":[[[-88.948,47.8806],[-88.9477,47.8807],[-88.9481,47.8805],[-88.948,47.8806]]]},{"type":"Polygon","coordinates":[[[-88.9475,47.8808],[-88.947,47.8809],[-88.9477,47.8807],[-88.9475,47.8808]]]},{"type":"Polygon","coordinates":[[[-88.9453,47.8816],[-88.9468,47.8809],[-88.947,47.8809],[-88.9453,47.8816]]]},{"type":"Polygon","coordinates":[[[-88.9428,47.8826],[-88.9448,47.8819],[-88.9455,47.882],[-88.9428,47.8826]]]},{"type":"Polygon","coordinates":[[[-88.9553,47.8822],[-88.9561,47.8823],[-88.9492,47.8843],[-88.9451,47.8843],[-88.9551,47.8802],[-88.9538,47.8816],[-88.9577,47.8808],[-88.9553,47.8822]]]},{"type":"Polygon","coordinates":[[[-88.9416,47.8832],[-88.9389,47.8841],[-88.9373,47.8843],[-88.9403,47.8833],[-88.9416,47.8832]]]},{"type":"Polygon","coordinates":[[[-88.9837,47.8844],[-88.9926,47.8825],[-88.9833,47.8849],[-88.9837,47.8844]]]},{"type":"Polygon","coordinates":[[[-88.9378,47.8852],[-88.938,47.8844],[-88.9388,47.8846],[-88.9378,47.8852]]]},{"type":"Polygon","coordinates":[[[-88.9484,47.8852],[-88.9495,47.8848],[-88.9488,47.8847],[-88.9487,47.8845],[-88.9517,47.8845],[-88.9484,47.8852]]]},{"type":"Polygon","coordinates":[[[-88.9364,47.8858],[-88.9354,47.8857],[-88.9373,47.8856],[-88.9364,47.8858]]]},{"type":"Polygon","coordinates":[[[-88.9441,47.8852],[-88.9448,47.886],[-88.9436,47.8866],[-88.9402,47.8869],[-88.9436,47.8863],[-88.9441,47.8852]]]},{"type":"Polygon","coordinates":[[[-88.9343,47.8871],[-88.9379,47.8859],[-88.9387,47.8863],[-88.9365,47.8874],[-88.9343,47.8871]]]},{"type":"Polygon","coordinates":[[[-88.9363,47.8882],[-88.9366,47.8883],[-88.9387,47.888],[-88.9369,47.8887],[-88.9363,47.8882]]]},{"type":"Polygon","coordinates":[[[-88.9286,47.8881],[-88.9299,47.8879],[-88.9309,47.8885],[-88.9286,47.8881]]]},{"type":"Polygon","coordinates":[[[-88.9327,47.8881],[-88.9318,47.8894],[-88.9312,47.8879],[-88.9327,47.8881]]]},{"type":"Polygon","coordinates":[[[-88.9388,47.8887],[-88.9422,47.8883],[-88.9379,47.8896],[-88.9388,47.8887]]]},{"type":"Polygon","coordinates":[[[-88.9265,47.8895],[-88.9259,47.89],[-88.9254,47.8901],[-88.9265,47.8895]]]},{"type":"Polygon","coordinates":[[[-88.9315,47.8897],[-88.9316,47.8908],[-88.9303,47.8911],[-88.9315,47.8897]]]},{"type":"Polygon","coordinates":[[[-88.9971,47.8908],[-88.9995,47.8901],[-89.001,47.8899],[-88.9971,47.8908]]]},{"type":"Polygon","coordinates":[[[-88.9269,47.8919],[-88.9289,47.8907],[-88.9282,47.8915],[-88.9295,47.8913],[-88.9269,47.8919]]]},{"type":"Polygon","coordinates":[[[-88.9269,47.8912],[-88.9235,47.8924],[-88.9253,47.8912],[-88.9264,47.8909],[-88.9269,47.8912]]]},{"type":"Polygon","coordinates":[[[-89.0019,47.891],[-89.0044,47.893],[-89.0048,47.8941],[-89.0019,47.891]]]},{"type":"Polygon","coordinates":[[[-89.0039,47.9055],[-89.0032,47.903],[-89.0024,47.9018],[-89.0033,47.9027],[-89.0039,47.9055]]]},{"type":"Polygon","coordinates":[[[-89.0018,47.9118],[-89.0041,47.9109],[-89.0033,47.9122],[-89.0018,47.9118]]]},{"type":"Polygon","coordinates":[[[-88.9991,47.9123],[-88.9999,47.9121],[-88.9983,47.9121],[-88.9974,47.913],[-88.9963,47.9126],[-88.9996,47.9111],[-89.0019,47.9126],[-88.9983,47.9125],[-88.9991,47.9123]]]},{"type":"Polygon","coordinates":[[[-88.9893,47.9146],[-88.9946,47.9126],[-88.995,47.9129],[-88.9893,47.9146]]]},{"type":"Polygon","coordinates":[[[-88.9829,47.9159],[-88.9842,47.9162],[-88.9829,47.9162],[-88.9829,47.9159]]]},{"type":"Polygon","coordinates":[[[-88.9823,47.9166],[-88.9825,47.9178],[-88.9812,47.917],[-88.9823,47.9166]]]},{"type":"Polygon","coordinates":[[[-88.9805,47.9176],[-88.9791,47.9179],[-88.9795,47.9173],[-88.9783,47.9173],[-88.9799,47.9167],[-88.9805,47.9176]]]},{"type":"Polygon","coordinates":[[[-88.9756,47.9191],[-88.9746,47.9188],[-88.9769,47.9181],[-88.9756,47.9191]]]},{"type":"Polygon","coordinates":[[[-88.9814,47.9182],[-88.9782,47.9189],[-88.9763,47.92],[-88.9777,47.9183],[-88.9814,47.9182]]]},{"type":"Polygon","coordinates":[[[-88.9667,47.9209],[-88.9656,47.9221],[-88.9642,47.9223],[-88.9667,47.9209]]]},{"type":"Polygon","coordinates":[[[-88.964,47.9226],[-88.9643,47.9231],[-88.9633,47.9233],[-88.964,47.9226]]]},{"type":"Polygon","coordinates":[[[-89.0017,47.9247],[-89.0026,47.9238],[-89.0046,47.9244],[-89.0017,47.9247]]]},{"type":"Polygon","coordinates":[[[-88.9739,47.9272],[-88.9754,47.9262],[-88.9759,47.9267],[-88.9739,47.9272]]]},{"type":"Polygon","coordinates":[[[-89.0,47.927],[-89.0013,47.9269],[-89.0008,47.9274],[-89.0,47.927]]]},{"type":"Polygon","coordinates":[[[-88.9529,47.9272],[-88.9522,47.9286],[-88.9508,47.928],[-88.9529,47.9272]]]},{"type":"Polygon","coordinates":[[[-88.968,47.9284],[-88.9689,47.9277],[-88.9729,47.9274],[-88.968,47.9284]]]},{"type":"Polygon","coordinates":[[[-88.9679,47.9292],[-88.9697,47.9287],[-88.9679,47.9294],[-88.9679,47.9292]]]},{"type":"Polygon","coordinates":[[[-88.9471,47.9301],[-88.9482,47.929],[-88.9492,47.9292],[-88.9471,47.9301]]]},{"type":"Polygon","coordinates":[[[-88.9638,47.9301],[-88.9652,47.9289],[-88.9659,47.9292],[-88.9653,47.9301],[-88.9638,47.9301]]]},{"type":"Polygon","coordinates":[[[-88.9662,47.9317],[-88.9677,47.9306],[-88.9685,47.9306],[-88.9676,47.9314],[-88.9662,47.9317]]]},{"type":"Polygon","coordinates":[[[-88.9596,47.9327],[-88.9626,47.9311],[-88.9657,47.9313],[-88.9615,47.9326],[-88.9596,47.9327]]]},{"type":"Polygon","coordinates":[[[-88.9538,47.9332],[-88.9567,47.933],[-88.953,47.9344],[-88.9538,47.9332]]]},{"type":"Polygon","coordinates":[[[-88.951,47.9346],[-88.9477,47.9354],[-88.9519,47.9338],[-88.951,47.9346]]]},{"type":"Polygon","coordinates":[[[-88.957,47.9354],[-88.9574,47.9364],[-88.9561,47.9363],[-88.957,47.9354]]]},{"type":"Polygon","coordinates":[[[-88.9429,47.9369],[-88.9437,47.9363],[-88.945,47.9361],[-88.9429,47.9369]]]},{"type":"Polygon","coordinates":[[[-88.9485,47.9359],[-88.9458,47.9375],[-88.9464,47.9362],[-88.9485,47.9359]]]},{"type":"Polygon","coordinates":[[[-88.9423,47.939],[-88.937,47.9408],[-88.9365,47.9406],[-88.9416,47.9383],[-88.9423,47.939]]]},{"type":"Polygon","coordinates":[[[-88.9437,47.939],[-88.947,47.9386],[-88.9425,47.9407],[-88.9437,47.939]]]},{"type":"Polygon","coordinates":[[[-88.9289,47.9436],[-88.9279,47.9431],[-88.931,47.942],[-88.9289,47.9436]]]},{"type":"Polygon","coordinates":[[[-88.9393,47.9423],[-88.9364,47.9443],[-88.9373,47.9432],[-88.9393,47.9423]]]},{"type":"Polygon","coordinates":[[[-88.9477,47.9468],[-88.9453,47.9481],[-88.9462,47.9472],[-88.9477,47.9468]]]},{"type":"Polygon","coordinates":[[[-88.929,47.9477],[-88.9286,47.9485],[-88.9272,47.9484],[-88.929,47.9477]]]},{"type":"Polygon","coordinates":[[[-88.9243,47.9492],[-88.9258,47.9478],[-88.926,47.9478],[-88.9243,47.9492]]]},{"type":"Polygon","coordinates":[[[-88.955,47.9516],[-88.9524,47.9529],[-88.9526,47.9524],[-88.955,47.9516]]]},{"type":"Polygon","coordinates":[[[-88.9523,47.9544],[-88.9532,47.9539],[-88.9539,47.9537],[-88.9523,47.9544]]]},{"type":"Polygon","coordinates":[[[-88.9535,47.9551],[-88.9527,47.9548],[-88.9566,47.9535],[-88.9535,47.9551]]]},{"type":"Polygon","coordinates":[[[-88.9462,47.9552],[-88.9474,47.9542],[-88.9479,47.9544],[-88.9462,47.9552]]]},{"type":"Polygon","coordinates":[[[-88.9699,47.9548],[-88.9686,47.9557],[-88.9684,47.9556],[-88.9699,47.9548]]]},{"type":"Polygon","coordinates":[[[-88.9496,47.9563],[-88.9512,47.9551],[-88.9519,47.9552],[-88.9496,47.9563]]]},{"type":"Polygon","coordinates":[[[-88.9689,47.9581],[-88.9682,47.9577],[-88.9693,47.9576],[-88.9689,47.9581]]]},{"type":"Polygon","coordinates":[[[-88.944,47.9708],[-88.9427,47.9711],[-88.9449,47.9695],[-88.944,47.9708]]]},{"type":"Polygon","coordinates":[[[-88.9422,47.9708],[-88.9396,47.9723],[-88.9392,47.9721],[-88.9422,47.9708]]]},{"type":"Polygon","coordinates":[[[-88.9245,47.971],[-88.9213,47.9717],[-88.9184,47.9731],[-88.9213,47.9714],[-88.9245,47.971]]]},{"type":"Polygon","coordinates":[[[-88.9394,47.9762],[-88.941,47.9738],[-88.9428,47.9738],[-88.9394,47.9762]]]},{"type":"Polygon","coordinates":[[[-88.9415,47.9781],[-88.9406,47.9777],[-88.9419,47.9778],[-88.9415,47.9781]]]},{"type":"Polygon","coordinates":[[[-88.9277,47.9773],[-88.9273,47.9787],[-88.9261,47.9787],[-88.9277,47.9773]]]},{"type":"Polygon","coordinates":[[[-89.0003,47.9852],[-88.9989,47.985],[-89.0017,47.9843],[-89.0003,47.9852]]]},{"type":"Polygon","coordinates":[[[-88.995,47.986],[-88.9985,47.9851],[-88.9948,47.9866],[-88.995,47.986]]]},{"type":"Polygon","coordinates":[[[-88.9854,47.99],[-88.9897,47.9883],[-88.9938,47.9862],[-88.9925,47.9877],[-88.9854,47.99]]]},{"type":"Polygon","coordinates":[[[-88.9982,47.9889],[-88.995,47.9904],[-88.9945,47.9902],[-88.9979,47.9889],[-88.9969,47.9885],[-88.9982,47.9889]]]},{"type":"Polygon","coordinates":[[[-88.9741,47.9941],[-88.9832,47.9909],[-88.9749,47.9945],[-88.9741,47.9941]]]},{"type":"Polygon","coordinates":[[[-89.0038,47.9913],[-88.9947,47.995],[-88.9918,47.9956],[-89.0038,47.9913]]]},{"type":"Polygon","coordinates":[[[-89.0012,47.9949],[-89.0048,47.9939],[-89.0032,47.9946],[-89.0015,47.9949],[-89.001,47.9957],[-89.0012,47.9949]]]},{"type":"Polygon","coordinates":[[[-88.9732,47.9937],[-88.9698,47.996],[-88.9685,47.9962],[-88.9732,47.9937]]]},{"type":"Polygon","coordinates":[[[-88.9254,47.9996],[-88.9274,47.9987],[-88.9278,47.9988],[-88.9254,47.9996]]]},{"type":"Polygon","coordinates":[[[-88.9208,47.9996],[-88.9185,47.9999],[-88.9208,47.9993],[-88.9208,47.9996]]]},{"type":"Polygon","coordinates":[[[-88.9789,48.0],[-88.9806,48.0],[-88.9783,48.0005],[-88.9789,48.0]]]},{"type":"Polygon","coordinates":[[[-88.925,48.0005],[-88.9265,48.0001],[-88.9275,47.9997],[-88.9266,48.0003],[-88.925,48.0005]]]},{"type":"Polygon","coordinates":[[[-88.9738,48.002],[-88.9728,48.0028],[-88.97,48.0033],[-88.9709,48.0028],[-88.9738,48.002]]]},{"type":"Polygon","coordinates":[[[-88.9809,48.0033],[-88.9806,48.0039],[-88.9796,48.004],[-88.9809,48.0033]]]},{"type":"Polygon","coordinates":[[[-88.9681,48.0041],[-88.9667,48.0044],[-88.9688,48.0037],[-88.9681,48.0041]]]},{"type":"Polygon","coordinates":[[[-88.9794,48.0041],[-88.9767,48.005],[-88.9749,48.0049],[-88.9794,48.0041]]]},{"type":"Polygon","coordinates":[[[-88.9717,48.0048],[-88.9708,48.0054],[-88.97,48.0055],[-88.9717,48.0048]]]},{"type":"Polygon","coordinates":[[[-88.9326,48.01],[-88.9479,48.0045],[-88.9485,48.0046],[-88.9459,48.006],[-88.934,48.01],[-88.9326,48.01]]]},{"type":"Polygon","coordinates":[[[-88.9164,48.0159],[-88.925,48.0131],[-88.9254,48.0125],[-88.9317,48.0103],[-88.9208,48.0149],[-88.9164,48.0159]]]},{"type":"Polygon","coordinates":[[[-88.913,47.8947],[-88.9129,47.8957],[-88.912,47.8949],[-88.913,47.8947]]]},{"type":"Polygon","coordinates":[[[-88.9116,47.8964],[-88.9113,47.8954],[-88.9124,47.8956],[-88.9116,47.8964]]]},{"type":"Polygon","coordinates":[[[-88.907,47.8968],[-88.9113,47.8968],[-88.9105,47.8971],[-88.907,47.8968]]]},{"type":"Polygon","coordinates":[[[-88.9047,47.8994],[-88.9073,47.8986],[-88.909,47.8981],[-88.9047,47.8994]]]},{"type":"Polygon","coordinates":[[[-88.903,47.8989],[-88.9032,47.8994],[-88.8997,47.9003],[-88.903,47.8989]]]},{"type":"Polygon","coordinates":[[[-88.9174,47.9476],[-88.9158,47.9483],[-88.9157,47.9482],[-88.9174,47.9476]]]},{"type":"Polygon","coordinates":[[[-88.9089,47.9521],[-88.9062,47.953],[-88.9058,47.9525],[-88.9089,47.9521]]]},{"type":"Polygon","coordinates":[[[-88.8984,47.956],[-88.9008,47.9548],[-88.9022,47.9549],[-88.8984,47.956]]]},{"type":"Polygon","coordinates":[[[-88.9014,47.9572],[-88.8974,47.9584],[-88.9018,47.9567],[-88.9014,47.9572]]]},{"type":"Polygon","coordinates":[[[-88.9008,47.958],[-88.8979,47.9589],[-88.9022,47.9572],[-88.9008,47.958]]]},{"type":"Polygon","coordinates":[[[-88.8812,47.9622],[-88.8811,47.9631],[-88.8802,47.9629],[-88.8812,47.9622]]]},{"type":"Polygon","coordinates":[[[-88.8849,47.9647],[-88.8842,47.9651],[-88.8823,47.9652],[-88.8826,47.9647],[-88.8849,47.9647]]]},{"type":"Polygon","coordinates":[[[-88.8739,47.9674],[-88.8727,47.9673],[-88.8741,47.967],[-88.8739,47.9674]]]},{"type":"Polygon","coordinates":[[[-88.912,47.9685],[-88.9133,47.9683],[-88.9112,47.9687],[-88.912,47.9685]]]},{"type":"Polygon","coordinates":[[[-88.8685,47.9692],[-88.8724,47.9688],[-88.8677,47.9705],[-88.8685,47.9692]]]},{"type":"Polygon","coordinates":[[[-88.9113,47.9699],[-88.9138,47.9693],[-88.9104,47.9705],[-88.9113,47.9699]]]},{"type":"Polygon","coordinates":[[[-88.9151,47.9695],[-88.9124,47.971],[-88.9121,47.9709],[-88.9151,47.9695]]]},{"type":"Polygon","coordinates":[[[-88.9029,47.9743],[-88.9035,47.9737],[-88.9039,47.9741],[-88.9029,47.9743]]]},{"type":"Polygon","coordinates":[[[-88.8886,47.9753],[-88.8857,47.9771],[-88.885,47.977],[-88.8886,47.9753]]]},{"type":"Polygon","coordinates":[[[-88.8934,47.9803],[-88.8991,47.9774],[-88.8948,47.9801],[-88.8934,47.9803]]]},{"type":"Polygon","coordinates":[[[-88.8999,47.9794],[-88.8978,47.9808],[-88.8972,47.9805],[-88.8999,47.9794]]]},{"type":"Polygon","coordinates":[[[-88.8962,47.9812],[-88.8955,47.9824],[-88.8949,47.9821],[-88.8962,47.9812]]]},{"type":"Polygon","coordinates":[[[-88.9007,47.9818],[-88.8987,47.9826],[-88.8982,47.9817],[-88.9007,47.9818]]]},{"type":"Polygon","coordinates":[[[-88.8943,47.9822],[-88.8946,47.9829],[-88.893,47.9833],[-88.8943,47.9822]]]},{"type":"Polygon","coordinates":[[[-88.8871,47.9834],[-88.8881,47.9822],[-88.8884,47.9823],[-88.8871,47.9834]]]},{"type":"Polygon","coordinates":[[[-88.8896,47.9834],[-88.892,47.9823],[-88.8928,47.9823],[-88.8904,47.9833],[-88.8896,47.9834]]]},{"type":"Polygon","coordinates":[[[-88.9022,47.9829],[-88.9008,47.984],[-88.8997,47.9842],[-88.8999,47.9834],[-88.9022,47.9829]]]},{"type":"Polygon","coordinates":[[[-88.901,47.9844],[-88.9025,47.9834],[-88.9028,47.9835],[-88.901,47.9844]]]},{"type":"Polygon","coordinates":[[[-88.8636,47.9837],[-88.8658,47.9839],[-88.8635,47.9842],[-88.8636,47.9837]]]},{"type":"Polygon","coordinates":[[[-88.8972,47.9841],[-88.8995,47.9837],[-88.8989,47.9843],[-88.8972,47.9841]]]},{"type":"Polygon","coordinates":[[[-88.8492,47.9845],[-88.8485,47.985],[-88.8496,47.9848],[-88.8499,47.985],[-88.8477,47.9853],[-88.8492,47.9845]]]},{"type":"Polygon","coordinates":[[[-88.8796,47.9851],[-88.8801,47.9855],[-88.8791,47.9856],[-88.8796,47.9851]]]},{"type":"Polygon","coordinates":[[[-88.8954,47.9851],[-88.8966,47.9856],[-88.8943,47.9856],[-88.8913,47.9872],[-88.8915,47.9865],[-88.8954,47.9851]]]},{"type":"Polygon","coordinates":[[[-88.8942,47.987],[-88.8951,47.986],[-88.8955,47.9861],[-88.8942,47.987]]]},{"type":"Polygon","coordinates":[[[-88.8896,47.989],[-88.8893,47.9879],[-88.8913,47.9875],[-88.8902,47.9879],[-88.8896,47.989]]]},{"type":"Polygon","coordinates":[[[-88.8918,47.99],[-88.8892,47.9917],[-88.8888,47.9912],[-88.8918,47.99]]]},{"type":"Polygon","coordinates":[[[-88.8773,47.9913],[-88.8822,47.9898],[-88.8753,47.993],[-88.8773,47.9913]]]},{"type":"Polygon","coordinates":[[[-88.882,47.9917],[-88.8826,47.991],[-88.8825,47.9917],[-88.8793,47.993],[-88.8777,47.9928],[-88.882,47.9917]]]},{"type":"Polygon","coordinates":[[[-88.8976,47.9926],[-88.9006,47.9915],[-88.9008,47.9916],[-88.8976,47.9926]]]},{"type":"Polygon","coordinates":[[[-88.8715,47.9928],[-88.8722,47.9917],[-88.8733,47.9915],[-88.8741,47.9916],[-88.8715,47.9928]]]},{"type":"Polygon","coordinates":[[[-88.8524,47.993],[-88.8573,47.9919],[-88.8565,47.9927],[-88.8539,47.9933],[-88.8524,47.993]]]},{"type":"Polygon","coordinates":[[[-88.8695,47.9935],[-88.8686,47.9927],[-88.8702,47.9929],[-88.8695,47.9935]]]},{"type":"Polygon","coordinates":[[[-88.8936,47.9936],[-88.8963,47.993],[-88.8928,47.9942],[-88.8936,47.9936]]]},{"type":"Polygon","coordinates":[[[-88.851,47.9936],[-88.8525,47.9938],[-88.851,47.9941],[-88.851,47.9936]]]},{"type":"Polygon","coordinates":[[[-88.8588,47.994],[-88.8602,47.994],[-88.8616,47.9934],[-88.8608,47.9944],[-88.8588,47.994]]]},{"type":"Polygon","coordinates":[[[-88.8661,47.9945],[-88.8675,47.9935],[-88.8678,47.9936],[-88.8661,47.9945]]]},{"type":"Polygon","coordinates":[[[-88.8472,47.9946],[-88.8489,47.9938],[-88.8493,47.9939],[-88.8484,47.9944],[-88.8472,47.9946]]]},{"type":"Polygon","coordinates":[[[-88.8591,47.9946],[-88.8578,47.9952],[-88.8575,47.9945],[-88.8591,47.9946]]]},{"type":"Polygon","coordinates":[[[-88.8493,47.9945],[-88.8486,47.9952],[-88.8474,47.9953],[-88.8493,47.9945]]]},{"type":"Polygon","coordinates":[[[-88.8529,47.996],[-88.8572,47.9953],[-88.8556,47.9963],[-88.8529,47.996]]]},{"type":"Polygon","coordinates":[[[-88.9093,47.9955],[-88.9075,47.9958],[-88.9089,47.9949],[-88.9093,47.9955]]]},{"type":"Polygon","coordinates":[[[-88.8945,47.9957],[-88.8955,47.9955],[-88.8934,47.9961],[-88.8945,47.9957]]]},{"type":"Polygon","coordinates":[[[-88.8472,47.997],[-88.8477,47.9963],[-88.85,47.9956],[-88.8511,47.9957],[-88.8472,47.997]]]},{"type":"Polygon","coordinates":[[[-88.886,47.9959],[-88.8864,47.9968],[-88.8847,47.997],[-88.886,47.9959]]]},{"type":"Polygon","coordinates":[[[-88.8509,47.9966],[-88.8522,47.9962],[-88.8536,47.9968],[-88.8528,47.9971],[-88.8509,47.9966]]]},{"type":"Polygon","coordinates":[[[-88.857,47.9962],[-88.8565,47.9971],[-88.8549,47.9976],[-88.8549,47.9974],[-88.857,47.9962]]]},{"type":"Polygon","coordinates":[[[-88.9015,47.9968],[-88.8996,47.9967],[-88.898,47.9975],[-88.8994,47.9962],[-88.9015,47.9968]]]},{"type":"Polygon","coordinates":[[[-88.856,47.9989],[-88.8531,47.9998],[-88.855,47.9988],[-88.8545,47.9985],[-88.8559,47.9976],[-88.86,47.9963],[-88.855,47.9983],[-88.856,47.9989]]]},{"type":"Polygon","coordinates":[[[-88.8538,47.9988],[-88.8541,47.9978],[-88.8544,47.998],[-88.8538,47.9988]]]},{"type":"Polygon","coordinates":[[[-88.8632,47.9985],[-88.8594,47.9991],[-88.8635,47.9982],[-88.8632,47.9985]]]},{"type":"Polygon","coordinates":[[[-88.848,47.9993],[-88.848,47.9987],[-88.8493,47.9984],[-88.848,47.9993]]]},{"type":"Polygon","coordinates":[[[-88.8507,47.9984],[-88.8491,47.9996],[-88.8487,47.9995],[-88.8507,47.9984]]]},{"type":"Polygon","coordinates":[[[-88.8698,47.9991],[-88.8689,47.9998],[-88.8683,47.9998],[-88.8688,47.9992],[-88.8698,47.9991]]]},{"type":"Polygon","coordinates":[[[-88.8774,48.0004],[-88.8749,48.0011],[-88.8775,48.0001],[-88.8774,48.0004]]]},{"type":"Polygon","coordinates":[[[-88.8626,48.001],[-88.861,48.0011],[-88.8628,48.0008],[-88.8626,48.001]]]},{"type":"Polygon","coordinates":[[[-88.915,48.0015],[-88.9156,48.0009],[-88.9162,48.001],[-88.915,48.0015]]]},{"type":"Polygon","coordinates":[[[-88.8433,48.0006],[-88.8451,48.001],[-88.8422,48.0018],[-88.8433,48.0006]]]},{"type":"Polygon","coordinates":[[[-88.8834,48.0019],[-88.884,48.0008],[-88.8848,48.0013],[-88.8834,48.0019]]]},{"type":"Polygon","coordinates":[[[-88.8854,48.0017],[-88.8866,48.001],[-88.8869,48.0011],[-88.8854,48.0017]]]},{"type":"Polygon","coordinates":[[[-88.8718,48.0018],[-88.8702,48.0018],[-88.8723,48.0014],[-88.8718,48.0018]]]},{"type":"Polygon","coordinates":[[[-88.8804,48.002],[-88.8818,48.001],[-88.8824,48.0012],[-88.8814,48.0022],[-88.8804,48.002]]]},{"type":"Polygon","coordinates":[[[-88.8621,48.0017],[-88.8633,48.002],[-88.862,48.0019],[-88.8621,48.0017]]]},{"type":"Polygon","coordinates":[[[-88.846,48.0018],[-88.8431,48.0027],[-88.8459,48.0014],[-88.846,48.0018]]]},{"type":"Polygon","coordinates":[[[-88.8842,48.0025],[-88.8823,48.0029],[-88.8819,48.0027],[-88.8842,48.0025]]]},{"type":"Polygon","coordinates":[[[-88.906,48.0054],[-88.9079,48.0044],[-88.908,48.0045],[-88.906,48.0054]]]},{"type":"Polygon","coordinates":[[[-88.8907,48.0049],[-88.8892,48.0063],[-88.8888,48.006],[-88.8907,48.0049]]]},{"type":"Polygon","coordinates":[[[-88.8585,48.0065],[-88.8586,48.0059],[-88.86,48.0055],[-88.8585,48.0065]]]},{"type":"Polygon","coordinates":[[[-88.8578,48.0056],[-88.8569,48.0069],[-88.8563,48.0058],[-88.8578,48.0056]]]},{"type":"Polygon","coordinates":[[[-88.8755,48.0078],[-88.8768,48.0072],[-88.8772,48.0073],[-88.8765,48.0082],[-88.8755,48.0078]]]},{"type":"Polygon","coordinates":[[[-88.8831,48.0081],[-88.8816,48.0087],[-88.8813,48.0084],[-88.8831,48.0081]]]},{"type":"Polygon","coordinates":[[[-88.8718,48.0102],[-88.8727,48.0092],[-88.8734,48.0098],[-88.8733,48.01],[-88.8718,48.0102]]]},{"type":"Polygon","coordinates":[[[-88.8555,48.0145],[-88.8579,48.0139],[-88.8588,48.0134],[-88.8578,48.0143],[-88.8555,48.0145]]]},{"type":"Polygon","coordinates":[[[-88.8883,48.0146],[-88.891,48.0142],[-88.8917,48.0139],[-88.89,48.0147],[-88.8883,48.0146]]]},{"type":"Polygon","coordinates":[[[-88.8736,48.0192],[-88.871,48.0198],[-88.8703,48.0196],[-88.8726,48.0185],[-88.8736,48.0192]]]},{"type":"Polygon","coordinates":[[[-88.859,48.021],[-88.8565,48.0225],[-88.8557,48.0223],[-88.8541,48.0229],[-88.8539,48.0228],[-88.859,48.021]]]},{"type":"Polygon","coordinates":[[[-88.8563,48.0243],[-88.8548,48.0235],[-88.8571,48.0238],[-88.8563,48.0243]]]},{"type":"Polygon","coordinates":[[[-88.8779,48.0293],[-88.8876,48.0259],[-88.8851,48.0274],[-88.8779,48.0293]]]},{"type":"Polygon","coordinates":[[[-88.8637,48.0283],[-88.8661,48.0272],[-88.867,48.0276],[-88.8637,48.0283]]]},{"type":"Polygon","coordinates":[[[-88.8462,48.0309],[-88.8419,48.0327],[-88.8412,48.0331],[-88.8414,48.0327],[-88.8462,48.0309]]]},{"type":"Polygon","coordinates":[[[-88.8558,48.0367],[-88.8537,48.0374],[-88.856,48.0364],[-88.8558,48.0367]]]},{"type":"Polygon","coordinates":[[[-88.8476,48.0408],[-88.8544,48.0383],[-88.8504,48.0402],[-88.8481,48.0409],[-88.8476,48.0408]]]},{"type":"Polygon","coordinates":[[[-88.8471,48.0408],[-88.8455,48.0417],[-88.8451,48.0414],[-88.8471,48.0408]]]},{"type":"Polygon","coordinates":[[[-88.8439,48.0539],[-88.8441,48.054],[-88.8423,48.0542],[-88.8439,48.0539]]]},{"type":"Polygon","coordinates":[[[-88.7853,47.9397],[-88.7896,47.9381],[-88.7912,47.9372],[-88.7939,47.9363],[-88.7859,47.9397],[-88.7853,47.9397]]]},{"type":"Polygon","coordinates":[[[-88.8203,47.9681],[-88.8222,47.9678],[-88.8197,47.9685],[-88.8203,47.9681]]]},{"type":"Polygon","coordinates":[[[-88.8345,47.9694],[-88.8328,47.969],[-88.8346,47.969],[-88.8345,47.9694]]]},{"type":"Polygon","coordinates":[[[-88.8366,47.9773],[-88.8343,47.9789],[-88.8339,47.9782],[-88.8366,47.9773]]]},{"type":"Polygon","coordinates":[[[-88.8361,47.9819],[-88.8349,47.9828],[-88.8344,47.9826],[-88.8361,47.9819]]]},{"type":"Polygon","coordinates":[[[-88.8379,47.9838],[-88.8363,47.9838],[-88.8395,47.9828],[-88.8379,47.9838]]]},{"type":"Polygon","coordinates":[[[-88.8311,47.9842],[-88.8325,47.9834],[-88.8327,47.9836],[-88.8311,47.9842]]]},{"type":"Polygon","coordinates":[[[-88.8155,47.9848],[-88.8133,47.9835],[-88.8157,47.9847],[-88.8155,47.9848]]]},{"type":"Polygon","coordinates":[[[-88.7931,47.9851],[-88.7935,47.9838],[-88.794,47.9846],[-88.7931,47.9851]]]},{"type":"Polygon","coordinates":[[[-88.7888,47.9847],[-88.7877,47.9853],[-88.7875,47.9848],[-88.7877,47.9846],[-88.7888,47.9847]]]},{"type":"Polygon","coordinates":[[[-88.8286,47.9855],[-88.8268,47.9862],[-88.8266,47.9863],[-88.827,47.9858],[-88.8281,47.9854],[-88.8286,47.9855]]]},{"type":"Polygon","coordinates":[[[-88.7875,47.9864],[-88.787,47.9859],[-88.7876,47.9856],[-88.7875,47.9864]]]},{"type":"Polygon","coordinates":[[[-88.7967,47.9876],[-88.7984,47.987],[-88.7988,47.9871],[-88.7981,47.9877],[-88.7967,47.9876]]]},{"type":"Polygon","coordinates":[[[-88.8138,47.9878],[-88.8121,47.9882],[-88.814,47.9875],[-88.8138,47.9878]]]},{"type":"Polygon","coordinates":[[[-88.8067,47.9884],[-88.8085,47.9875],[-88.8093,47.9877],[-88.8076,47.9887],[-88.8067,47.9884]]]},{"type":"Polygon","coordinates":[[[-88.7904,47.9895],[-88.7912,47.9886],[-88.793,47.9887],[-88.7904,47.9895]]]},{"type":"Polygon","coordinates":[[[-88.8414,47.9973],[-88.8394,47.9982],[-88.8386,47.9988],[-88.8367,47.9989],[-88.8414,47.9973]]]},{"type":"Polygon","coordinates":[[[-88.8424,48.0001],[-88.8357,48.0025],[-88.8355,48.0015],[-88.8424,48.0001]]]},{"type":"Polygon","coordinates":[[[-88.8331,48.0036],[-88.8343,48.0024],[-88.8352,48.0022],[-88.8344,48.0032],[-88.8331,48.0036]]]},{"type":"Polygon","coordinates":[[[-88.8396,48.0022],[-88.8386,48.0036],[-88.8376,48.0032],[-88.8396,48.0022]]]},{"type":"Polygon","coordinates":[[[-88.8265,48.0028],[-88.8252,48.0038],[-88.8227,48.0043],[-88.825,48.0032],[-88.8265,48.0028]]]},{"type":"Polygon","coordinates":[[[-88.825,48.0057],[-88.8249,48.0063],[-88.8242,48.0063],[-88.825,48.0057]]]},{"type":"Polygon","coordinates":[[[-88.8377,48.0086],[-88.8387,48.0089],[-88.8372,48.0091],[-88.8377,48.0086]]]},{"type":"Polygon","coordinates":[[[-88.8133,48.0092],[-88.8116,48.0095],[-88.8147,48.0087],[-88.8133,48.0092]]]},{"type":"Polygon","coordinates":[[[-88.7962,48.0114],[-88.798,48.0112],[-88.7961,48.012],[-88.7962,48.0114]]]},{"type":"Polygon","coordinates":[[[-88.8076,48.0111],[-88.8041,48.0124],[-88.8039,48.0122],[-88.8031,48.0126],[-88.8011,48.0124],[-88.8076,48.0111]]]},{"type":"Polygon","coordinates":[[[-88.8347,48.0122],[-88.8335,48.0122],[-88.8344,48.0121],[-88.8347,48.0122]]]},{"type":"Polygon","coordinates":[[[-88.8162,48.0141],[-88.8183,48.0132],[-88.8188,48.0133],[-88.8188,48.0136],[-88.8162,48.0141]]]},{"type":"Polygon","coordinates":[[[-88.7939,48.0148],[-88.7998,48.0128],[-88.8021,48.0129],[-88.7958,48.0152],[-88.7939,48.0148]]]},{"type":"Polygon","coordinates":[[[-88.8308,48.014],[-88.8282,48.0145],[-88.8309,48.0138],[-88.8308,48.014]]]},{"type":"Polygon","coordinates":[[[-88.8183,48.0147],[-88.8188,48.0149],[-88.8182,48.015],[-88.8183,48.0147]]]},{"type":"Polygon","coordinates":[[[-88.8279,48.015],[-88.8263,48.015],[-88.8261,48.0148],[-88.8279,48.015]]]},{"type":"Polygon","coordinates":[[[-88.8085,48.0153],[-88.8071,48.0157],[-88.8092,48.0147],[-88.8085,48.0153]]]},{"type":"Polygon","coordinates":[[[-88.7937,48.0157],[-88.7927,48.0155],[-88.7941,48.0152],[-88.7937,48.0157]]]},{"type":"Polygon","coordinates":[[[-88.8106,48.0153],[-88.8104,48.0159],[-88.8096,48.0155],[-88.8106,48.0153]]]},{"type":"Polygon","coordinates":[[[-88.8264,48.0153],[-88.8274,48.0154],[-88.8246,48.0163],[-88.8264,48.0153]]]},{"type":"Polygon","coordinates":[[[-88.7926,48.0161],[-88.7901,48.0162],[-88.7927,48.016],[-88.7926,48.0161]]]},{"type":"Polygon","coordinates":[[[-88.8015,48.0161],[-88.8021,48.0166],[-88.8013,48.0167],[-88.8015,48.0161]]]},{"type":"Polygon","coordinates":[[[-88.8076,48.0173],[-88.8069,48.016],[-88.8092,48.0159],[-88.8075,48.0164],[-88.8084,48.0168],[-88.8076,48.0173]]]},{"type":"Polygon","coordinates":[[[-88.7955,48.0174],[-88.7999,48.0166],[-88.7967,48.0179],[-88.7955,48.0174]]]},{"type":"Polygon","coordinates":[[[-88.7884,48.0171],[-88.7914,48.0166],[-88.7889,48.0176],[-88.7903,48.0179],[-88.7921,48.017],[-88.7905,48.0181],[-88.7888,48.0184],[-88.7877,48.0181],[-88.7884,48.0171]]]},{"type":"Polygon","coordinates":[[[-88.8006,48.0171],[-88.7995,48.0179],[-88.799,48.0177],[-88.8006,48.0171]]]},{"type":"Polygon","coordinates":[[[-88.8133,48.017],[-88.8109,48.0181],[-88.8119,48.0169],[-88.8133,48.017]]]},{"type":"Polygon","coordinates":[[[-88.8135,48.0178],[-88.8123,48.0187],[-88.8118,48.0187],[-88.8135,48.0178]]]},{"type":"Polygon","coordinates":[[[-88.8157,48.0187],[-88.8144,48.0198],[-88.8111,48.0204],[-88.8113,48.0199],[-88.8157,48.0187]]]},{"type":"Polygon","coordinates":[[[-88.8046,48.0198],[-88.8052,48.0202],[-88.8039,48.0204],[-88.8046,48.0198]]]},{"type":"Polygon","coordinates":[[[-88.7974,48.0198],[-88.7968,48.0209],[-88.7949,48.0211],[-88.7963,48.0207],[-88.7974,48.0198]]]},{"type":"Polygon","coordinates":[[[-88.8173,48.0202],[-88.8146,48.0213],[-88.8144,48.0212],[-88.8173,48.0202]]]},{"type":"Polygon","coordinates":[[[-88.8102,48.0211],[-88.8094,48.0205],[-88.8102,48.0208],[-88.8102,48.0211]]]},{"type":"Polygon","coordinates":[[[-88.8139,48.0205],[-88.813,48.0212],[-88.8128,48.0211],[-88.8129,48.0207],[-88.8139,48.0205]]]},{"type":"Polygon","coordinates":[[[-88.8182,48.022],[-88.8151,48.0229],[-88.8189,48.0201],[-88.8182,48.022]]]},{"type":"Polygon","coordinates":[[[-88.8166,48.0213],[-88.8139,48.0219],[-88.8156,48.0212],[-88.8166,48.0213]]]},{"type":"Polygon","coordinates":[[[-88.8021,48.0213],[-88.7988,48.0224],[-88.8021,48.0211],[-88.8021,48.0213]]]},{"type":"Polygon","coordinates":[[[-88.7915,48.0236],[-88.7928,48.0225],[-88.7928,48.0227],[-88.7915,48.0236]]]},{"type":"Polygon","coordinates":[[[-88.8116,48.0231],[-88.8101,48.0236],[-88.8116,48.0229],[-88.8116,48.0231]]]},{"type":"Polygon","coordinates":[[[-88.8006,48.0255],[-88.803,48.0255],[-88.7983,48.0276],[-88.8006,48.0255]]]},{"type":"Polygon","coordinates":[[[-88.7956,48.0255],[-88.7939,48.0269],[-88.7936,48.0268],[-88.7956,48.0255]]]},{"type":"Polygon","coordinates":[[[-88.7991,48.0263],[-88.7986,48.0262],[-88.7995,48.0258],[-88.7991,48.0263]]]},{"type":"Polygon","coordinates":[[[-88.7853,48.0278],[-88.7865,48.027],[-88.7915,48.0249],[-88.7871,48.0274],[-88.7853,48.0278]]]},{"type":"Polygon","coordinates":[[[-88.8032,48.0277],[-88.8044,48.0275],[-88.8032,48.0279],[-88.8032,48.0277]]]},{"type":"Polygon","coordinates":[[[-88.8414,48.0283],[-88.8399,48.0277],[-88.8433,48.0267],[-88.8411,48.0275],[-88.8414,48.0283]]]},{"type":"Polygon","coordinates":[[[-88.8006,48.0285],[-88.8011,48.0278],[-88.802,48.027],[-88.8006,48.0285]]]},{"type":"Polygon","coordinates":[[[-88.7934,48.0286],[-88.7984,48.0268],[-88.7975,48.028],[-88.799,48.0279],[-88.7934,48.0286]]]},{"type":"Polygon","coordinates":[[[-88.807,48.0283],[-88.807,48.0277],[-88.8073,48.0278],[-88.807,48.0283]]]},{"type":"Polygon","coordinates":[[[-88.8058,48.0279],[-88.8044,48.03],[-88.8034,48.0298],[-88.8044,48.0281],[-88.8058,48.0279]]]},{"type":"Polygon","coordinates":[[[-88.7942,48.0286],[-88.7923,48.0303],[-88.7904,48.0299],[-88.7942,48.0286]]]},{"type":"Polygon","coordinates":[[[-88.8032,48.0284],[-88.8028,48.0299],[-88.8,48.0308],[-88.8018,48.0301],[-88.8032,48.0284]]]},{"type":"Polygon","coordinates":[[[-88.7878,48.0298],[-88.7868,48.0299],[-88.7891,48.0295],[-88.7878,48.0298]]]},{"type":"Polygon","coordinates":[[[-88.7886,48.0326],[-88.7905,48.0312],[-88.7913,48.0316],[-88.7886,48.0326]]]},{"type":"Polygon","coordinates":[[[-88.8377,48.0344],[-88.8384,48.0338],[-88.8388,48.034],[-88.8377,48.0344]]]},{"type":"Polygon","coordinates":[[[-88.837,48.0346],[-88.8352,48.0353],[-88.8344,48.035],[-88.8363,48.0345],[-88.837,48.0346]]]},{"type":"Polygon","coordinates":[[[-88.8018,48.0359],[-88.8022,48.0354],[-88.8033,48.0351],[-88.8018,48.0359]]]},{"type":"Polygon","coordinates":[[[-88.7881,48.0409],[-88.7935,48.0393],[-88.79,48.0411],[-88.7881,48.0409]]]},{"type":"Polygon","coordinates":[[[-88.8038,48.0398],[-88.7952,48.0427],[-88.7991,48.0408],[-88.8038,48.0398]]]},{"type":"Polygon","coordinates":[[[-88.8179,48.0419],[-88.8172,48.0425],[-88.8161,48.0426],[-88.8162,48.0424],[-88.8179,48.0419]]]},{"type":"Polygon","coordinates":[[[-88.7915,48.0435],[-88.7946,48.0428],[-88.7941,48.0433],[-88.7915,48.0435]]]},{"type":"Polygon","coordinates":[[[-88.8423,48.0431],[-88.8379,48.0446],[-88.8422,48.0428],[-88.8423,48.0431]]]},{"type":"Polygon","coordinates":[[[-88.7944,48.046],[-88.7977,48.0459],[-88.7943,48.0462],[-88.7944,48.046]]]},{"type":"Polygon","coordinates":[[[-88.8326,48.0469],[-88.8363,48.0453],[-88.835,48.0465],[-88.8326,48.0469]]]},{"type":"Polygon","coordinates":[[[-88.8378,48.0467],[-88.8356,48.0469],[-88.8379,48.0464],[-88.8378,48.0467]]]},{"type":"Polygon","coordinates":[[[-88.8029,48.0464],[-88.8015,48.0474],[-88.7996,48.0476],[-88.8029,48.0464]]]},{"type":"Polygon","coordinates":[[[-88.7902,48.048],[-88.788,48.0477],[-88.7887,48.0473],[-88.7903,48.047],[-88.7902,48.048]]]},{"type":"Polygon","coordinates":[[[-88.7968,48.0478],[-88.7981,48.0478],[-88.7987,48.0482],[-88.7981,48.0484],[-88.7968,48.0478]]]},{"type":"Polygon","coordinates":[[[-88.8226,48.0509],[-88.8225,48.0509],[-88.8226,48.0508],[-88.8226,48.0509]]]},{"type":"Polygon","coordinates":[[[-88.8225,48.0509],[-88.8222,48.0519],[-88.8225,48.0525],[-88.8225,48.0509]]]},{"type":"Polygon","coordinates":[[[-88.8227,48.0526],[-88.8228,48.0526],[-88.8229,48.0527],[-88.8226,48.0526],[-88.8227,48.0526]]]},{"type":"Polygon","coordinates":[[[-88.8024,48.0525],[-88.7993,48.054],[-88.7988,48.0536],[-88.7991,48.0528],[-88.8024,48.0525]]]},{"type":"Polygon","coordinates":[[[-88.8429,48.0535],[-88.8422,48.0543],[-88.8418,48.0542],[-88.8429,48.0535]]]},{"type":"Polygon","coordinates":[[[-88.8131,48.0543],[-88.8156,48.0541],[-88.8126,48.0546],[-88.8131,48.0543]]]},{"type":"Polygon","coordinates":[[[-88.8356,48.0569],[-88.8386,48.056],[-88.8359,48.0571],[-88.8356,48.0569]]]},{"type":"Polygon","coordinates":[[[-88.8129,48.0648],[-88.8128,48.0648],[-88.8129,48.0647],[-88.8129,48.0648]]]},{"type":"Polygon","coordinates":[[[-88.8128,48.0648],[-88.812,48.0651],[-88.8118,48.0651],[-88.8128,48.0648]]]},{"type":"Polygon","coordinates":[[[-88.8113,48.0653],[-88.8112,48.0653],[-88.8118,48.0651],[-88.8114,48.0653],[-88.8113,48.0653]]]},{"type":"Polygon","coordinates":[[[-88.7583,47.9491],[-88.7636,47.9469],[-88.7639,47.947],[-88.7583,47.9491]]]},{"type":"Polygon","coordinates":[[[-88.781,47.9811],[-88.7827,47.9802],[-88.7836,47.9803],[-88.781,47.9811]]]},{"type":"Polygon","coordinates":[[[-88.7746,47.9815],[-88.7742,47.9809],[-88.775,47.9807],[-88.7746,47.9815]]]},{"type":"Polygon","coordinates":[[[-88.7813,47.9844],[-88.7802,47.9851],[-88.779,47.9847],[-88.7813,47.9844]]]},{"type":"Polygon","coordinates":[[[-88.7861,47.9858],[-88.7855,47.9844],[-88.7864,47.984],[-88.7861,47.9845],[-88.7869,47.9853],[-88.7861,47.9858]]]},{"type":"Polygon","coordinates":[[[-88.7776,47.9845],[-88.7776,47.9857],[-88.7758,47.9858],[-88.7776,47.9845]]]},{"type":"Polygon","coordinates":[[[-88.782,47.9862],[-88.7835,47.9854],[-88.7817,47.9866],[-88.782,47.9862]]]},{"type":"Polygon","coordinates":[[[-88.7783,47.9865],[-88.7794,47.9863],[-88.7783,47.9867],[-88.7783,47.9865]]]},{"type":"Polygon","coordinates":[[[-88.7763,47.9862],[-88.7775,47.9868],[-88.7775,47.9869],[-88.7763,47.9862]]]},{"type":"Polygon","coordinates":[[[-88.7758,47.9871],[-88.7741,47.988],[-88.7733,47.9869],[-88.7746,47.9861],[-88.7758,47.9871]]]},{"type":"Polygon","coordinates":[[[-88.766,47.9865],[-88.7637,47.9876],[-88.7626,47.9876],[-88.766,47.9865]]]},{"type":"Polygon","coordinates":[[[-88.7787,47.9878],[-88.7783,47.987],[-88.7803,47.9866],[-88.7787,47.9878]]]},{"type":"Polygon","coordinates":[[[-88.7615,47.987],[-88.7617,47.9878],[-88.7611,47.9877],[-88.7615,47.987]]]},{"type":"Polygon","coordinates":[[[-88.7603,47.9883],[-88.7588,47.9881],[-88.7587,47.9877],[-88.7605,47.9873],[-88.7603,47.9883]]]},{"type":"Polygon","coordinates":[[[-88.7729,47.9894],[-88.7751,47.9901],[-88.7716,47.989],[-88.7729,47.9894]]]},{"type":"Polygon","coordinates":[[[-88.7604,47.9908],[-88.7582,47.9904],[-88.7606,47.9899],[-88.7604,47.9908]]]},{"type":"Polygon","coordinates":[[[-88.7753,47.9905],[-88.7744,47.991],[-88.7739,47.9906],[-88.7753,47.9905]]]},{"type":"Polygon","coordinates":[[[-88.7739,47.9918],[-88.7721,47.9914],[-88.7741,47.9913],[-88.7739,47.9918]]]},{"type":"Polygon","coordinates":[[[-88.7852,47.9919],[-88.7851,47.9911],[-88.7859,47.9915],[-88.7852,47.9919]]]},{"type":"Polygon","coordinates":[[[-88.7777,47.9923],[-88.7791,47.9914],[-88.7801,47.9915],[-88.7777,47.9923]]]},{"type":"Polygon","coordinates":[[[-88.7619,47.9922],[-88.7611,47.9915],[-88.7627,47.9918],[-88.7617,47.9919],[-88.7619,47.9922]]]},{"type":"Polygon","coordinates":[[[-88.7805,47.9929],[-88.7846,47.9911],[-88.7818,47.9932],[-88.7805,47.9929]]]},{"type":"Polygon","coordinates":[[[-88.7841,47.992],[-88.7839,47.9925],[-88.7835,47.9925],[-88.7841,47.992]]]},{"type":"Polygon","coordinates":[[[-88.7695,47.9923],[-88.7683,47.993],[-88.768,47.9928],[-88.7695,47.9923]]]},{"type":"Polygon","coordinates":[[[-88.7699,47.9946],[-88.7688,47.9934],[-88.7701,47.9932],[-88.7691,47.9936],[-88.7707,47.994],[-88.7699,47.9949],[-88.7678,47.9952],[-88.7699,47.9946]]]},{"type":"Polygon","coordinates":[[[-88.775,47.9953],[-88.7763,47.9943],[-88.7776,47.995],[-88.776,47.9954],[-88.775,47.9953]]]},{"type":"Polygon","coordinates":[[[-88.7673,47.9945],[-88.7663,47.9956],[-88.7669,47.9952],[-88.7673,47.9954],[-88.766,47.9958],[-88.7654,47.9953],[-88.7663,47.9944],[-88.7673,47.9945]]]},{"type":"Polygon","coordinates":[[[-88.7646,47.9968],[-88.7651,47.996],[-88.7661,47.9962],[-88.7646,47.9968]]]},{"type":"Polygon","coordinates":[[[-88.756,47.9977],[-88.758,47.9978],[-88.7596,47.9981],[-88.756,47.9977]]]},{"type":"Polygon","coordinates":[[[-88.7591,48.0048],[-88.7575,48.005],[-88.7582,48.004],[-88.7591,48.0048]]]},{"type":"Polygon","coordinates":[[[-88.7869,48.015],[-88.7841,48.0154],[-88.787,48.0148],[-88.7869,48.015]]]},{"type":"Polygon","coordinates":[[[-88.7854,48.0175],[-88.7838,48.0185],[-88.7833,48.0183],[-88.7854,48.0175]]]},{"type":"Polygon","coordinates":[[[-88.7828,48.0195],[-88.7872,48.0172],[-88.788,48.0172],[-88.7875,48.018],[-88.7828,48.0195]]]},{"type":"Polygon","coordinates":[[[-88.7753,48.0187],[-88.7727,48.0201],[-88.772,48.0195],[-88.7753,48.0187]]]},{"type":"Polygon","coordinates":[[[-88.7827,48.0194],[-88.7812,48.0195],[-88.7797,48.02],[-88.7799,48.0195],[-88.7827,48.0194]]]},{"type":"Polygon","coordinates":[[[-88.7704,48.0201],[-88.7716,48.0195],[-88.7719,48.0196],[-88.7716,48.0202],[-88.7704,48.0201]]]},{"type":"Polygon","coordinates":[[[-88.7876,48.02],[-88.7857,48.0204],[-88.7876,48.0198],[-88.7876,48.02]]]},{"type":"Polygon","coordinates":[[[-88.7824,48.0196],[-88.7792,48.021],[-88.781,48.0199],[-88.7824,48.0196]]]},{"type":"Polygon","coordinates":[[[-88.7697,48.0219],[-88.7714,48.0204],[-88.7704,48.0216],[-88.7714,48.0217],[-88.7697,48.0219]]]},{"type":"Polygon","coordinates":[[[-88.7793,48.0206],[-88.7762,48.0215],[-88.7738,48.0226],[-88.7755,48.0215],[-88.7793,48.0206]]]},{"type":"Polygon","coordinates":[[[-88.7797,48.0221],[-88.7813,48.0214],[-88.7833,48.0212],[-88.781,48.0227],[-88.7797,48.0221]]]},{"type":"Polygon","coordinates":[[[-88.784,48.0226],[-88.7858,48.0213],[-88.7874,48.0215],[-88.784,48.0226]]]},{"type":"Polygon","coordinates":[[[-88.7774,48.0216],[-88.7751,48.0226],[-88.776,48.0219],[-88.7774,48.0216]]]},{"type":"Polygon","coordinates":[[[-88.7791,48.0231],[-88.7779,48.0222],[-88.7802,48.0226],[-88.7791,48.0231]]]},{"type":"Polygon","coordinates":[[[-88.7831,48.0223],[-88.7825,48.0233],[-88.7816,48.0233],[-88.7831,48.0223]]]},{"type":"Polygon","coordinates":[[[-88.7615,48.0224],[-88.7631,48.0226],[-88.7596,48.0235],[-88.7615,48.0224]]]},{"type":"Polygon","coordinates":[[[-88.7793,48.0234],[-88.7801,48.0229],[-88.7825,48.0224],[-88.7805,48.0241],[-88.7808,48.0232],[-88.7793,48.0234]]]},{"type":"Polygon","coordinates":[[[-88.785,48.0232],[-88.784,48.0236],[-88.7838,48.0234],[-88.785,48.0232]]]},{"type":"Polygon","coordinates":[[[-88.7682,48.0236],[-88.7699,48.0235],[-88.7679,48.024],[-88.7682,48.0236]]]},{"type":"Polygon","coordinates":[[[-88.7874,48.0236],[-88.7854,48.0238],[-88.7879,48.0231],[-88.7874,48.0236]]]},{"type":"Polygon","coordinates":[[[-88.7779,48.0234],[-88.7798,48.0239],[-88.7777,48.0238],[-88.7779,48.0234]]]},{"type":"Polygon","coordinates":[[[-88.7748,48.025],[-88.7742,48.0243],[-88.7754,48.0247],[-88.7748,48.025]]]},{"type":"Polygon","coordinates":[[[-88.7852,48.0253],[-88.7847,48.0242],[-88.7859,48.0251],[-88.7852,48.0253]]]},{"type":"Polygon","coordinates":[[[-88.777,48.0257],[-88.7799,48.024],[-88.7801,48.0241],[-88.777,48.0257]]]},{"type":"Polygon","coordinates":[[[-88.7836,48.0247],[-88.7825,48.0258],[-88.7818,48.0258],[-88.7832,48.0251],[-88.7825,48.0247],[-88.7842,48.0241],[-88.7836,48.0247]]]},{"type":"Polygon","coordinates":[[[-88.7842,48.0249],[-88.7837,48.0257],[-88.7833,48.0257],[-88.7842,48.0249]]]},{"type":"Polygon","coordinates":[[[-88.7634,48.0267],[-88.7677,48.0245],[-88.7701,48.0238],[-88.7706,48.024],[-88.7638,48.0278],[-88.7613,48.0264],[-88.7634,48.0267]]]},{"type":"Polygon","coordinates":[[[-88.7611,48.0272],[-88.7592,48.0275],[-88.759,48.0273],[-88.7611,48.0272]]]},{"type":"Polygon","coordinates":[[[-88.7761,48.0285],[-88.7788,48.0271],[-88.7792,48.0272],[-88.7778,48.0281],[-88.7794,48.0286],[-88.7761,48.0285]]]},{"type":"Polygon","coordinates":[[[-88.7875,48.0286],[-88.7855,48.0286],[-88.7883,48.0279],[-88.7875,48.0286]]]},{"type":"Polygon","coordinates":[[[-88.7758,48.0294],[-88.7784,48.0291],[-88.7758,48.0299],[-88.7758,48.0294]]]},{"type":"Polygon","coordinates":[[[-88.7611,48.0296],[-88.7593,48.0303],[-88.7598,48.0296],[-88.7611,48.0296]]]},{"type":"Polygon","coordinates":[[[-88.785,48.0301],[-88.7833,48.0308],[-88.7824,48.0307],[-88.785,48.0301]]]},{"type":"Polygon","coordinates":[[[-88.7764,48.0305],[-88.7758,48.0306],[-88.7732,48.0308],[-88.7749,48.03],[-88.7764,48.0305]]]},{"type":"Polygon","coordinates":[[[-88.7878,48.0314],[-88.7856,48.0315],[-88.7887,48.0304],[-88.7878,48.0314]]]},{"type":"Polygon","coordinates":[[[-88.7791,48.0325],[-88.7787,48.0341],[-88.7768,48.0339],[-88.7791,48.0325]],[[-88.7777,48.0338],[-88.7786,48.0329],[-88.7778,48.0333],[-88.7777,48.0338]]]},{"type":"Polygon","coordinates":[[[-88.7722,48.035],[-88.7742,48.0346],[-88.7719,48.0354],[-88.7722,48.035]]]},{"type":"Polygon","coordinates":[[[-88.7734,48.0363],[-88.7718,48.0363],[-88.7744,48.0359],[-88.7734,48.0363]]]},{"type":"Polygon","coordinates":[[[-88.7729,48.0374],[-88.7702,48.0384],[-88.7693,48.0383],[-88.7703,48.0374],[-88.7729,48.0374]]]},{"type":"Polygon","coordinates":[[[-88.7678,48.0379],[-88.7663,48.0389],[-88.7653,48.0389],[-88.7678,48.0379]]]},{"type":"Polygon","coordinates":[[[-88.7784,48.0386],[-88.7805,48.0381],[-88.7806,48.0383],[-88.7784,48.0386]]]},{"type":"Polygon","coordinates":[[[-88.762,48.0404],[-88.7611,48.0417],[-88.7597,48.041],[-88.762,48.0404]]]},{"type":"Polygon","coordinates":[[[-88.7766,48.0411],[-88.779,48.0404],[-88.7776,48.041],[-88.7785,48.042],[-88.7766,48.0411]]]},{"type":"Polygon","coordinates":[[[-88.7844,48.0412],[-88.7822,48.0417],[-88.7819,48.0408],[-88.7844,48.0412]]]},{"type":"Polygon","coordinates":[[[-88.7616,48.0435],[-88.7633,48.0435],[-88.7635,48.0437],[-88.7623,48.0439],[-88.7616,48.0435]]]},{"type":"Polygon","coordinates":[[[-88.7728,48.0448],[-88.7771,48.0432],[-88.778,48.0431],[-88.7728,48.0448]]]},{"type":"Polygon","coordinates":[[[-88.7848,48.0442],[-88.7826,48.0442],[-88.785,48.0438],[-88.7848,48.0442]]]},{"type":"Polygon","coordinates":[[[-88.765,48.0447],[-88.7625,48.045],[-88.7648,48.0438],[-88.765,48.0447]]]},{"type":"Polygon","coordinates":[[[-88.7747,48.0466],[-88.776,48.0459],[-88.7765,48.0461],[-88.7762,48.0463],[-88.7747,48.0466]]]},{"type":"Polygon","coordinates":[[[-88.7639,48.0473],[-88.7625,48.047],[-88.7642,48.047],[-88.7639,48.0473]]]},{"type":"Polygon","coordinates":[[[-88.7716,48.0507],[-88.7736,48.05],[-88.7739,48.0503],[-88.7716,48.0507]]]},{"type":"Polygon","coordinates":[[[-88.7635,48.0561],[-88.7659,48.056],[-88.7619,48.0583],[-88.761,48.0582],[-88.7635,48.0561]]]},{"type":"Polygon","coordinates":[[[-88.7662,48.0578],[-88.7663,48.0568],[-88.7673,48.0571],[-88.7662,48.0578]]]},{"type":"Polygon","coordinates":[[[-88.7656,48.0567],[-88.7649,48.0581],[-88.7634,48.058],[-88.7636,48.0574],[-88.7656,48.0567]]]},{"type":"Polygon","coordinates":[[[-88.7647,48.0588],[-88.7685,48.0578],[-88.7692,48.0589],[-88.7728,48.0577],[-88.7687,48.0606],[-88.7689,48.0597],[-88.7664,48.0599],[-88.7686,48.0588],[-88.7647,48.0588]]]},{"type":"Polygon","coordinates":[[[-88.7613,48.0599],[-88.7637,48.0592],[-88.7641,48.0593],[-88.7634,48.0598],[-88.7613,48.0599]]]},{"type":"Polygon","coordinates":[[[-88.7629,48.0613],[-88.7625,48.0617],[-88.7612,48.0619],[-88.7629,48.0613]]]},{"type":"Polygon","coordinates":[[[-88.7674,48.0702],[-88.7659,48.0717],[-88.7641,48.0722],[-88.7646,48.0713],[-88.7651,48.0714],[-88.7674,48.0702]]]},{"type":"Polygon","coordinates":[[[-88.7689,48.0729],[-88.7708,48.0724],[-88.7685,48.0737],[-88.7689,48.0729]]]},{"type":"Polygon","coordinates":[[[-88.7724,48.0734],[-88.7739,48.0729],[-88.7744,48.0729],[-88.7733,48.0735],[-88.7724,48.0734]]]},{"type":"Polygon","coordinates":[[[-88.7851,48.0758],[-88.7837,48.076],[-88.7856,48.0752],[-88.7851,48.0758]]]},{"type":"Polygon","coordinates":[[[-88.772,48.0789],[-88.7712,48.0798],[-88.7717,48.0783],[-88.772,48.0789]]]},{"type":"Polygon","coordinates":[[[-88.7647,48.0835],[-88.7666,48.0827],[-88.7676,48.0817],[-88.7668,48.0828],[-88.7647,48.0835]]]},{"type":"Polygon","coordinates":[[[-88.7569,47.9875],[-88.7586,47.9886],[-88.7576,47.9887],[-88.7569,47.9875]]]},{"type":"Polygon","coordinates":[[[-88.7509,47.9896],[-88.7519,47.9883],[-88.7537,47.988],[-88.7535,47.9893],[-88.7509,47.9896]]]},{"type":"Polygon","coordinates":[[[-88.747,47.9915],[-88.7445,47.9903],[-88.7442,47.9913],[-88.7413,47.9914],[-88.7425,47.9905],[-88.7508,47.9884],[-88.7502,47.9909],[-88.7493,47.9909],[-88.7504,47.99],[-88.7496,47.9895],[-88.7462,47.9903],[-88.747,47.9915]]]},{"type":"Polygon","coordinates":[[[-88.7511,47.9912],[-88.7494,47.9917],[-88.7489,47.9914],[-88.7511,47.9912]]]},{"type":"Polygon","coordinates":[[[-88.7515,47.9914],[-88.7527,47.9917],[-88.7527,47.9919],[-88.7515,47.9914]]]},{"type":"Polygon","coordinates":[[[-88.7533,47.9921],[-88.7497,47.9929],[-88.7497,47.9927],[-88.7533,47.9921]]]},{"type":"Polygon","coordinates":[[[-88.7506,47.992],[-88.7442,47.9939],[-88.7419,47.9923],[-88.7437,47.9917],[-88.7446,47.9931],[-88.7472,47.9915],[-88.7506,47.992]]]},{"type":"Polygon","coordinates":[[[-88.7367,47.9927],[-88.7357,47.9933],[-88.7333,47.9933],[-88.7354,47.9925],[-88.7367,47.9927]]]},{"type":"Polygon","coordinates":[[[-88.7402,47.9911],[-88.7322,47.993],[-88.7346,47.9941],[-88.7325,47.9951],[-88.7319,47.9938],[-88.7286,47.9942],[-88.7316,47.9923],[-88.7402,47.9911]]]},{"type":"Polygon","coordinates":[[[-88.7374,47.993],[-88.739,47.9924],[-88.7393,47.9924],[-88.738,47.9936],[-88.7374,47.993]]]},{"type":"Polygon","coordinates":[[[-88.7408,47.9916],[-88.7417,47.9928],[-88.7388,47.9935],[-88.7415,47.9938],[-88.7408,47.9947],[-88.7381,47.9938],[-88.7408,47.9916]]]},{"type":"Polygon","coordinates":[[[-88.7415,47.9932],[-88.7425,47.9929],[-88.7443,47.9947],[-88.7422,47.9948],[-88.7415,47.9932]]]},{"type":"Polygon","coordinates":[[[-88.7467,47.9937],[-88.7469,47.9944],[-88.7459,47.9941],[-88.7467,47.9937]]]},{"type":"Polygon","coordinates":[[[-88.7541,47.9941],[-88.7552,47.9936],[-88.7562,47.994],[-88.7551,47.9946],[-88.7541,47.9941]]]},{"type":"Polygon","coordinates":[[[-88.7277,47.995],[-88.7282,47.9944],[-88.7286,47.9947],[-88.7277,47.995]]]},{"type":"Polygon","coordinates":[[[-88.7545,47.9953],[-88.7562,47.9943],[-88.757,47.9945],[-88.7566,47.9951],[-88.7545,47.9953]]]},{"type":"Polygon","coordinates":[[[-88.735,47.9952],[-88.7368,47.9942],[-88.737,47.9943],[-88.735,47.9952]]]},{"type":"Polygon","coordinates":[[[-88.7457,47.9956],[-88.7449,47.9946],[-88.7456,47.995],[-88.7457,47.9956]]]},{"type":"Polygon","coordinates":[[[-88.736,47.9958],[-88.7396,47.9945],[-88.7388,47.9963],[-88.736,47.9958]]]},{"type":"Polygon","coordinates":[[[-88.7274,47.9965],[-88.7296,47.9962],[-88.7311,47.9966],[-88.7275,47.9973],[-88.7267,47.9954],[-88.7285,47.9952],[-88.7274,47.9965]]]},{"type":"Polygon","coordinates":[[[-88.7456,47.9967],[-88.7441,47.9964],[-88.7463,47.9964],[-88.7456,47.9967]]]},{"type":"Polygon","coordinates":[[[-88.7388,47.9971],[-88.74,47.9981],[-88.7382,47.9989],[-88.74,47.9985],[-88.74,47.9987],[-88.738,47.9992],[-88.7388,47.9971]]]},{"type":"Polygon","coordinates":[[[-88.7358,47.9971],[-88.736,47.9982],[-88.7373,47.9976],[-88.7364,47.9983],[-88.7374,47.998],[-88.7375,47.9991],[-88.7345,47.9994],[-88.7358,47.9971]]]},{"type":"Polygon","coordinates":[[[-88.7291,47.9984],[-88.7279,47.9991],[-88.7269,47.999],[-88.7277,47.998],[-88.7291,47.9984]]]},{"type":"Polygon","coordinates":[[[-88.7233,47.9993],[-88.7225,47.9997],[-88.7222,47.9995],[-88.7233,47.9993]]]},{"type":"Polygon","coordinates":[[[-88.7304,48.0006],[-88.729,48.001],[-88.7284,48.0005],[-88.73,47.9992],[-88.7304,48.0006]]]},{"type":"Polygon","coordinates":[[[-88.7273,48.0001],[-88.7284,48.0],[-88.7276,48.0005],[-88.7273,48.0001]]]},{"type":"Polygon","coordinates":[[[-88.7366,48.0006],[-88.7341,47.9997],[-88.7368,47.9997],[-88.7366,48.0006]]]},{"type":"Polygon","coordinates":[[[-88.7313,48.0008],[-88.7315,47.9999],[-88.7327,47.9999],[-88.7313,48.0008]]]},{"type":"Polygon","coordinates":[[[-88.7202,48.0024],[-88.7238,48.0009],[-88.7252,48.0011],[-88.7202,48.0024]]]},{"type":"Polygon","coordinates":[[[-88.7367,48.012],[-88.7407,48.0102],[-88.7369,48.0125],[-88.7367,48.012]]]},{"type":"Polygon","coordinates":[[[-88.7403,48.012],[-88.7402,48.0112],[-88.7408,48.0119],[-88.7403,48.012]]]},{"type":"Polygon","coordinates":[[[-88.7237,48.013],[-88.7266,48.0109],[-88.7264,48.0116],[-88.7237,48.013]]]},{"type":"Polygon","coordinates":[[[-88.7345,48.0148],[-88.7341,48.0137],[-88.7365,48.014],[-88.7345,48.0148]]]},{"type":"Polygon","coordinates":[[[-88.7383,48.0141],[-88.7349,48.0152],[-88.7344,48.0152],[-88.7383,48.0141]]]},{"type":"Polygon","coordinates":[[[-88.7429,48.0146],[-88.7441,48.0144],[-88.7427,48.015],[-88.7429,48.0146]]]},{"type":"Polygon","coordinates":[[[-88.7388,48.0162],[-88.7408,48.0152],[-88.7417,48.0153],[-88.7388,48.0162]]]},{"type":"Polygon","coordinates":[[[-88.7399,48.0175],[-88.741,48.0167],[-88.7414,48.0167],[-88.741,48.0174],[-88.7399,48.0175]]]},{"type":"Polygon","coordinates":[[[-88.7225,48.0178],[-88.7251,48.0172],[-88.7231,48.0181],[-88.7225,48.0178]]]},{"type":"Polygon","coordinates":[[[-88.7502,48.0193],[-88.7503,48.0192],[-88.7504,48.0193],[-88.7502,48.0193]]]},{"type":"Polygon","coordinates":[[[-88.7425,48.0198],[-88.7407,48.0195],[-88.7437,48.0191],[-88.7425,48.0198]]]},{"type":"Polygon","coordinates":[[[-88.7401,48.0196],[-88.7376,48.0197],[-88.7405,48.0192],[-88.7401,48.0196]]]},{"type":"Polygon","coordinates":[[[-88.7483,48.0204],[-88.7504,48.0194],[-88.7505,48.0192],[-88.752,48.019],[-88.7483,48.0204]]]},{"type":"Polygon","coordinates":[[[-88.7508,48.0205],[-88.7521,48.0197],[-88.7532,48.0199],[-88.7516,48.0207],[-88.7508,48.0205]]]},{"type":"Polygon","coordinates":[[[-88.7447,48.0209],[-88.7465,48.0204],[-88.7469,48.0205],[-88.7447,48.0209]]]},{"type":"Polygon","coordinates":[[[-88.7443,48.0211],[-88.7423,48.0218],[-88.742,48.0217],[-88.7443,48.0211]]]},{"type":"Polygon","coordinates":[[[-88.7547,48.0236],[-88.7543,48.0241],[-88.7533,48.0242],[-88.7547,48.0236]]]},{"type":"Polygon","coordinates":[[[-88.7506,48.0242],[-88.7525,48.0238],[-88.75,48.0246],[-88.7506,48.0242]]]},{"type":"Polygon","coordinates":[[[-88.7522,48.0268],[-88.752,48.0264],[-88.7536,48.0254],[-88.7522,48.0268]]]},{"type":"Polygon","coordinates":[[[-88.7569,48.0266],[-88.7587,48.0263],[-88.7568,48.0268],[-88.7569,48.0266]]]},{"type":"Polygon","coordinates":[[[-88.7482,48.0316],[-88.747,48.0321],[-88.7463,48.0316],[-88.7482,48.0316]]]},{"type":"Polygon","coordinates":[[[-88.749,48.0373],[-88.7469,48.038],[-88.7462,48.0381],[-88.7478,48.0369],[-88.749,48.0373]]]},{"type":"Polygon","coordinates":[[[-88.7497,48.0413],[-88.7458,48.0423],[-88.745,48.0421],[-88.7465,48.0414],[-88.7497,48.0413]]]},{"type":"Polygon","coordinates":[[[-88.7275,48.0422],[-88.7247,48.0434],[-88.7269,48.0419],[-88.7275,48.0422]]]},{"type":"Polygon","coordinates":[[[-88.7324,48.0426],[-88.7303,48.0432],[-88.7318,48.0421],[-88.7324,48.0426]]]},{"type":"Polygon","coordinates":[[[-88.7252,48.044],[-88.7285,48.0427],[-88.7294,48.0431],[-88.7285,48.0435],[-88.7252,48.044]]]},{"type":"Polygon","coordinates":[[[-88.7229,48.0454],[-88.7235,48.0439],[-88.7245,48.0438],[-88.7229,48.0454]]]},{"type":"Polygon","coordinates":[[[-88.7268,48.0458],[-88.7255,48.0454],[-88.7242,48.0457],[-88.7237,48.0455],[-88.7254,48.0451],[-88.7268,48.0458]]]},{"type":"Polygon","coordinates":[[[-88.757,48.0463],[-88.7585,48.0462],[-88.7587,48.0466],[-88.756,48.0467],[-88.7565,48.0458],[-88.7581,48.0459],[-88.757,48.0463]]]},{"type":"Polygon","coordinates":[[[-88.7305,48.048],[-88.7345,48.0463],[-88.7368,48.0463],[-88.7305,48.048]]]},{"type":"Polygon","coordinates":[[[-88.7504,48.0471],[-88.7541,48.0484],[-88.7499,48.0479],[-88.7504,48.0471]]]},{"type":"Polygon","coordinates":[[[-88.7493,48.0501],[-88.7483,48.0508],[-88.746,48.0506],[-88.7453,48.0492],[-88.7491,48.0473],[-88.7496,48.0482],[-88.7473,48.0499],[-88.7493,48.0501]]]},{"type":"Polygon","coordinates":[[[-88.7565,48.0497],[-88.7556,48.049],[-88.7566,48.0495],[-88.7565,48.0497]]]},{"type":"Polygon","coordinates":[[[-88.736,48.0506],[-88.7369,48.0496],[-88.738,48.0503],[-88.736,48.0506]]]},{"type":"Polygon","coordinates":[[[-88.7472,48.0511],[-88.7477,48.0516],[-88.7464,48.0515],[-88.7472,48.0511]]]},{"type":"Polygon","coordinates":[[[-88.752,48.0522],[-88.7536,48.0515],[-88.7537,48.0516],[-88.752,48.0522]]]},{"type":"Polygon","coordinates":[[[-88.746,48.0519],[-88.7433,48.0522],[-88.7428,48.0515],[-88.746,48.0519]]]},{"type":"Polygon","coordinates":[[[-88.7417,48.0548],[-88.7415,48.0536],[-88.7437,48.0541],[-88.7433,48.0546],[-88.7417,48.0548]]]},{"type":"Polygon","coordinates":[[[-88.7233,48.0552],[-88.7272,48.0532],[-88.7282,48.0532],[-88.727,48.0548],[-88.7233,48.0552]]]},{"type":"Polygon","coordinates":[[[-88.7439,48.0546],[-88.745,48.0542],[-88.7451,48.0545],[-88.7439,48.0546]]]},{"type":"Polygon","coordinates":[[[-88.7448,48.0553],[-88.743,48.0551],[-88.745,48.0548],[-88.7448,48.0553]]]},{"type":"Polygon","coordinates":[[[-88.7536,48.0572],[-88.7544,48.0569],[-88.7547,48.0573],[-88.7536,48.0572]]]},{"type":"Polygon","coordinates":[[[-88.7456,48.061],[-88.7442,48.061],[-88.7458,48.0607],[-88.7456,48.061]]]},{"type":"Polygon","coordinates":[[[-88.7477,48.0625],[-88.7496,48.0619],[-88.7497,48.062],[-88.7487,48.0627],[-88.7477,48.0625]]]},{"type":"Polygon","coordinates":[[[-88.7436,48.064],[-88.742,48.065],[-88.7393,48.0654],[-88.7436,48.064]]]},{"type":"Polygon","coordinates":[[[-88.7333,48.0656],[-88.7322,48.0666],[-88.7312,48.0662],[-88.7301,48.0673],[-88.7293,48.0672],[-88.7312,48.0658],[-88.7333,48.0656]]]},{"type":"Polygon","coordinates":[[[-88.7376,48.0663],[-88.7297,48.0685],[-88.7296,48.0684],[-88.7363,48.0659],[-88.7376,48.0663]]]},{"type":"Polygon","coordinates":[[[-88.7387,48.067],[-88.7355,48.0685],[-88.734,48.0687],[-88.7383,48.0668],[-88.7387,48.067]]]},{"type":"Polygon","coordinates":[[[-88.75,48.0685],[-88.7512,48.0683],[-88.7531,48.0677],[-88.751,48.0686],[-88.75,48.0685]]]},{"type":"Polygon","coordinates":[[[-88.7452,48.0701],[-88.7461,48.0693],[-88.7465,48.0696],[-88.7463,48.0703],[-88.7452,48.0701]]]},{"type":"Polygon","coordinates":[[[-88.762,48.0723],[-88.7562,48.0749],[-88.7518,48.0757],[-88.762,48.0723]]]},{"type":"Polygon","coordinates":[[[-88.7266,48.0759],[-88.7253,48.0754],[-88.7282,48.0746],[-88.7266,48.0759]]]},{"type":"Polygon","coordinates":[[[-88.7515,48.0752],[-88.7495,48.0768],[-88.7464,48.0779],[-88.7454,48.0778],[-88.7515,48.0752]]]},{"type":"Polygon","coordinates":[[[-88.7344,48.0806],[-88.7368,48.0803],[-88.7322,48.0825],[-88.7344,48.0806]]]},{"type":"Polygon","coordinates":[[[-88.7249,48.0805],[-88.7246,48.0813],[-88.7213,48.0826],[-88.7197,48.0828],[-88.7249,48.0805]]]},{"type":"Polygon","coordinates":[[[-88.7221,48.0848],[-88.7254,48.0845],[-88.7307,48.0825],[-88.7278,48.0853],[-88.7211,48.0862],[-88.7221,48.0848]]]},{"type":"Polygon","coordinates":[[[-88.7275,48.0881],[-88.7243,48.0884],[-88.7271,48.0879],[-88.7275,48.0881]]]},{"type":"Polygon","coordinates":[[[-88.724,48.0935],[-88.7223,48.0942],[-88.7214,48.094],[-88.723,48.0934],[-88.724,48.0935]]]},{"type":"Polygon","coordinates":[[[-88.727,48.096],[-88.7267,48.097],[-88.7253,48.0971],[-88.727,48.096]]]},{"type":"Polygon","coordinates":[[[-88.7277,48.102],[-88.7256,48.1027],[-88.724,48.1031],[-88.7277,48.102]]]},{"type":"Polygon","coordinates":[[[-88.7285,48.102],[-88.7241,48.1042],[-88.7232,48.1042],[-88.7285,48.102]]]},{"type":"Polygon","coordinates":[[[-88.7236,48.1034],[-88.7237,48.1036],[-88.7232,48.1036],[-88.7236,48.1034]]]},{"type":"Polygon","coordinates":[[[-88.7232,48.1036],[-88.7223,48.1041],[-88.7217,48.1042],[-88.7232,48.1036]]]},{"type":"Polygon","coordinates":[[[-88.7104,47.998],[-88.7279,47.9932],[-88.7161,47.9969],[-88.7157,47.9984],[-88.7104,47.998]],[[-88.7154,47.997],[-88.7155,47.9969],[-88.7153,47.9969],[-88.7154,47.997]]]},{"type":"Polygon","coordinates":[[[-88.7174,47.9978],[-88.719,47.9974],[-88.7157,47.9987],[-88.7174,47.9978]]]},{"type":"Polygon","coordinates":[[[-88.7095,47.9983],[-88.7151,47.9987],[-88.7102,48.0008],[-88.7091,48.0007],[-88.7103,47.9996],[-88.7085,47.9999],[-88.7098,47.9995],[-88.7095,47.9983]]]},{"type":"Polygon","coordinates":[[[-88.7087,47.9985],[-88.7053,47.9998],[-88.7038,48.001],[-88.7044,48.0],[-88.7076,47.9983],[-88.7087,47.9985]]]},{"type":"Polygon","coordinates":[[[-88.7032,48.0023],[-88.7049,48.0014],[-88.7061,48.0017],[-88.7032,48.0023]]]},{"type":"Polygon","coordinates":[[[-88.7122,48.001],[-88.7133,48.0022],[-88.7138,48.0007],[-88.716,48.0017],[-88.7104,48.0035],[-88.7122,48.001]]]},{"type":"Polygon","coordinates":[[[-88.701,48.0028],[-88.7022,48.0031],[-88.7,48.0034],[-88.701,48.0028]]]},{"type":"Polygon","coordinates":[[[-88.7063,48.0028],[-88.7061,48.0034],[-88.7052,48.0034],[-88.7063,48.0028]]]},{"type":"Polygon","coordinates":[[[-88.7036,48.0042],[-88.7022,48.005],[-88.7016,48.0042],[-88.7036,48.0042]]]},{"type":"Polygon","coordinates":[[[-88.703,48.0014],[-88.6765,48.0098],[-88.6744,48.0112],[-88.6775,48.0089],[-88.692,48.0036],[-88.7004,48.0012],[-88.703,48.0014]]]},{"type":"Polygon","coordinates":[[[-88.6978,48.0071],[-88.6929,48.0081],[-88.6977,48.0068],[-88.6978,48.0071]]]},{"type":"Polygon","coordinates":[[[-88.716,48.0095],[-88.7145,48.0097],[-88.7169,48.0088],[-88.716,48.0095]]]},{"type":"Polygon","coordinates":[[[-88.7055,48.0103],[-88.7067,48.009],[-88.7087,48.0088],[-88.7055,48.0103]]]},{"type":"Polygon","coordinates":[[[-88.7026,48.01],[-88.7042,48.0092],[-88.7043,48.009],[-88.7045,48.0089],[-88.7062,48.0087],[-88.7026,48.01]]]},{"type":"Polygon","coordinates":[[[-88.717,48.0095],[-88.7162,48.0099],[-88.7156,48.0099],[-88.717,48.0095]]]},{"type":"Polygon","coordinates":[[[-88.698,48.0115],[-88.6996,48.0104],[-88.7,48.0105],[-88.698,48.0115]]]},{"type":"Polygon","coordinates":[[[-88.7064,48.0122],[-88.7077,48.0116],[-88.7083,48.0117],[-88.7079,48.0121],[-88.7064,48.0122]]]},{"type":"Polygon","coordinates":[[[-88.7068,48.0117],[-88.7044,48.013],[-88.7057,48.0119],[-88.7068,48.0117]]]},{"type":"Polygon","coordinates":[[[-88.6952,48.0118],[-88.6937,48.0123],[-88.692,48.0128],[-88.6952,48.0118]]]},{"type":"Polygon","coordinates":[[[-88.7211,48.0125],[-88.717,48.0125],[-88.718,48.0119],[-88.7211,48.0125]]]},{"type":"Polygon","coordinates":[[[-88.708,48.0126],[-88.7103,48.0124],[-88.707,48.0131],[-88.7086,48.0119],[-88.708,48.0126]]]},{"type":"Polygon","coordinates":[[[-88.7071,48.0126],[-88.7059,48.0131],[-88.7045,48.0132],[-88.7063,48.0124],[-88.7071,48.0126]]]},{"type":"Polygon","coordinates":[[[-88.7118,48.0127],[-88.7139,48.0128],[-88.7117,48.0131],[-88.7118,48.0127]]]},{"type":"Polygon","coordinates":[[[-88.7231,48.0135],[-88.7205,48.0145],[-88.7233,48.013],[-88.7231,48.0135]]]},{"type":"Polygon","coordinates":[[[-88.7163,48.0137],[-88.718,48.014],[-88.7168,48.0141],[-88.7163,48.0137]]]},{"type":"Polygon","coordinates":[[[-88.7209,48.0137],[-88.7197,48.0142],[-88.7182,48.0142],[-88.7209,48.0137]]]},{"type":"Polygon","coordinates":[[[-88.7093,48.0135],[-88.7084,48.0142],[-88.706,48.0151],[-88.7076,48.0142],[-88.7043,48.0146],[-88.7093,48.0135]]]},{"type":"Polygon","coordinates":[[[-88.7005,48.0133],[-88.6976,48.0145],[-88.7019,48.0138],[-88.6985,48.0151],[-88.6972,48.0145],[-88.7005,48.0133]]]},{"type":"Polygon","coordinates":[[[-88.7221,48.0149],[-88.7211,48.0147],[-88.723,48.014],[-88.7221,48.0149]]]},{"type":"Polygon","coordinates":[[[-88.6955,48.0129],[-88.6901,48.0145],[-88.6882,48.0158],[-88.6928,48.0146],[-88.6927,48.0152],[-88.6865,48.0164],[-88.6893,48.0145],[-88.6955,48.0129]]]},{"type":"Polygon","coordinates":[[[-88.7081,48.0159],[-88.7089,48.015],[-88.7113,48.0144],[-88.7081,48.0159]]]},{"type":"Polygon","coordinates":[[[-88.6989,48.017],[-88.7016,48.0145],[-88.705,48.0136],[-88.701,48.0163],[-88.7034,48.0151],[-88.7048,48.0158],[-88.7036,48.0158],[-88.6989,48.017]]]},{"type":"Polygon","coordinates":[[[-88.7043,48.016],[-88.7063,48.0156],[-88.7065,48.0152],[-88.711,48.0132],[-88.712,48.0136],[-88.7045,48.0163],[-88.7052,48.0175],[-88.7037,48.0171],[-88.7043,48.016]]]},{"type":"Polygon","coordinates":[[[-88.7182,48.0162],[-88.7181,48.0159],[-88.7194,48.0156],[-88.7182,48.0162]]]},{"type":"Polygon","coordinates":[[[-88.6954,48.0146],[-88.6912,48.0169],[-88.6889,48.0171],[-88.6954,48.0146]]]},{"type":"Polygon","coordinates":[[[-88.72,48.0164],[-88.721,48.0158],[-88.7215,48.0158],[-88.7213,48.016],[-88.72,48.0164]]]},{"type":"Polygon","coordinates":[[[-88.7202,48.0167],[-88.7223,48.0159],[-88.7227,48.0161],[-88.7213,48.0172],[-88.7177,48.017],[-88.7187,48.0162],[-88.7204,48.0157],[-88.7194,48.0162],[-88.7202,48.0167]]]},{"type":"Polygon","coordinates":[[[-88.7066,48.0164],[-88.7065,48.0169],[-88.7051,48.017],[-88.7056,48.0164],[-88.7066,48.0164]]]},{"type":"Polygon","coordinates":[[[-88.71,48.0156],[-88.7068,48.018],[-88.7062,48.0178],[-88.71,48.0156]]]},{"type":"Polygon","coordinates":[[[-88.6937,48.0178],[-88.697,48.0158],[-88.6955,48.0159],[-88.6895,48.0193],[-88.6851,48.0206],[-88.6943,48.0157],[-88.6997,48.0152],[-88.701,48.0147],[-88.6937,48.0178]]]},{"type":"Polygon","coordinates":[[[-88.7168,48.0182],[-88.7153,48.0187],[-88.7147,48.0185],[-88.7157,48.0176],[-88.7168,48.0182]]]},{"type":"Polygon","coordinates":[[[-88.7163,48.0187],[-88.7188,48.0178],[-88.7195,48.018],[-88.7163,48.0187]]]},{"type":"Polygon","coordinates":[[[-88.7037,48.0197],[-88.7041,48.0193],[-88.7048,48.0195],[-88.7037,48.0197]]]},{"type":"Polygon","coordinates":[[[-88.6957,48.021],[-88.7001,48.0192],[-88.7026,48.019],[-88.6957,48.021]]]},{"type":"Polygon","coordinates":[[[-88.6981,48.0218],[-88.7037,48.0201],[-88.7064,48.0193],[-88.6981,48.0218]]]},{"type":"Polygon","coordinates":[[[-88.6951,48.019],[-88.699,48.0185],[-88.693,48.0198],[-88.6907,48.021],[-88.6887,48.0211],[-88.6868,48.022],[-88.6906,48.0212],[-88.69,48.022],[-88.691,48.0225],[-88.6893,48.0234],[-88.6881,48.0237],[-88.6874,48.0224],[-88.6856,48.023],[-88.6878,48.0232],[-88.6867,48.024],[-88.6849,48.0232],[-88.6866,48.0218],[-88.6886,48.0209],[-88.6951,48.019]],[[-88.6886,48.0221],[-88.6891,48.0229],[-88.6897,48.0221],[-88.6886,48.0221]]]},{"type":"Polygon","coordinates":[[[-88.6966,48.0215],[-88.6944,48.0224],[-88.6932,48.0219],[-88.6938,48.0213],[-88.6966,48.0215]]]},{"type":"Polygon","coordinates":[[[-88.7047,48.0215],[-88.702,48.0224],[-88.701,48.0222],[-88.7028,48.0215],[-88.7047,48.0215]]]},{"type":"Polygon","coordinates":[[[-88.6814,48.0236],[-88.6846,48.0218],[-88.6834,48.0217],[-88.6821,48.0227],[-88.6834,48.0214],[-88.6873,48.0209],[-88.6814,48.0236]]]},{"type":"Polygon","coordinates":[[[-88.6992,48.022],[-88.6964,48.0243],[-88.6943,48.0238],[-88.6964,48.0222],[-88.6991,48.0218],[-88.7004,48.0221],[-88.6984,48.0235],[-88.6992,48.022]],[[-88.6957,48.0231],[-88.6965,48.0233],[-88.6969,48.0225],[-88.6957,48.0231]]]},{"type":"Polygon","coordinates":[[[-88.7081,48.0221],[-88.705,48.0243],[-88.7051,48.0234],[-88.7081,48.0221]]]},{"type":"Polygon","coordinates":[[[-88.7093,48.0227],[-88.7079,48.0232],[-88.7071,48.0237],[-88.7075,48.0231],[-88.7093,48.0227]]]},{"type":"Polygon","coordinates":[[[-88.6878,48.0244],[-88.6938,48.0222],[-88.6927,48.0234],[-88.6878,48.0244]]]},{"type":"Polygon","coordinates":[[[-88.699,48.0234],[-88.7023,48.0225],[-88.7027,48.0227],[-88.6998,48.0233],[-88.6992,48.0248],[-88.6967,48.0245],[-88.699,48.0234]]]},{"type":"Polygon","coordinates":[[[-88.7093,48.0241],[-88.7109,48.0234],[-88.708,48.0252],[-88.7081,48.0237],[-88.7104,48.0226],[-88.7093,48.0241]]]},{"type":"Polygon","coordinates":[[[-88.7096,48.0264],[-88.7091,48.0271],[-88.708,48.0267],[-88.7096,48.0264]]]},{"type":"Polygon","coordinates":[[[-88.689,48.0288],[-88.6885,48.0308],[-88.6886,48.0298],[-88.6871,48.0309],[-88.6864,48.0307],[-88.6876,48.0291],[-88.689,48.0288]]]},{"type":"Polygon","coordinates":[[[-88.7056,48.0337],[-88.7039,48.0334],[-88.7012,48.0343],[-88.7034,48.0317],[-88.704,48.0325],[-88.7027,48.0332],[-88.7051,48.0331],[-88.7056,48.0337]]]},{"type":"Polygon","coordinates":[[[-88.7055,48.0342],[-88.7071,48.0333],[-88.7073,48.0335],[-88.7055,48.0342]]]},{"type":"Polygon","coordinates":[[[-88.6754,48.0356],[-88.6748,48.0365],[-88.6764,48.0364],[-88.672,48.0369],[-88.6706,48.0383],[-88.671,48.0372],[-88.6699,48.0378],[-88.6694,48.0377],[-88.6754,48.0356]]]},{"type":"Polygon","coordinates":[[[-88.6805,48.0374],[-88.6784,48.038],[-88.6805,48.0373],[-88.6805,48.0374]]]},{"type":"Polygon","coordinates":[[[-88.7103,48.0379],[-88.7112,48.0373],[-88.7119,48.0381],[-88.7111,48.0383],[-88.7103,48.0379]]]},{"type":"Polygon","coordinates":[[[-88.6844,48.0376],[-88.6838,48.0385],[-88.6822,48.0382],[-88.6822,48.0379],[-88.6844,48.0376]]]},{"type":"Polygon","coordinates":[[[-88.6835,48.0404],[-88.6822,48.0413],[-88.6813,48.0411],[-88.6835,48.0404]]]},{"type":"Polygon","coordinates":[[[-88.6775,48.0426],[-88.6815,48.0417],[-88.6791,48.0431],[-88.6775,48.0426]]]},{"type":"Polygon","coordinates":[[[-88.7125,48.0451],[-88.7132,48.0445],[-88.7163,48.0445],[-88.7139,48.0457],[-88.7125,48.0451]]]},{"type":"Polygon","coordinates":[[[-88.7042,48.0448],[-88.7001,48.0463],[-88.7016,48.0451],[-88.7042,48.0448]]]},{"type":"Polygon","coordinates":[[[-88.7088,48.0453],[-88.7068,48.0461],[-88.706,48.046],[-88.7088,48.0453]]]},{"type":"Polygon","coordinates":[[[-88.7008,48.0501],[-88.6994,48.0499],[-88.7014,48.0496],[-88.7008,48.0501]]]},{"type":"Polygon","coordinates":[[[-88.6892,48.0524],[-88.6914,48.0511],[-88.692,48.0512],[-88.6892,48.0524]]]},{"type":"Polygon","coordinates":[[[-88.7225,48.0524],[-88.7202,48.0526],[-88.7234,48.0514],[-88.7225,48.0524]]]},{"type":"Polygon","coordinates":[[[-88.6935,48.0524],[-88.6902,48.0539],[-88.6889,48.0541],[-88.6935,48.0524]]]},{"type":"Polygon","coordinates":[[[-88.6851,48.0542],[-88.6825,48.0556],[-88.682,48.0555],[-88.6836,48.054],[-88.6851,48.0542]]]},{"type":"Polygon","coordinates":[[[-88.6742,48.0563],[-88.6725,48.057],[-88.6719,48.057],[-88.6742,48.0563]]]},{"type":"Polygon","coordinates":[[[-88.7,48.0562],[-88.6952,48.0593],[-88.6929,48.0594],[-88.6963,48.0572],[-88.7,48.0562]]]},{"type":"Polygon","coordinates":[[[-88.6727,48.0599],[-88.6714,48.0604],[-88.6709,48.0603],[-88.6731,48.0597],[-88.6736,48.0604],[-88.6723,48.0606],[-88.6727,48.0599]]]},{"type":"Polygon","coordinates":[[[-88.6736,48.0672],[-88.6732,48.068],[-88.6725,48.068],[-88.6736,48.0672]]]},{"type":"Polygon","coordinates":[[[-88.6932,48.0681],[-88.6942,48.0691],[-88.6915,48.0703],[-88.6912,48.0689],[-88.6932,48.0681]]]},{"type":"Polygon","coordinates":[[[-88.6901,48.0708],[-88.6871,48.0725],[-88.6858,48.0723],[-88.6901,48.0708]]]},{"type":"Polygon","coordinates":[[[-88.7196,48.0821],[-88.7211,48.0817],[-88.7214,48.0817],[-88.721,48.0822],[-88.7196,48.0821]]]},{"type":"Polygon","coordinates":[[[-88.7088,48.0872],[-88.7084,48.0878],[-88.7081,48.0875],[-88.7088,48.0872]]]},{"type":"Polygon","coordinates":[[[-88.7172,48.0963],[-88.7173,48.0952],[-88.7189,48.0953],[-88.7172,48.0963]]]},{"type":"Polygon","coordinates":[[[-88.6831,48.0989],[-88.6796,48.1005],[-88.6792,48.1005],[-88.6831,48.0989]]]},{"type":"Polygon","coordinates":[[[-88.697,48.0957],[-88.6862,48.1028],[-88.6791,48.1047],[-88.6803,48.1031],[-88.6826,48.1032],[-88.692,48.0985],[-88.6889,48.099],[-88.693,48.0966],[-88.697,48.0957]]]},{"type":"Polygon","coordinates":[[[-88.6722,48.1027],[-88.6748,48.1015],[-88.6758,48.1016],[-88.6743,48.1027],[-88.6722,48.1027]]]},{"type":"Polygon","coordinates":[[[-88.6957,48.1034],[-88.6934,48.1049],[-88.6933,48.1048],[-88.6957,48.1034]]]},{"type":"Polygon","coordinates":[[[-88.7193,48.1052],[-88.7183,48.106],[-88.7179,48.1058],[-88.7193,48.1052]]]},{"type":"Polygon","coordinates":[[[-88.6738,48.1053],[-88.6727,48.1062],[-88.6712,48.1064],[-88.6738,48.1053]]]},{"type":"Polygon","coordinates":[[[-88.688,48.1101],[-88.6912,48.1074],[-88.6892,48.1096],[-88.688,48.1101]]]},{"type":"Polygon","coordinates":[[[-88.6924,48.1092],[-88.6906,48.1102],[-88.6868,48.1114],[-88.6924,48.1092]]]},{"type":"Polygon","coordinates":[[[-88.6907,48.1112],[-88.6946,48.1095],[-88.695,48.1096],[-88.693,48.1108],[-88.6907,48.1112]]]},{"type":"Polygon","coordinates":[[[-88.6758,48.1149],[-88.6722,48.1152],[-88.6701,48.1151],[-88.6754,48.1147],[-88.6758,48.1149]]]},{"type":"Polygon","coordinates":[[[-88.6765,48.1206],[-88.6734,48.1202],[-88.6708,48.1206],[-88.6733,48.1201],[-88.6765,48.1206]]]},{"type":"Polygon","coordinates":[[[-88.6655,48.015],[-88.6692,48.0118],[-88.6738,48.0109],[-88.6694,48.0123],[-88.6655,48.015]]]},{"type":"Polygon","coordinates":[[[-88.6651,48.0152],[-88.6641,48.0151],[-88.6627,48.0155],[-88.6638,48.0149],[-88.6651,48.0152]]]},{"type":"Polygon","coordinates":[[[-88.6532,48.0196],[-88.6614,48.0155],[-88.6626,48.0155],[-88.6584,48.0181],[-88.6541,48.0197],[-88.6507,48.0226],[-88.65,48.0226],[-88.6532,48.0196]]]},{"type":"Polygon","coordinates":[[[-88.6711,48.0203],[-88.67,48.0209],[-88.6692,48.0208],[-88.6709,48.0201],[-88.6731,48.0198],[-88.6699,48.0212],[-88.6711,48.0203]]]},{"type":"Polygon","coordinates":[[[-88.6616,48.0197],[-88.6629,48.0199],[-88.658,48.0218],[-88.6616,48.0197]]]},{"type":"Polygon","coordinates":[[[-88.6628,48.0216],[-88.6602,48.0228],[-88.6594,48.0229],[-88.6608,48.022],[-88.6628,48.0216]]]},{"type":"Polygon","coordinates":[[[-88.673,48.0215],[-88.6701,48.0237],[-88.6696,48.0236],[-88.673,48.0215]]]},{"type":"Polygon","coordinates":[[[-88.6466,48.024],[-88.6477,48.0229],[-88.6496,48.0228],[-88.6479,48.023],[-88.6466,48.024]]]},{"type":"Polygon","coordinates":[[[-88.6698,48.0231],[-88.6679,48.0241],[-88.6676,48.0241],[-88.6698,48.0231]]]},{"type":"Polygon","coordinates":[[[-88.6571,48.0254],[-88.6591,48.0248],[-88.6572,48.0259],[-88.6571,48.0254]]]},{"type":"Polygon","coordinates":[[[-88.6687,48.0246],[-88.6647,48.0263],[-88.6626,48.0265],[-88.6687,48.0246]]]},{"type":"Polygon","coordinates":[[[-88.6399,48.0262],[-88.6465,48.0242],[-88.6415,48.0258],[-88.6409,48.0273],[-88.6394,48.027],[-88.6399,48.0262]]]},{"type":"Polygon","coordinates":[[[-88.6465,48.0259],[-88.6452,48.0259],[-88.6467,48.0255],[-88.6465,48.0259]]]},{"type":"Polygon","coordinates":[[[-88.6625,48.0275],[-88.6604,48.028],[-88.6628,48.0271],[-88.6625,48.0275]]]},{"type":"Polygon","coordinates":[[[-88.6411,48.0281],[-88.6411,48.0272],[-88.642,48.0271],[-88.6428,48.028],[-88.6411,48.0281]]]},{"type":"Polygon","coordinates":[[[-88.6511,48.0292],[-88.6521,48.0297],[-88.6502,48.0299],[-88.6511,48.0292]]]},{"type":"Polygon","coordinates":[[[-88.649,48.0301],[-88.6484,48.0292],[-88.6493,48.0292],[-88.649,48.0301]]]},{"type":"Polygon","coordinates":[[[-88.6468,48.0295],[-88.6446,48.0305],[-88.6427,48.0304],[-88.6452,48.0291],[-88.6468,48.0295]]]},{"type":"Polygon","coordinates":[[[-88.6476,48.0305],[-88.6474,48.0298],[-88.6479,48.0302],[-88.6476,48.0305]]]},{"type":"Polygon","coordinates":[[[-88.6459,48.0306],[-88.6464,48.031],[-88.6439,48.0317],[-88.6459,48.0306]]]},{"type":"Polygon","coordinates":[[[-88.6463,48.0321],[-88.6472,48.0308],[-88.649,48.031],[-88.6481,48.0316],[-88.6463,48.0321]]]},{"type":"Polygon","coordinates":[[[-88.6286,48.0339],[-88.6369,48.0294],[-88.642,48.0304],[-88.6371,48.0297],[-88.6287,48.0341],[-88.6207,48.0363],[-88.6286,48.0339]]]},{"type":"Polygon","coordinates":[[[-88.6596,48.0329],[-88.6608,48.0331],[-88.6593,48.0339],[-88.6596,48.0329]]]},{"type":"Polygon","coordinates":[[[-88.6361,48.0342],[-88.6348,48.0343],[-88.6368,48.0338],[-88.6361,48.0342]]]},{"type":"Polygon","coordinates":[[[-88.6368,48.0346],[-88.6349,48.0348],[-88.637,48.0343],[-88.6368,48.0346]]]},{"type":"Polygon","coordinates":[[[-88.6623,48.0358],[-88.6651,48.0345],[-88.6654,48.0346],[-88.6651,48.0353],[-88.6623,48.0358]]]},{"type":"Polygon","coordinates":[[[-88.6416,48.0359],[-88.6399,48.0364],[-88.6416,48.0356],[-88.6416,48.0359]]]},{"type":"Polygon","coordinates":[[[-88.6706,48.0359],[-88.667,48.0372],[-88.6664,48.0367],[-88.6706,48.0359]]]},{"type":"Polygon","coordinates":[[[-88.6407,48.0371],[-88.643,48.0361],[-88.6442,48.0361],[-88.6422,48.037],[-88.6407,48.0371]]]},{"type":"Polygon","coordinates":[[[-88.643,48.0384],[-88.6456,48.0382],[-88.6421,48.0394],[-88.643,48.0384]]]},{"type":"Polygon","coordinates":[[[-88.6422,48.0406],[-88.6413,48.0403],[-88.6424,48.04],[-88.6422,48.0406]]]},{"type":"Polygon","coordinates":[[[-88.6379,48.0423],[-88.6467,48.0394],[-88.6357,48.0445],[-88.6388,48.0428],[-88.6379,48.0423]]]},{"type":"Polygon","coordinates":[[[-88.6526,48.0417],[-88.6521,48.0437],[-88.6512,48.0438],[-88.6526,48.0417]]]},{"type":"Polygon","coordinates":[[[-88.6549,48.0433],[-88.6562,48.0425],[-88.6569,48.0424],[-88.6567,48.043],[-88.6549,48.0433]]]},{"type":"Polygon","coordinates":[[[-88.6582,48.0442],[-88.6549,48.0442],[-88.6599,48.0433],[-88.6582,48.0442]]]},{"type":"Polygon","coordinates":[[[-88.6496,48.0427],[-88.6469,48.0447],[-88.6453,48.0448],[-88.6496,48.0427]]]},{"type":"Polygon","coordinates":[[[-88.6402,48.0431],[-88.6372,48.0449],[-88.6348,48.0455],[-88.6402,48.0431]]]},{"type":"Polygon","coordinates":[[[-88.6715,48.0472],[-88.6704,48.0468],[-88.6731,48.0462],[-88.6715,48.0472]]]},{"type":"Polygon","coordinates":[[[-88.6446,48.0474],[-88.6439,48.0477],[-88.6451,48.047],[-88.6446,48.0474]]]},{"type":"Polygon","coordinates":[[[-88.6641,48.0515],[-88.6648,48.0505],[-88.6653,48.0506],[-88.6641,48.0515]]]},{"type":"Polygon","coordinates":[[[-88.6632,48.0513],[-88.6619,48.0523],[-88.6593,48.0524],[-88.6606,48.0516],[-88.6622,48.0512],[-88.6632,48.0513]]]},{"type":"Polygon","coordinates":[[[-88.6472,48.0531],[-88.651,48.0521],[-88.6533,48.0522],[-88.6461,48.0535],[-88.6468,48.0526],[-88.6487,48.0518],[-88.6472,48.0531]]]},{"type":"Polygon","coordinates":[[[-88.6438,48.0526],[-88.6438,48.053],[-88.6424,48.0533],[-88.6438,48.0526]]]},{"type":"Polygon","coordinates":[[[-88.653,48.0542],[-88.6618,48.0525],[-88.6638,48.0528],[-88.6543,48.0548],[-88.653,48.0542]]]},{"type":"Polygon","coordinates":[[[-88.6526,48.0548],[-88.6491,48.0552],[-88.6483,48.0554],[-88.652,48.0541],[-88.6526,48.0548]]]},{"type":"Polygon","coordinates":[[[-88.6593,48.0596],[-88.6607,48.0601],[-88.659,48.0603],[-88.6593,48.0596]]]},{"type":"Polygon","coordinates":[[[-88.654,48.0607],[-88.6569,48.0598],[-88.655,48.061],[-88.654,48.0607]]]},{"type":"Polygon","coordinates":[[[-88.6494,48.0623],[-88.6482,48.0625],[-88.6505,48.0616],[-88.6494,48.0623]]]},{"type":"Polygon","coordinates":[[[-88.6543,48.0614],[-88.6509,48.0629],[-88.6495,48.0627],[-88.651,48.0619],[-88.6543,48.0614]]]},{"type":"Polygon","coordinates":[[[-88.6441,48.0644],[-88.6435,48.0637],[-88.6445,48.0642],[-88.6441,48.0644]]]},{"type":"Polygon","coordinates":[[[-88.6462,48.0639],[-88.6444,48.065],[-88.6449,48.0642],[-88.6462,48.0639]]]},{"type":"Polygon","coordinates":[[[-88.6651,48.0636],[-88.6644,48.0651],[-88.6628,48.0652],[-88.6651,48.0636]]]},{"type":"Polygon","coordinates":[[[-88.6567,48.0664],[-88.6615,48.0642],[-88.6624,48.0643],[-88.6567,48.0664]]]},{"type":"Polygon","coordinates":[[[-88.644,48.0659],[-88.6464,48.0649],[-88.6468,48.0652],[-88.644,48.0659]]]},{"type":"Polygon","coordinates":[[[-88.6597,48.0682],[-88.6588,48.0681],[-88.6597,48.0672],[-88.6583,48.0676],[-88.6598,48.0668],[-88.6609,48.0673],[-88.6635,48.0662],[-88.6597,48.0682]]]},{"type":"Polygon","coordinates":[[[-88.6551,48.0669],[-88.6544,48.0679],[-88.654,48.0679],[-88.6551,48.0669]]]},{"type":"Polygon","coordinates":[[[-88.6681,48.0684],[-88.6697,48.0676],[-88.6708,48.0675],[-88.6681,48.0684]]]},{"type":"Polygon","coordinates":[[[-88.6672,48.0692],[-88.6673,48.07],[-88.6669,48.0701],[-88.6672,48.0692]]]},{"type":"Polygon","coordinates":[[[-88.6561,48.0694],[-88.6519,48.0708],[-88.6535,48.0698],[-88.6561,48.0694]]]},{"type":"Polygon","coordinates":[[[-88.6495,48.0721],[-88.651,48.0711],[-88.6515,48.0712],[-88.6495,48.0721]]]},{"type":"Polygon","coordinates":[[[-88.6475,48.0713],[-88.6463,48.072],[-88.645,48.0722],[-88.6453,48.0718],[-88.6475,48.0713]]]},{"type":"Polygon","coordinates":[[[-88.6494,48.0723],[-88.6452,48.0734],[-88.6477,48.0716],[-88.6494,48.0723]]]},{"type":"Polygon","coordinates":[[[-88.642,48.0733],[-88.6448,48.0724],[-88.6443,48.0731],[-88.6436,48.0736],[-88.642,48.0733]]]},{"type":"Polygon","coordinates":[[[-88.6575,48.0735],[-88.6554,48.0746],[-88.6554,48.0744],[-88.6575,48.0735]]]},{"type":"Polygon","coordinates":[[[-88.6586,48.0745],[-88.6575,48.0751],[-88.6569,48.0751],[-88.6572,48.0748],[-88.6586,48.0745]]]},{"type":"Polygon","coordinates":[[[-88.6506,48.0756],[-88.6549,48.0743],[-88.6528,48.0756],[-88.6506,48.0756]]]},{"type":"Polygon","coordinates":[[[-88.6394,48.0753],[-88.6349,48.0773],[-88.6333,48.0772],[-88.6371,48.0756],[-88.6394,48.0753]]]},{"type":"Polygon","coordinates":[[[-88.6471,48.0777],[-88.6515,48.076],[-88.6557,48.0753],[-88.6494,48.0775],[-88.6471,48.0777]]]},{"type":"Polygon","coordinates":[[[-88.6515,48.0772],[-88.6478,48.0792],[-88.6455,48.0795],[-88.6515,48.0772]]]},{"type":"Polygon","coordinates":[[[-88.6658,48.0811],[-88.6681,48.0789],[-88.6695,48.0797],[-88.6684,48.0814],[-88.6658,48.0811]]]},{"type":"Polygon","coordinates":[[[-88.6599,48.0804],[-88.6549,48.0828],[-88.6584,48.0805],[-88.6599,48.0804]]]},{"type":"Polygon","coordinates":[[[-88.6621,48.083],[-88.6634,48.0809],[-88.6645,48.0815],[-88.663,48.0816],[-88.6621,48.083]]]},{"type":"Polygon","coordinates":[[[-88.6341,48.0831],[-88.6367,48.0818],[-88.6378,48.082],[-88.6362,48.083],[-88.6341,48.0831]]]},{"type":"Polygon","coordinates":[[[-88.6337,48.0834],[-88.6335,48.0839],[-88.6322,48.0843],[-88.6337,48.0834]]]},{"type":"Polygon","coordinates":[[[-88.6563,48.0856],[-88.6572,48.0845],[-88.6577,48.0843],[-88.6577,48.0855],[-88.6563,48.0856]]]},{"type":"Polygon","coordinates":[[[-88.6524,48.0861],[-88.6488,48.0876],[-88.6487,48.0872],[-88.6527,48.0851],[-88.6516,48.0852],[-88.652,48.0843],[-88.6488,48.0855],[-88.6495,48.0844],[-88.6526,48.0831],[-88.6528,48.0847],[-88.6557,48.0848],[-88.6546,48.0868],[-88.6524,48.0861]]]},{"type":"Polygon","coordinates":[[[-88.6347,48.0933],[-88.6397,48.0912],[-88.6399,48.0914],[-88.6362,48.093],[-88.6347,48.0933]]]},{"type":"Polygon","coordinates":[[[-88.6622,48.1029],[-88.6649,48.1026],[-88.6613,48.104],[-88.6622,48.1029]]]},{"type":"Polygon","coordinates":[[[-88.6511,48.1045],[-88.6498,48.1049],[-88.6498,48.1048],[-88.6511,48.1045]]]},{"type":"Polygon","coordinates":[[[-88.6446,48.1056],[-88.6446,48.1065],[-88.6432,48.1063],[-88.6446,48.1056]]]},{"type":"Polygon","coordinates":[[[-88.6353,48.1065],[-88.6354,48.1075],[-88.6328,48.1076],[-88.6337,48.107],[-88.6353,48.1065]]]},{"type":"Polygon","coordinates":[[[-88.6339,48.1083],[-88.6375,48.1072],[-88.6367,48.1058],[-88.6385,48.1069],[-88.6339,48.1083]]]},{"type":"Polygon","coordinates":[[[-88.6626,48.1084],[-88.663,48.1091],[-88.6618,48.109],[-88.6626,48.1084]]]},{"type":"Polygon","coordinates":[[[-88.6514,48.1108],[-88.6612,48.1081],[-88.662,48.1083],[-88.6568,48.1105],[-88.6514,48.1108]]]},{"type":"Polygon","coordinates":[[[-88.6525,48.1133],[-88.6537,48.1125],[-88.6566,48.112],[-88.6525,48.1133]]]},{"type":"Polygon","coordinates":[[[-88.649,48.1118],[-88.6386,48.1166],[-88.6317,48.1183],[-88.6426,48.1138],[-88.6429,48.1127],[-88.649,48.1118]]]},{"type":"Polygon","coordinates":[[[-88.6691,48.115],[-88.6666,48.1156],[-88.6662,48.1155],[-88.6691,48.115]]]},{"type":"Polygon","coordinates":[[[-88.6679,48.1198],[-88.6667,48.1203],[-88.664,48.1206],[-88.6645,48.1202],[-88.6679,48.1198]]]},{"type":"Polygon","coordinates":[[[-88.6477,48.126],[-88.6524,48.1243],[-88.6485,48.126],[-88.6477,48.126]]]},{"type":"Polygon","coordinates":[[[-88.6531,48.1257],[-88.6542,48.1252],[-88.6555,48.125],[-88.6531,48.1257]]]},{"type":"Polygon","coordinates":[[[-88.6631,48.1346],[-88.6532,48.1383],[-88.6529,48.1382],[-88.6583,48.1361],[-88.6631,48.1346]]]},{"type":"Polygon","coordinates":[[[-88.6333,48.1383],[-88.6367,48.1369],[-88.6363,48.1374],[-88.6337,48.1384],[-88.6333,48.1383]]]},{"type":"Polygon","coordinates":[[[-88.6412,48.1419],[-88.6437,48.1411],[-88.6475,48.1397],[-88.6419,48.142],[-88.6412,48.1419]]]},{"type":"Polygon","coordinates":[[[-88.6286,48.0396],[-88.6274,48.0403],[-88.6282,48.0393],[-88.6286,48.0396]]]},{"type":"Polygon","coordinates":[[[-88.611,48.0403],[-88.617,48.0386],[-88.6138,48.0408],[-88.61,48.0419],[-88.611,48.0403]]]},{"type":"Polygon","coordinates":[[[-88.6098,48.0424],[-88.6097,48.0424],[-88.6097,48.0423],[-88.6098,48.0424]]]},{"type":"Polygon","coordinates":[[[-88.6012,48.046],[-88.6073,48.0421],[-88.6097,48.0424],[-88.6012,48.046]]]},{"type":"Polygon","coordinates":[[[-88.6215,48.0448],[-88.6199,48.0456],[-88.6191,48.0455],[-88.6215,48.0448]]]},{"type":"Polygon","coordinates":[[[-88.6211,48.0453],[-88.6229,48.0451],[-88.6204,48.0459],[-88.6211,48.0453]]]},{"type":"Polygon","coordinates":[[[-88.5988,48.0466],[-88.6005,48.0466],[-88.597,48.0483],[-88.5988,48.0466]]]},{"type":"Polygon","coordinates":[[[-88.6272,48.048],[-88.623,48.0498],[-88.6283,48.0472],[-88.6272,48.048]]]},{"type":"Polygon","coordinates":[[[-88.6138,48.0484],[-88.6124,48.0493],[-88.6121,48.0492],[-88.6138,48.0484]]]},{"type":"Polygon","coordinates":[[[-88.592,48.0508],[-88.5941,48.0492],[-88.5964,48.0486],[-88.592,48.0508]]]},{"type":"Polygon","coordinates":[[[-88.6063,48.0522],[-88.6054,48.0519],[-88.6064,48.0519],[-88.6063,48.0522]]]},{"type":"Polygon","coordinates":[[[-88.6086,48.0551],[-88.6076,48.0552],[-88.6092,48.0548],[-88.6086,48.0551]]]},{"type":"Polygon","coordinates":[[[-88.6144,48.0547],[-88.6153,48.0555],[-88.6138,48.056],[-88.614,48.0548],[-88.6124,48.0546],[-88.6144,48.0547]]]},{"type":"Polygon","coordinates":[[[-88.5876,48.0536],[-88.5829,48.0573],[-88.5809,48.0578],[-88.5849,48.0548],[-88.5876,48.0536]]]},{"type":"Polygon","coordinates":[[[-88.6052,48.0563],[-88.604,48.0563],[-88.6052,48.056],[-88.6052,48.0563]]]},{"type":"Polygon","coordinates":[[[-88.6173,48.0603],[-88.6149,48.0591],[-88.6146,48.0605],[-88.6134,48.0589],[-88.6185,48.0579],[-88.6207,48.0591],[-88.6173,48.0603]]]},{"type":"Polygon","coordinates":[[[-88.5809,48.0581],[-88.5776,48.0603],[-88.5778,48.0606],[-88.5757,48.0609],[-88.5799,48.0582],[-88.5809,48.0581]]]},{"type":"Polygon","coordinates":[[[-88.6122,48.0587],[-88.6096,48.0603],[-88.6085,48.0631],[-88.6073,48.0622],[-88.6076,48.0607],[-88.6049,48.061],[-88.6071,48.0597],[-88.6092,48.0605],[-88.6089,48.0596],[-88.6122,48.0587]]]},{"type":"Polygon","coordinates":[[[-88.6209,48.0627],[-88.62,48.0609],[-88.6209,48.0603],[-88.6207,48.0613],[-88.6222,48.061],[-88.6218,48.0625],[-88.6209,48.0627]]]},{"type":"Polygon","coordinates":[[[-88.6152,48.0637],[-88.6135,48.062],[-88.6167,48.0617],[-88.615,48.0623],[-88.6159,48.0626],[-88.6152,48.0637]]]},{"type":"Polygon","coordinates":[[[-88.5749,48.064],[-88.5741,48.0636],[-88.5751,48.063],[-88.5765,48.063],[-88.5781,48.0621],[-88.5749,48.064]]]},{"type":"Polygon","coordinates":[[[-88.6152,48.0642],[-88.6158,48.0637],[-88.6166,48.0638],[-88.6152,48.0642]]]},{"type":"Polygon","coordinates":[[[-88.5747,48.0647],[-88.5748,48.0647],[-88.5746,48.0648],[-88.5747,48.0647]]]},{"type":"Polygon","coordinates":[[[-88.5793,48.067],[-88.5802,48.0673],[-88.5791,48.0672],[-88.5793,48.067]]]},{"type":"Polygon","coordinates":[[[-88.5741,48.0653],[-88.5758,48.0661],[-88.5742,48.0689],[-88.5753,48.0705],[-88.5738,48.0692],[-88.5753,48.0663],[-88.5741,48.0653]]]},{"type":"Polygon","coordinates":[[[-88.6117,48.0683],[-88.6131,48.068],[-88.6159,48.0672],[-88.6132,48.0686],[-88.6117,48.0683]]]},{"type":"Polygon","coordinates":[[[-88.5773,48.0705],[-88.5754,48.073],[-88.5749,48.0733],[-88.5743,48.0719],[-88.5748,48.0712],[-88.5759,48.0707],[-88.577,48.0704],[-88.5773,48.0705]]]},{"type":"Polygon","coordinates":[[[-88.5752,48.075],[-88.5734,48.0746],[-88.573,48.0727],[-88.5752,48.075]]]},{"type":"Polygon","coordinates":[[[-88.5781,48.0768],[-88.5791,48.0785],[-88.5759,48.0756],[-88.5781,48.0768]]]},{"type":"Polygon","coordinates":[[[-88.5868,48.0775],[-88.5863,48.0771],[-88.5873,48.0771],[-88.5868,48.0775]]]},{"type":"Polygon","coordinates":[[[-88.6265,48.0805],[-88.6323,48.0792],[-88.6264,48.081],[-88.6265,48.0805]]]},{"type":"Polygon","coordinates":[[[-88.6226,48.082],[-88.6241,48.0823],[-88.6201,48.0835],[-88.6226,48.082]]]},{"type":"Polygon","coordinates":[[[-88.5794,48.0831],[-88.5769,48.0841],[-88.5757,48.084],[-88.5794,48.0831]]]},{"type":"Polygon","coordinates":[[[-88.6167,48.0846],[-88.6178,48.0849],[-88.6145,48.0856],[-88.6171,48.0842],[-88.6182,48.0842],[-88.6167,48.0846]]]},{"type":"Polygon","coordinates":[[[-88.5766,48.0853],[-88.5775,48.0846],[-88.5772,48.0856],[-88.5766,48.0853]]]},{"type":"Polygon","coordinates":[[[-88.6145,48.086],[-88.6124,48.0864],[-88.6145,48.0859],[-88.6145,48.086]]]},{"type":"Polygon","coordinates":[[[-88.6117,48.088],[-88.6091,48.0882],[-88.6113,48.0874],[-88.6117,48.088]]]},{"type":"Polygon","coordinates":[[[-88.6199,48.0893],[-88.6224,48.0889],[-88.6245,48.0883],[-88.6224,48.0892],[-88.6199,48.0893]]]},{"type":"Polygon","coordinates":[[[-88.6063,48.0901],[-88.6078,48.0887],[-88.6088,48.0894],[-88.6063,48.0901]]]},{"type":"Polygon","coordinates":[[[-88.6227,48.0905],[-88.6207,48.0908],[-88.6222,48.0902],[-88.6227,48.0905]]]},{"type":"Polygon","coordinates":[[[-88.6183,48.0907],[-88.6164,48.092],[-88.6154,48.0921],[-88.617,48.0908],[-88.6183,48.0907]]]},{"type":"Polygon","coordinates":[[[-88.6042,48.0908],[-88.6008,48.092],[-88.6002,48.092],[-88.603,48.0907],[-88.6042,48.0908]]]},{"type":"Polygon","coordinates":[[[-88.5977,48.092],[-88.5997,48.091],[-88.6004,48.0916],[-88.5977,48.092]]]},{"type":"Polygon","coordinates":[[[-88.5947,48.0915],[-88.5959,48.0912],[-88.5962,48.0918],[-88.5958,48.0922],[-88.5947,48.0915]]]},{"type":"Polygon","coordinates":[[[-88.6274,48.0928],[-88.6286,48.0918],[-88.629,48.0919],[-88.6274,48.0928]]]},{"type":"Polygon","coordinates":[[[-88.6155,48.0912],[-88.6093,48.0936],[-88.6108,48.0929],[-88.6081,48.0936],[-88.6143,48.0911],[-88.6155,48.0912]]]},{"type":"Polygon","coordinates":[[[-88.594,48.0942],[-88.5926,48.0939],[-88.5946,48.0934],[-88.594,48.0942]]]},{"type":"Polygon","coordinates":[[[-88.6034,48.0954],[-88.6039,48.0945],[-88.6045,48.0945],[-88.6034,48.0954]]]},{"type":"Polygon","coordinates":[[[-88.6017,48.0954],[-88.6018,48.0948],[-88.6027,48.0949],[-88.6017,48.0954]]]},{"type":"Polygon","coordinates":[[[-88.5927,48.0961],[-88.59,48.096],[-88.5938,48.0954],[-88.5927,48.0961]]]},{"type":"Polygon","coordinates":[[[-88.6067,48.096],[-88.6089,48.0953],[-88.6097,48.0954],[-88.6067,48.096]]]},{"type":"Polygon","coordinates":[[[-88.6278,48.0959],[-88.6302,48.0957],[-88.6306,48.0961],[-88.6288,48.0976],[-88.6278,48.0959]]]},{"type":"Polygon","coordinates":[[[-88.5996,48.0963],[-88.6029,48.096],[-88.6062,48.0945],[-88.6049,48.0962],[-88.6032,48.0962],[-88.6036,48.097],[-88.5963,48.0989],[-88.6005,48.0969],[-88.5996,48.0963]]]},{"type":"Polygon","coordinates":[[[-88.5821,48.099],[-88.5855,48.098],[-88.5843,48.0972],[-88.5886,48.0969],[-88.585,48.099],[-88.5821,48.099]]]},{"type":"Polygon","coordinates":[[[-88.5816,48.0998],[-88.5807,48.1003],[-88.5809,48.0996],[-88.5816,48.0998]]]},{"type":"Polygon","coordinates":[[[-88.5785,48.1005],[-88.5799,48.1006],[-88.5786,48.101],[-88.5785,48.1005]]]},{"type":"Polygon","coordinates":[[[-88.6007,48.1021],[-88.6029,48.1016],[-88.6031,48.1017],[-88.6007,48.1021]]]},{"type":"Polygon","coordinates":[[[-88.6088,48.1029],[-88.6101,48.1017],[-88.6112,48.1018],[-88.6088,48.1029]]]},{"type":"Polygon","coordinates":[[[-88.5874,48.1017],[-88.5858,48.1027],[-88.5843,48.1032],[-88.5874,48.1017]]]},{"type":"Polygon","coordinates":[[[-88.579,48.1024],[-88.5775,48.1035],[-88.5764,48.1027],[-88.579,48.1024]]]},{"type":"Polygon","coordinates":[[[-88.5889,48.102],[-88.5788,48.1058],[-88.589,48.1016],[-88.5889,48.102]]]},{"type":"Polygon","coordinates":[[[-88.5955,48.1043],[-88.5996,48.1038],[-88.5963,48.1047],[-88.5955,48.1043]]]},{"type":"Polygon","coordinates":[[[-88.6058,48.1042],[-88.6047,48.1048],[-88.6028,48.1052],[-88.6047,48.1039],[-88.6058,48.1042]]]},{"type":"Polygon","coordinates":[[[-88.5709,48.1039],[-88.5714,48.1056],[-88.5696,48.1055],[-88.5709,48.1039]]]},{"type":"Polygon","coordinates":[[[-88.6088,48.1073],[-88.609,48.1064],[-88.6107,48.106],[-88.6103,48.107],[-88.6088,48.1073]]]},{"type":"Polygon","coordinates":[[[-88.5919,48.1066],[-88.5903,48.1081],[-88.59,48.1079],[-88.5919,48.1066]]]},{"type":"Polygon","coordinates":[[[-88.5993,48.1099],[-88.6018,48.109],[-88.6022,48.11],[-88.5988,48.111],[-88.6015,48.1097],[-88.5993,48.1099]]]},{"type":"Polygon","coordinates":[[[-88.5869,48.1069],[-88.5841,48.1094],[-88.574,48.1135],[-88.5704,48.1138],[-88.5869,48.1069]]]},{"type":"Polygon","coordinates":[[[-88.5696,48.1106],[-88.5726,48.1099],[-88.5681,48.1115],[-88.5696,48.1106]]]},{"type":"Polygon","coordinates":[[[-88.5917,48.1143],[-88.5935,48.1148],[-88.591,48.115],[-88.5917,48.1143]]]},{"type":"Polygon","coordinates":[[[-88.6307,48.119],[-88.6295,48.1195],[-88.6282,48.1193],[-88.6295,48.1187],[-88.6307,48.119]]]},{"type":"Polygon","coordinates":[[[-88.588,48.1204],[-88.5858,48.1211],[-88.5851,48.1209],[-88.5866,48.1202],[-88.588,48.1204]]]},{"type":"Polygon","coordinates":[[[-88.6014,48.122],[-88.603,48.1212],[-88.6033,48.1213],[-88.6014,48.122]]]},{"type":"Polygon","coordinates":[[[-88.6098,48.127],[-88.6052,48.1288],[-88.6059,48.1281],[-88.6284,48.1197],[-88.6072,48.1294],[-88.6045,48.1295],[-88.6098,48.127]]]},{"type":"Polygon","coordinates":[[[-88.5881,48.1247],[-88.5836,48.1258],[-88.5876,48.1245],[-88.5881,48.1247]]]},{"type":"Polygon","coordinates":[[[-88.5743,48.1296],[-88.5793,48.1274],[-88.5797,48.1275],[-88.5743,48.1296]]]},{"type":"Polygon","coordinates":[[[-88.6228,48.1308],[-88.6316,48.1271],[-88.6321,48.1271],[-88.6295,48.1284],[-88.6228,48.1308]]]},{"type":"Polygon","coordinates":[[[-88.5807,48.1318],[-88.5782,48.1323],[-88.5808,48.1316],[-88.5807,48.1318]]]},{"type":"Polygon","coordinates":[[[-88.5651,48.1323],[-88.5677,48.1315],[-88.5684,48.1318],[-88.5651,48.1323]]]},{"type":"Polygon","coordinates":[[[-88.6257,48.1347],[-88.6321,48.1321],[-88.6327,48.1321],[-88.6257,48.1347]]]},{"type":"Polygon","coordinates":[[[-88.5723,48.1336],[-88.5739,48.1336],[-88.5722,48.1338],[-88.5723,48.1336]]]},{"type":"Polygon","coordinates":[[[-88.5805,48.1371],[-88.597,48.1318],[-88.5991,48.1317],[-88.5927,48.1342],[-88.5805,48.1371]]]},{"type":"Polygon","coordinates":[[[-88.6187,48.1372],[-88.621,48.1364],[-88.6213,48.1367],[-88.6187,48.1372]]]},{"type":"Polygon","coordinates":[[[-88.6303,48.1463],[-88.6275,48.1474],[-88.6279,48.1469],[-88.6303,48.1463]]]},{"type":"Polygon","coordinates":[[[-88.61,48.1477],[-88.6042,48.1495],[-88.6027,48.1498],[-88.61,48.1477]]]},{"type":"Polygon","coordinates":[[[-88.6152,48.1516],[-88.6118,48.1527],[-88.6105,48.1528],[-88.6111,48.1522],[-88.6148,48.1515],[-88.6152,48.1516]]]},{"type":"Polygon","coordinates":[[[-88.5849,48.153],[-88.5861,48.1521],[-88.5863,48.1526],[-88.5849,48.153]]]},{"type":"Polygon","coordinates":[[[-88.6272,48.1484],[-88.619,48.1516],[-88.6086,48.1545],[-88.5968,48.1571],[-88.596,48.1569],[-88.6156,48.1524],[-88.6202,48.1505],[-88.6219,48.1502],[-88.6256,48.1487],[-88.627,48.1483],[-88.6272,48.1484]]]},{"type":"Polygon","coordinates":[[[-88.5959,48.157],[-88.5904,48.1591],[-88.5886,48.1587],[-88.5896,48.1583],[-88.5959,48.157]]]},{"type":"Polygon","coordinates":[[[-88.5877,48.1606],[-88.5905,48.1601],[-88.5913,48.1599],[-88.5915,48.16],[-88.5877,48.1606]]]},{"type":"Polygon","coordinates":[[[-88.5777,48.1626],[-88.5713,48.1652],[-88.5752,48.1633],[-88.5777,48.1626]]]},{"type":"Polygon","coordinates":[[[-88.5687,48.1661],[-88.5701,48.1655],[-88.5704,48.1655],[-88.5694,48.1661],[-88.569,48.1662],[-88.5687,48.1661]]]},{"type":"Polygon","coordinates":[[[-88.5672,48.167],[-88.5674,48.1666],[-88.5684,48.1661],[-88.5685,48.1664],[-88.5672,48.167]]]},{"type":"Polygon","coordinates":[[[-88.5647,48.0942],[-88.5669,48.094],[-88.5644,48.095],[-88.5647,48.0942]]]},{"type":"Polygon","coordinates":[[[-88.5628,48.0961],[-88.5625,48.0968],[-88.562,48.0965],[-88.5628,48.0961]]]},{"type":"Polygon","coordinates":[[[-88.5623,48.0972],[-88.561,48.097],[-88.5599,48.0984],[-88.5587,48.0986],[-88.5604,48.0968],[-88.5623,48.0972]]]},{"type":"Polygon","coordinates":[[[-88.5582,48.099],[-88.5601,48.0991],[-88.5591,48.0997],[-88.5557,48.1001],[-88.5533,48.1016],[-88.551,48.1022],[-88.5544,48.1005],[-88.555,48.1005],[-88.5558,48.1],[-88.5567,48.0999],[-88.5582,48.099]]]},{"type":"Polygon","coordinates":[[[-88.5508,48.1033],[-88.5491,48.104],[-88.5504,48.103],[-88.5508,48.1033]]]},{"type":"Polygon","coordinates":[[[-88.5431,48.106],[-88.5455,48.1056],[-88.5428,48.1064],[-88.5431,48.106]]]},{"type":"Polygon","coordinates":[[[-88.5404,48.1082],[-88.5412,48.1069],[-88.5422,48.1071],[-88.5404,48.1082]]]},{"type":"Polygon","coordinates":[[[-88.5404,48.1082],[-88.5403,48.1088],[-88.54,48.1086],[-88.5404,48.1082]]]},{"type":"Polygon","coordinates":[[[-88.5388,48.1084],[-88.5398,48.1086],[-88.5388,48.1089],[-88.5388,48.1084]]]},{"type":"Polygon","coordinates":[[[-88.5388,48.1089],[-88.5368,48.1097],[-88.5358,48.1093],[-88.5388,48.1089]]]},{"type":"Polygon","coordinates":[[[-88.5363,48.1098],[-88.533,48.1116],[-88.5319,48.1118],[-88.5337,48.1109],[-88.5327,48.1105],[-88.5363,48.1098]]]},{"type":"Polygon","coordinates":[[[-88.5301,48.1123],[-88.5322,48.112],[-88.5288,48.1134],[-88.5301,48.1123]]]},{"type":"Polygon","coordinates":[[[-88.5269,48.1151],[-88.5268,48.1139],[-88.5295,48.1135],[-88.529,48.1141],[-88.5269,48.1151]]]},{"type":"Polygon","coordinates":[[[-88.5514,48.114],[-88.5487,48.1162],[-88.5456,48.1172],[-88.5467,48.1158],[-88.5514,48.114]]]},{"type":"Polygon","coordinates":[[[-88.5257,48.1153],[-88.5252,48.1161],[-88.5244,48.1162],[-88.5247,48.1157],[-88.5257,48.1153]]]},{"type":"Polygon","coordinates":[[[-88.5214,48.1177],[-88.522,48.117],[-88.5222,48.1169],[-88.5227,48.117],[-88.5214,48.1177]]]},{"type":"Polygon","coordinates":[[[-88.5173,48.1184],[-88.5201,48.1181],[-88.5171,48.1187],[-88.5173,48.1184]]]},{"type":"Polygon","coordinates":[[[-88.5412,48.1185],[-88.5438,48.1181],[-88.5406,48.1191],[-88.5412,48.1185]]]},{"type":"Polygon","coordinates":[[[-88.5183,48.119],[-88.5127,48.1219],[-88.5119,48.1213],[-88.5183,48.119]]]},{"type":"Polygon","coordinates":[[[-88.5554,48.1211],[-88.555,48.1206],[-88.5557,48.1206],[-88.5554,48.1211]]]},{"type":"Polygon","coordinates":[[[-88.5315,48.1233],[-88.5338,48.1224],[-88.5347,48.1222],[-88.5327,48.1234],[-88.5315,48.1233]]]},{"type":"Polygon","coordinates":[[[-88.5476,48.1238],[-88.5533,48.1219],[-88.5495,48.1237],[-88.5476,48.1238]]]},{"type":"Polygon","coordinates":[[[-88.5094,48.123],[-88.5111,48.1226],[-88.5081,48.1241],[-88.5094,48.123]]]},{"type":"Polygon","coordinates":[[[-88.5469,48.1258],[-88.5481,48.1252],[-88.547,48.1247],[-88.5498,48.125],[-88.5469,48.1258]]]},{"type":"Polygon","coordinates":[[[-88.5048,48.126],[-88.501,48.1277],[-88.5036,48.1261],[-88.5048,48.126]]]},{"type":"Polygon","coordinates":[[[-88.5375,48.1278],[-88.5413,48.1274],[-88.5368,48.1284],[-88.5375,48.1278]]]},{"type":"Polygon","coordinates":[[[-88.5484,48.1289],[-88.547,48.1286],[-88.5484,48.1286],[-88.5484,48.1289]]]},{"type":"Polygon","coordinates":[[[-88.5172,48.1311],[-88.5149,48.1313],[-88.517,48.1305],[-88.5172,48.1311]]]},{"type":"Polygon","coordinates":[[[-88.536,48.1312],[-88.5339,48.1331],[-88.5285,48.1351],[-88.5332,48.133],[-88.536,48.1312]]]},{"type":"Polygon","coordinates":[[[-88.5445,48.1323],[-88.5414,48.1339],[-88.5409,48.134],[-88.5404,48.1339],[-88.5445,48.1323]]]},{"type":"Polygon","coordinates":[[[-88.4883,48.1355],[-88.4901,48.1348],[-88.4904,48.1349],[-88.4896,48.1355],[-88.4883,48.1355]]]},{"type":"Polygon","coordinates":[[[-88.5084,48.1348],[-88.5103,48.1347],[-88.511,48.135],[-88.5081,48.1361],[-88.5084,48.1348]]]},{"type":"Polygon","coordinates":[[[-88.5057,48.1375],[-88.503,48.1381],[-88.5027,48.138],[-88.5043,48.1368],[-88.5057,48.1375]]]},{"type":"Polygon","coordinates":[[[-88.4828,48.1383],[-88.4843,48.1374],[-88.4867,48.1373],[-88.4828,48.1383]]]},{"type":"Polygon","coordinates":[[[-88.5246,48.1402],[-88.5278,48.1398],[-88.5265,48.1407],[-88.5246,48.1402]]]},{"type":"Polygon","coordinates":[[[-88.4774,48.1402],[-88.4792,48.1398],[-88.4795,48.1399],[-88.478,48.1406],[-88.4774,48.1402]]]},{"type":"Polygon","coordinates":[[[-88.5162,48.1407],[-88.5156,48.1405],[-88.5176,48.1402],[-88.5162,48.1407]]]},{"type":"Polygon","coordinates":[[[-88.4672,48.1444],[-88.4721,48.1417],[-88.4741,48.1411],[-88.475,48.1403],[-88.4773,48.1399],[-88.4672,48.1444]]]},{"type":"Polygon","coordinates":[[[-88.5085,48.1439],[-88.5104,48.143],[-88.511,48.1428],[-88.5095,48.1438],[-88.5085,48.1439]]]},{"type":"Polygon","coordinates":[[[-88.5159,48.145],[-88.5162,48.1437],[-88.5175,48.1443],[-88.5164,48.1451],[-88.5159,48.145]]]},{"type":"Polygon","coordinates":[[[-88.5173,48.1456],[-88.5144,48.1466],[-88.5165,48.1455],[-88.5173,48.1456]]]},{"type":"Polygon","coordinates":[[[-88.5144,48.1462],[-88.5129,48.1469],[-88.5122,48.1467],[-88.5135,48.1459],[-88.5144,48.1462]]]},{"type":"Polygon","coordinates":[[[-88.462,48.1469],[-88.4653,48.1455],[-88.4617,48.1474],[-88.462,48.1469]]]},{"type":"Polygon","coordinates":[[[-88.4948,48.1483],[-88.5018,48.1457],[-88.4979,48.148],[-88.4948,48.1483]]]},{"type":"Polygon","coordinates":[[[-88.4793,48.148],[-88.4793,48.1486],[-88.4779,48.1488],[-88.4793,48.148]]]},{"type":"Polygon","coordinates":[[[-88.5067,48.1498],[-88.5044,48.1499],[-88.5077,48.1486],[-88.5067,48.1498]]]},{"type":"Polygon","coordinates":[[[-88.4533,48.1519],[-88.4542,48.151],[-88.4551,48.151],[-88.4533,48.1519]]]},{"type":"Polygon","coordinates":[[[-88.4514,48.1528],[-88.4522,48.1521],[-88.453,48.1521],[-88.4514,48.1528]]]},{"type":"Polygon","coordinates":[[[-88.4773,48.1565],[-88.4874,48.1533],[-88.476,48.1574],[-88.4773,48.1565]]]},{"type":"Polygon","coordinates":[[[-88.457,48.1599],[-88.4588,48.159],[-88.46,48.1583],[-88.4595,48.1589],[-88.457,48.1599]]]},{"type":"Polygon","coordinates":[[[-88.5063,48.1604],[-88.504,48.1602],[-88.5044,48.1594],[-88.5063,48.1604]]]},{"type":"Polygon","coordinates":[[[-88.4554,48.1608],[-88.4531,48.1611],[-88.4568,48.1599],[-88.4554,48.1608]]]},{"type":"Polygon","coordinates":[[[-88.4529,48.1623],[-88.449,48.1634],[-88.4535,48.1617],[-88.4529,48.1623]]]},{"type":"Polygon","coordinates":[[[-88.4323,48.1638],[-88.4298,48.1656],[-88.4294,48.1655],[-88.4323,48.1638]]]},{"type":"Polygon","coordinates":[[[-88.4784,48.1659],[-88.4759,48.1665],[-88.4789,48.1657],[-88.4784,48.1659]]]},{"type":"Polygon","coordinates":[[[-88.4562,48.1672],[-88.4574,48.1667],[-88.4581,48.1668],[-88.457,48.1676],[-88.4562,48.1672]]]},{"type":"Polygon","coordinates":[[[-88.4272,48.167],[-88.4219,48.1696],[-88.424,48.168],[-88.4261,48.167],[-88.4268,48.1668],[-88.4272,48.167]]]},{"type":"Polygon","coordinates":[[[-88.42,48.1705],[-88.4221,48.17],[-88.4194,48.1713],[-88.42,48.1705]]]},{"type":"Polygon","coordinates":[[[-88.4334,48.1725],[-88.436,48.1707],[-88.4372,48.1711],[-88.4334,48.1725]]]},{"type":"Polygon","coordinates":[[[-88.444,48.1728],[-88.4421,48.1736],[-88.444,48.1726],[-88.444,48.1728]]]},{"type":"Polygon","coordinates":[[[-88.5465,48.175],[-88.5483,48.1746],[-88.5524,48.1727],[-88.5481,48.1749],[-88.5465,48.175]]]},{"type":"Polygon","coordinates":[[[-88.4331,48.1728],[-88.4265,48.1757],[-88.4333,48.1725],[-88.4331,48.1728]]]},{"type":"Polygon","coordinates":[[[-88.4449,48.1742],[-88.44,48.1755],[-88.4455,48.1731],[-88.4449,48.1742]]]},{"type":"Polygon","coordinates":[[[-88.5409,48.1778],[-88.5428,48.1769],[-88.5431,48.1772],[-88.5421,48.1778],[-88.5409,48.1778]]]},{"type":"Polygon","coordinates":[[[-88.4804,48.18],[-88.492,48.1753],[-88.4923,48.1752],[-88.4925,48.1753],[-88.4856,48.179],[-88.4804,48.18]]]},{"type":"Polygon","coordinates":[[[-88.4277,48.181],[-88.4383,48.1756],[-88.4312,48.1798],[-88.4277,48.181]]]},{"type":"Polygon","coordinates":[[[-88.4332,48.1792],[-88.4339,48.1794],[-88.433,48.1795],[-88.4332,48.1792]]]},{"type":"Polygon","coordinates":[[[-88.4227,48.1785],[-88.4181,48.1802],[-88.4231,48.1782],[-88.4227,48.1785]]]},{"type":"Polygon","coordinates":[[[-88.4424,48.1819],[-88.4437,48.1815],[-88.4427,48.1823],[-88.4424,48.1819]]]},{"type":"Polygon","coordinates":[[[-88.4266,48.182],[-88.4236,48.1831],[-88.426,48.1819],[-88.4266,48.182]]]},{"type":"Polygon","coordinates":[[[-88.4369,48.184],[-88.4384,48.1831],[-88.4393,48.1833],[-88.4369,48.184]]]},{"type":"Polygon","coordinates":[[[-88.4272,48.1861],[-88.4271,48.1861],[-88.4272,48.186],[-88.4272,48.1861]]]},{"type":"Polygon","coordinates":[[[-88.4222,48.1896],[-88.4221,48.1887],[-88.424,48.188],[-88.4271,48.1861],[-88.4222,48.1896]]]},{"type":"Polygon","coordinates":[[[-88.3671,48.2227],[-88.3662,48.2243],[-88.3653,48.2238],[-88.3644,48.2244],[-88.3631,48.2247],[-88.3671,48.2227]]]},{"type":"Polygon","coordinates":[[[-88.3655,48.2264],[-88.3642,48.2274],[-88.3643,48.2259],[-88.3661,48.2243],[-88.3645,48.2259],[-88.3655,48.2264]]]},{"type":"Polygon","coordinates":[[[-88.3567,48.2285],[-88.3629,48.2248],[-88.36,48.2271],[-88.3567,48.2285]]]},{"type":"Polygon","coordinates":[[[-88.3638,48.2279],[-88.364,48.2275],[-88.3642,48.2274],[-88.3638,48.2279]]]},{"type":"Polygon","coordinates":[[[-88.3591,48.232],[-88.36,48.2312],[-88.3601,48.2304],[-88.3605,48.23],[-88.3609,48.2309],[-88.3591,48.232]]]},{"type":"Polygon","coordinates":[[[-88.3504,48.231],[-88.355,48.23],[-88.348,48.2328],[-88.3504,48.231]]]},{"type":"Polygon","coordinates":[[[-88.3475,48.233],[-88.3467,48.2336],[-88.3464,48.2336],[-88.3466,48.2328],[-88.3475,48.233]]]},{"type":"Polygon","coordinates":[[[-88.3586,48.2324],[-88.3545,48.2348],[-88.3519,48.2346],[-88.3586,48.2324]]]},{"type":"Polygon","coordinates":[[[-88.3519,48.2346],[-88.3512,48.2347],[-88.3507,48.2353],[-88.3501,48.2354],[-88.3513,48.2345],[-88.3519,48.2346]]]},{"type":"Polygon","coordinates":[[[-88.342,48.2343],[-88.3448,48.2334],[-88.3476,48.2338],[-88.3416,48.2348],[-88.34,48.2369],[-88.3384,48.2377],[-88.3401,48.2366],[-88.3391,48.2356],[-88.342,48.2343]]]},{"type":"Polygon","coordinates":[[[-88.3497,48.2359],[-88.3447,48.2369],[-88.3501,48.2354],[-88.3497,48.2359]]]},{"type":"Polygon","coordinates":[[[-88.3358,48.2374],[-88.3367,48.2371],[-88.3381,48.2362],[-88.3369,48.2375],[-88.3358,48.2374]]]},{"type":"Polygon","coordinates":[[[-88.3384,48.2386],[-88.3399,48.2384],[-88.3407,48.2385],[-88.3447,48.2369],[-88.3408,48.2386],[-88.3394,48.2389],[-88.3384,48.2386]]]},{"type":"Polygon","coordinates":[[[-88.3347,48.2379],[-88.3358,48.2378],[-88.334,48.2385],[-88.3347,48.2379]]]}]},"properties":{"name":"Shore / rock / barren","overview_class":"Shore / rock / barren","source_class_count":5,"source_classes":"Boreal pine rocky woodland | Common juniper rocky krummholz | Great Lakes basalt (conglomerate) bedrock lakeshore | Great Lakes basalt/diabase cobble-gravel lakeshore | Poverty grass barrens","description":"Broad visitor-facing class derived from the 2000 NPS vegetation inventory; not current vegetation conditions."}},{"type":"Feature","geometry":{"type":"GeometryCollection","geometries":[{"type":"LineString","coordinates":[[-89.0807,47.8846],[-89.0806,47.8846]]},{"type":"LineString","coordinates":[[-89.0533,47.859],[-89.0532,47.859]]},{"type":"LineString","coordinates":[[-89.0288,47.86],[-89.0289,47.86]]},{"type":"LineString","coordinates":[[-88.9494,47.8836],[-88.9495,47.8836]]},{"type":"LineString","coordinates":[[-89.0447,47.8746],[-89.0446,47.8746]]},{"type":"LineString","coordinates":[[-89.0446,47.8746],[-89.0445,47.8746]]},{"type":"LineString","coordinates":[[-88.9701,47.9404],[-88.9702,47.9404]]},{"type":"LineString","coordinates":[[-88.9456,47.9433],[-88.9457,47.9433]]},{"type":"LineString","coordinates":[[-88.9457,47.9694],[-88.9456,47.9694]]},{"type":"LineString","coordinates":[[-88.9182,47.9588],[-88.9181,47.9588]]},{"type":"LineString","coordinates":[[-88.9097,47.9604],[-88.9096,47.9604]]},{"type":"LineString","coordinates":[[-88.8907,47.9663],[-88.8907,47.9664]]},{"type":"LineString","coordinates":[[-88.8313,47.9709],[-88.8314,47.9709]]},{"type":"LineString","coordinates":[[-88.852,48.0004],[-88.8521,48.0004]]},{"type":"LineString","coordinates":[[-88.8013,48.0185],[-88.8014,48.0185]]},{"type":"LineString","coordinates":[[-88.791,48.0228],[-88.7909,48.0228]]},{"type":"LineString","coordinates":[[-88.7975,48.0215],[-88.7976,48.0215]]},{"type":"LineString","coordinates":[[-88.7218,48.0849],[-88.7219,48.0849]]},{"type":"LineString","coordinates":[[-88.7008,48.0016],[-88.7007,48.0016]]},{"type":"LineString","coordinates":[[-88.7007,48.0016],[-88.7006,48.0016]]},{"type":"LineString","coordinates":[[-88.7004,48.0016],[-88.7003,48.0016]]},{"type":"LineString","coordinates":[[-88.6971,48.0038],[-88.6972,48.0038]]},{"type":"LineString","coordinates":[[-88.7042,48.0038],[-88.7041,48.0038]]},{"type":"LineString","coordinates":[[-88.659,48.0386],[-88.6589,48.0386]]},{"type":"LineString","coordinates":[[-88.6215,48.1162],[-88.6214,48.1162]]},{"type":"LineString","coordinates":[[-88.5846,48.0798],[-88.5847,48.0798]]},{"type":"LineString","coordinates":[[-88.5615,48.1174],[-88.5614,48.1175]]},{"type":"LineString","coordinates":[[-88.3461,48.2363],[-88.346,48.2363]]},{"type":"LineString","coordinates":[[-88.346,48.2363],[-88.3459,48.2364]]},{"type":"Polygon","coordinates":[[[-89.1713,47.8329],[-89.1758,47.8323],[-89.1777,47.8336],[-89.1713,47.8329]]]},{"type":"Polygon","coordinates":[[[-89.1704,47.8335],[-89.1693,47.833],[-89.1688,47.8324],[-89.1703,47.8325],[-89.1704,47.8335]]]},{"type":"Polygon","coordinates":[[[-89.1483,47.8341],[-89.149,47.8329],[-89.1498,47.8338],[-89.1483,47.8341]]]},{"type":"Polygon","coordinates":[[[-89.1411,47.8354],[-89.1415,47.8344],[-89.1425,47.8351],[-89.1424,47.8358],[-89.1411,47.8354]]]},{"type":"Polygon","coordinates":[[[-89.1757,47.8352],[-89.1734,47.8359],[-89.1738,47.8346],[-89.1757,47.8352]]]},{"type":"Polygon","coordinates":[[[-89.1513,47.8344],[-89.1493,47.8358],[-89.1502,47.8369],[-89.1473,47.8359],[-89.1513,47.8344]]]},{"type":"Polygon","coordinates":[[[-89.1596,47.8443],[-89.1609,47.8437],[-89.161,47.8439],[-89.1596,47.8443]]]},{"type":"Polygon","coordinates":[[[-89.0917,47.8432],[-89.0916,47.8449],[-89.0903,47.8439],[-89.0917,47.8432]]]},{"type":"Polygon","coordinates":[[[-89.1387,47.8462],[-89.1415,47.8464],[-89.1415,47.8465],[-89.1395,47.8468],[-89.1387,47.8462]]]},{"type":"Polygon","coordinates":[[[-89.1585,47.8487],[-89.1598,47.8476],[-89.16,47.8479],[-89.1585,47.8487]]]},{"type":"Polygon","coordinates":[[[-89.1437,47.848],[-89.1428,47.8488],[-89.1413,47.8492],[-89.1437,47.848]]]},{"type":"Polygon","coordinates":[[[-89.1456,47.8487],[-89.1443,47.8495],[-89.1435,47.8495],[-89.1439,47.8488],[-89.1456,47.8487]]]},{"type":"Polygon","coordinates":[[[-89.1872,47.8486],[-89.1853,47.8511],[-89.1835,47.8481],[-89.1872,47.8486]]]},{"type":"Polygon","coordinates":[[[-89.1371,47.8514],[-89.1373,47.8509],[-89.1382,47.851],[-89.1371,47.8514]]]},{"type":"Polygon","coordinates":[[[-89.1642,47.8512],[-89.1633,47.8526],[-89.1594,47.8519],[-89.1627,47.8509],[-89.1642,47.8512]]]},{"type":"Polygon","coordinates":[[[-89.1325,47.8529],[-89.1397,47.8536],[-89.1312,47.8536],[-89.1325,47.8529]]]},{"type":"Polygon","coordinates":[[[-89.1543,47.8537],[-89.1519,47.8535],[-89.1549,47.8533],[-89.1543,47.8537]]]},{"type":"Polygon","coordinates":[[[-89.1024,47.8541],[-89.1013,47.8542],[-89.1014,47.8534],[-89.102,47.8533],[-89.1024,47.8541]]]},{"type":"Polygon","coordinates":[[[-89.085,47.8541],[-89.0837,47.8535],[-89.0858,47.8536],[-89.085,47.8541]]]},{"type":"Polygon","coordinates":[[[-89.1511,47.8539],[-89.1442,47.8552],[-89.1338,47.8552],[-89.1511,47.8539]]]},{"type":"Polygon","coordinates":[[[-89.0964,47.8547],[-89.0958,47.8556],[-89.0935,47.8556],[-89.0956,47.8555],[-89.0964,47.8547]]]},{"type":"Polygon","coordinates":[[[-89.1001,47.8572],[-89.1021,47.8567],[-89.1029,47.8569],[-89.1001,47.8572]]]},{"type":"Polygon","coordinates":[[[-89.0984,47.8589],[-89.1015,47.8584],[-89.1029,47.8584],[-89.0996,47.8592],[-89.0984,47.8589]]]},{"type":"Polygon","coordinates":[[[-89.0911,47.8617],[-89.0877,47.8605],[-89.0917,47.8608],[-89.0927,47.8603],[-89.0887,47.8603],[-89.0874,47.8596],[-89.0947,47.8599],[-89.0911,47.8617]]]},{"type":"Polygon","coordinates":[[[-89.0831,47.8621],[-89.0805,47.8623],[-89.0796,47.8615],[-89.0825,47.8607],[-89.0831,47.8621]]]},{"type":"Polygon","coordinates":[[[-89.0881,47.8624],[-89.0897,47.8628],[-89.0918,47.8626],[-89.0906,47.8631],[-89.0881,47.8624]]]},{"type":"Polygon","coordinates":[[[-89.0821,47.8632],[-89.082,47.8635],[-89.0813,47.8634],[-89.0821,47.8632]]]},{"type":"Polygon","coordinates":[[[-89.1451,47.865],[-89.1435,47.8647],[-89.1438,47.8637],[-89.1451,47.865]]]},{"type":"Polygon","coordinates":[[[-89.2613,47.8707],[-89.2609,47.8701],[-89.2617,47.8702],[-89.2613,47.8707]]]},{"type":"Polygon","coordinates":[[[-89.2602,47.8692],[-89.2524,47.8719],[-89.2498,47.8717],[-89.2602,47.8692]]]},{"type":"Polygon","coordinates":[[[-89.2441,47.873],[-89.241,47.8741],[-89.2381,47.8736],[-89.2404,47.8728],[-89.2441,47.873]]]},{"type":"Polygon","coordinates":[[[-89.257,47.8728],[-89.2547,47.8742],[-89.2532,47.8745],[-89.2526,47.8743],[-89.2551,47.8726],[-89.257,47.8728]]]},{"type":"Polygon","coordinates":[[[-89.1964,47.8739],[-89.1928,47.8739],[-89.1934,47.8735],[-89.1964,47.8739]]]},{"type":"Polygon","coordinates":[[[-89.2375,47.8736],[-89.2367,47.8743],[-89.2355,47.874],[-89.2365,47.8736],[-89.2375,47.8736]]]},{"type":"Polygon","coordinates":[[[-89.2523,47.8763],[-89.2508,47.8766],[-89.2509,47.8761],[-89.2523,47.8763]]]},{"type":"Polygon","coordinates":[[[-89.2452,47.8776],[-89.2453,47.8772],[-89.2462,47.877],[-89.2452,47.8776]]]},{"type":"Polygon","coordinates":[[[-89.2272,47.8788],[-89.2247,47.8798],[-89.2238,47.8797],[-89.2272,47.8788]]]},{"type":"Polygon","coordinates":[[[-89.2203,47.8799],[-89.2179,47.8815],[-89.2184,47.8802],[-89.2203,47.8799]]]},{"type":"Polygon","coordinates":[[[-89.2205,47.8809],[-89.2199,47.8819],[-89.2196,47.8818],[-89.2205,47.8809]]]},{"type":"Polygon","coordinates":[[[-89.084,47.8833],[-89.083,47.8825],[-89.0853,47.8826],[-89.084,47.8833]]]},{"type":"Polygon","coordinates":[[[-89.2172,47.8824],[-89.2176,47.8832],[-89.2171,47.8834],[-89.2172,47.8824]]]},{"type":"Polygon","coordinates":[[[-89.0893,47.8842],[-89.0869,47.8848],[-89.0861,47.884],[-89.0891,47.8838],[-89.0893,47.8842]]]},{"type":"Polygon","coordinates":[[[-89.0842,47.8852],[-89.0829,47.8846],[-89.085,47.8839],[-89.0842,47.8852]]]},{"type":"Polygon","coordinates":[[[-89.0815,47.8862],[-89.0805,47.8866],[-89.0796,47.8858],[-89.0808,47.8846],[-89.0815,47.8862]]]},{"type":"Polygon","coordinates":[[[-89.0886,47.8862],[-89.0895,47.8856],[-89.0901,47.8863],[-89.0886,47.8862]]]},{"type":"Polygon","coordinates":[[[-89.2413,47.8872],[-89.2423,47.8864],[-89.2424,47.8869],[-89.2413,47.8872]]]},{"type":"Polygon","coordinates":[[[-89.2394,47.8865],[-89.2396,47.8874],[-89.2391,47.8869],[-89.2394,47.8865]]]},{"type":"Polygon","coordinates":[[[-89.2446,47.8872],[-89.2435,47.8879],[-89.245,47.8874],[-89.2463,47.8886],[-89.2416,47.8884],[-89.2418,47.8873],[-89.2446,47.8872]]]},{"type":"Polygon","coordinates":[[[-89.2141,47.8882],[-89.2115,47.8881],[-89.2117,47.8877],[-89.215,47.888],[-89.2098,47.8898],[-89.2106,47.8885],[-89.2141,47.8882]]]},{"type":"Polygon","coordinates":[[[-89.2408,47.8884],[-89.2399,47.8891],[-89.2397,47.8889],[-89.2408,47.8884]]]},{"type":"Polygon","coordinates":[[[-89.1657,47.8895],[-89.1618,47.8901],[-89.1661,47.8887],[-89.1657,47.8895]]]},{"type":"Polygon","coordinates":[[[-89.2061,47.8908],[-89.2081,47.8907],[-89.2054,47.8912],[-89.2061,47.8908]]]},{"type":"Polygon","coordinates":[[[-89.1871,47.8922],[-89.1873,47.8915],[-89.1891,47.8913],[-89.1871,47.8922]]]},{"type":"Polygon","coordinates":[[[-89.2199,47.8948],[-89.2217,47.8948],[-89.2214,47.895],[-89.2199,47.8948]]]},{"type":"Polygon","coordinates":[[[-89.193,47.8958],[-89.1916,47.8961],[-89.1912,47.896],[-89.1919,47.8954],[-89.193,47.8958]]]},{"type":"Polygon","coordinates":[[[-89.1293,47.8971],[-89.1302,47.8964],[-89.1309,47.8967],[-89.1305,47.897],[-89.1293,47.8971]]]},{"type":"Polygon","coordinates":[[[-89.1656,47.8985],[-89.1622,47.8996],[-89.1618,47.8995],[-89.1656,47.8985]]]},{"type":"Polygon","coordinates":[[[-89.2023,47.9064],[-89.2007,47.9068],[-89.2002,47.9066],[-89.2005,47.9058],[-89.2023,47.9064]]]},{"type":"Polygon","coordinates":[[[-89.1853,47.908],[-89.1872,47.9078],[-89.1853,47.9081],[-89.1853,47.908]]]},{"type":"Polygon","coordinates":[[[-89.2214,47.9086],[-89.2197,47.9098],[-89.2191,47.9097],[-89.2214,47.9086]]]},{"type":"Polygon","coordinates":[[[-89.2024,47.9177],[-89.2008,47.9192],[-89.1987,47.9197],[-89.2024,47.9177]]]},{"type":"Polygon","coordinates":[[[-89.1248,47.92],[-89.1257,47.9194],[-89.1261,47.9197],[-89.1248,47.92]]]},{"type":"Polygon","coordinates":[[[-89.1545,47.9208],[-89.1524,47.9214],[-89.1541,47.9207],[-89.1545,47.9208]]]},{"type":"Polygon","coordinates":[[[-89.1888,47.9279],[-89.1854,47.9299],[-89.1852,47.9298],[-89.1872,47.9283],[-89.1888,47.9279]]]},{"type":"Polygon","coordinates":[[[-89.1735,47.9342],[-89.1704,47.936],[-89.1701,47.9357],[-89.1735,47.9342]]]},{"type":"Polygon","coordinates":[[[-89.1189,47.954],[-89.1165,47.9546],[-89.1195,47.9532],[-89.1189,47.954]]]},{"type":"Polygon","coordinates":[[[-89.0788,47.8524],[-89.082,47.8534],[-89.0798,47.853],[-89.0788,47.8524]]]},{"type":"Polygon","coordinates":[[[-89.0586,47.8533],[-89.0557,47.8533],[-89.0579,47.8529],[-89.0586,47.8533]]]},{"type":"Polygon","coordinates":[[[-89.054,47.8544],[-89.0538,47.8535],[-89.0557,47.8536],[-89.054,47.8544]]]},{"type":"Polygon","coordinates":[[[-89.0749,47.8567],[-89.0745,47.8558],[-89.0761,47.8564],[-89.0749,47.8567]]]},{"type":"Polygon","coordinates":[[[-89.0704,47.8578],[-89.0708,47.8588],[-89.0701,47.8589],[-89.0705,47.8586],[-89.0704,47.8578]]]},{"type":"Polygon","coordinates":[[[-89.0761,47.8586],[-89.0794,47.8589],[-89.0779,47.8592],[-89.0761,47.8586]]]},{"type":"Polygon","coordinates":[[[-89.0533,47.8591],[-89.0558,47.8588],[-89.0564,47.8589],[-89.0533,47.8591]]]},{"type":"Polygon","coordinates":[[[-89.0579,47.8597],[-89.0594,47.8596],[-89.0598,47.8599],[-89.0588,47.86],[-89.0579,47.8597]]]},{"type":"Polygon","coordinates":[[[-89.0601,47.8601],[-89.0582,47.8606],[-89.0579,47.8604],[-89.0601,47.8601]]]},{"type":"Polygon","coordinates":[[[-89.0278,47.8606],[-89.0259,47.8609],[-89.0288,47.86],[-89.0278,47.8606]]]},{"type":"Polygon","coordinates":[[[-89.0617,47.8606],[-89.0603,47.8612],[-89.0601,47.8608],[-89.0617,47.8606]]]},{"type":"Polygon","coordinates":[[[-89.0222,47.8616],[-89.0256,47.8609],[-89.0245,47.8613],[-89.0222,47.8616]]]},{"type":"Polygon","coordinates":[[[-89.0587,47.8609],[-89.0595,47.8615],[-89.0586,47.8616],[-89.0587,47.8609]]]},{"type":"Polygon","coordinates":[[[-89.0459,47.8611],[-89.0494,47.8608],[-89.0573,47.861],[-89.0577,47.8618],[-89.0469,47.862],[-89.0459,47.8611]]]},{"type":"Polygon","coordinates":[[[-89.0197,47.8621],[-89.0219,47.8616],[-89.0193,47.8627],[-89.0197,47.8621]]]},{"type":"Polygon","coordinates":[[[-89.037,47.8626],[-89.0386,47.8627],[-89.0336,47.8631],[-89.0387,47.862],[-89.037,47.8626]]]},{"type":"Polygon","coordinates":[[[-89.0494,47.8625],[-89.0479,47.863],[-89.0453,47.863],[-89.0458,47.8626],[-89.0494,47.8625]]]},{"type":"Polygon","coordinates":[[[-89.0158,47.8631],[-89.017,47.8626],[-89.0183,47.8625],[-89.0158,47.8631]]]},{"type":"Polygon","coordinates":[[[-89.0393,47.8632],[-89.0355,47.8634],[-89.0379,47.8631],[-89.0393,47.8632]]]},{"type":"Polygon","coordinates":[[[-89.0732,47.863],[-89.067,47.8637],[-89.066,47.8631],[-89.0732,47.863]]]},{"type":"Polygon","coordinates":[[[-89.0435,47.8635],[-89.0455,47.8636],[-89.0459,47.8632],[-89.0477,47.8632],[-89.0453,47.8639],[-89.0435,47.8635]]]},{"type":"Polygon","coordinates":[[[-89.0753,47.8635],[-89.0766,47.864],[-89.0732,47.8634],[-89.0744,47.863],[-89.0761,47.8631],[-89.0753,47.8635]]]},{"type":"Polygon","coordinates":[[[-89.0499,47.864],[-89.0496,47.8633],[-89.051,47.8635],[-89.0499,47.864]]]},{"type":"Polygon","coordinates":[[[-89.0813,47.8634],[-89.0793,47.8641],[-89.0766,47.864],[-89.0813,47.8634]]]},{"type":"Polygon","coordinates":[[[-89.0253,47.8639],[-89.0264,47.8647],[-89.0246,47.8642],[-89.0253,47.8639]]]},{"type":"Polygon","coordinates":[[[-89.0548,47.8652],[-89.0538,47.8649],[-89.0554,47.8648],[-89.0548,47.8652]]]},{"type":"Polygon","coordinates":[[[-89.0235,47.8656],[-89.0259,47.8648],[-89.0264,47.865],[-89.0235,47.8656]]]},{"type":"Polygon","coordinates":[[[-89.0496,47.8658],[-89.053,47.8662],[-89.0483,47.8659],[-89.0496,47.8658]]]},{"type":"Polygon","coordinates":[[[-89.0302,47.8665],[-89.029,47.8667],[-89.0275,47.8658],[-89.0302,47.8665]]]},{"type":"Polygon","coordinates":[[[-89.0225,47.8677],[-89.0221,47.8661],[-89.0229,47.8658],[-89.0225,47.8677]]]},{"type":"Polygon","coordinates":[[[-89.0525,47.8672],[-89.0545,47.8671],[-89.0555,47.8672],[-89.0548,47.8678],[-89.0511,47.8681],[-89.0549,47.8674],[-89.0525,47.8672]]]},{"type":"Polygon","coordinates":[[[-89.0127,47.8691],[-89.0092,47.8701],[-89.0145,47.8685],[-89.0127,47.8691]]]},{"type":"Polygon","coordinates":[[[-89.0189,47.8692],[-89.0213,47.8689],[-89.0187,47.8695],[-89.0189,47.8692]]]},{"type":"Polygon","coordinates":[[[-89.0058,47.8707],[-89.0062,47.8711],[-89.0032,47.8716],[-89.0058,47.8707]]]},{"type":"Polygon","coordinates":[[[-89.0027,47.8716],[-88.9936,47.8738],[-88.996,47.8729],[-89.0027,47.8716]]]},{"type":"Polygon","coordinates":[[[-89.0444,47.8751],[-89.0528,47.8719],[-89.06,47.8707],[-89.0534,47.8726],[-89.0558,47.8725],[-89.0444,47.8751]]]},{"type":"Polygon","coordinates":[[[-88.9828,47.8736],[-88.9808,47.8739],[-88.983,47.8732],[-88.9828,47.8736]]]},{"type":"Polygon","coordinates":[[[-89.0273,47.8801],[-89.036,47.8764],[-89.041,47.8755],[-89.0303,47.8789],[-89.0288,47.8798],[-89.029,47.8811],[-89.0273,47.8809],[-89.0273,47.8801]]]},{"type":"Polygon","coordinates":[[[-88.9769,47.8799],[-88.9832,47.8779],[-88.9834,47.8781],[-88.98,47.8794],[-88.9769,47.8799]]]},{"type":"Polygon","coordinates":[[[-89.0654,47.8799],[-89.0639,47.8797],[-89.064,47.879],[-89.0653,47.8787],[-89.0654,47.8799]]]},{"type":"Polygon","coordinates":[[[-89.0266,47.8804],[-89.024,47.8815],[-89.0244,47.8826],[-89.0219,47.8822],[-89.0266,47.8804]]]},{"type":"Polygon","coordinates":[[[-89.0036,47.8807],[-88.9987,47.8817],[-88.9998,47.8825],[-88.9987,47.8829],[-88.9978,47.8817],[-88.9995,47.8807],[-89.0036,47.8807]]]},{"type":"Polygon","coordinates":[[[-89.0805,47.8829],[-89.078,47.8832],[-89.0807,47.8825],[-89.0805,47.8829]]]},{"type":"Polygon","coordinates":[[[-88.9963,47.8839],[-88.9968,47.8828],[-88.997,47.8837],[-88.9963,47.8839]]]},{"type":"Polygon","coordinates":[[[-89.0161,47.884],[-89.0154,47.885],[-89.0146,47.8849],[-89.0152,47.884],[-89.0161,47.884]]]},{"type":"Polygon","coordinates":[[[-88.9938,47.8864],[-88.9912,47.8876],[-88.9909,47.8873],[-88.993,47.8856],[-88.9938,47.8864]]]},{"type":"Polygon","coordinates":[[[-89.0009,47.8891],[-89.0045,47.8884],[-89.003,47.8889],[-89.0035,47.89],[-89.0009,47.8891]]]},{"type":"Polygon","coordinates":[[[-89.0363,47.8913],[-89.0358,47.8896],[-89.0365,47.8904],[-89.0363,47.8913]]]},{"type":"Polygon","coordinates":[[[-88.9754,47.8914],[-88.9778,47.8908],[-88.9772,47.8914],[-88.9757,47.8915],[-88.9754,47.8914]]]},{"type":"Polygon","coordinates":[[[-89.0663,47.9077],[-89.0648,47.9076],[-89.0664,47.9074],[-89.0663,47.9077]]]},{"type":"Polygon","coordinates":[[[-89.038,47.9123],[-89.0356,47.9136],[-89.0336,47.9139],[-89.038,47.9123]]]},{"type":"Polygon","coordinates":[[[-88.9989,47.9192],[-89.0013,47.9185],[-89.0003,47.9191],[-88.9989,47.9192]]]},{"type":"Polygon","coordinates":[[[-89.0347,47.9198],[-89.0342,47.9207],[-89.0332,47.9209],[-89.0347,47.9198]]]},{"type":"Polygon","coordinates":[[[-89.0296,47.9202],[-89.0303,47.9211],[-89.029,47.9207],[-89.0296,47.9202]]]},{"type":"Polygon","coordinates":[[[-89.0322,47.9241],[-89.0346,47.9241],[-89.0285,47.9259],[-89.0322,47.9241]]]},{"type":"Polygon","coordinates":[[[-89.0055,47.9253],[-89.0019,47.9274],[-89.0014,47.9274],[-89.0055,47.9253]]]},{"type":"Polygon","coordinates":[[[-89.0239,47.9276],[-89.0252,47.9269],[-89.0275,47.9261],[-89.0239,47.9276]]]},{"type":"Polygon","coordinates":[[[-89.0275,47.9281],[-89.0265,47.9278],[-89.0282,47.9273],[-89.0275,47.9281]]]},{"type":"Polygon","coordinates":[[[-89.0281,47.9296],[-89.0276,47.9293],[-89.0287,47.9291],[-89.0281,47.9296]]]},{"type":"Polygon","coordinates":[[[-88.991,47.9633],[-88.9885,47.9633],[-88.9913,47.963],[-88.991,47.9633]]]},{"type":"Polygon","coordinates":[[[-88.986,47.964],[-88.9851,47.9644],[-88.9848,47.9641],[-88.986,47.964]]]},{"type":"Polygon","coordinates":[[[-88.9971,47.9706],[-88.994,47.9712],[-88.9945,47.9708],[-88.9962,47.9705],[-88.9971,47.9706]]]},{"type":"Polygon","coordinates":[[[-88.9934,47.9713],[-88.9933,47.9721],[-88.9924,47.9717],[-88.9934,47.9713]]]},{"type":"Polygon","coordinates":[[[-88.9893,47.9716],[-88.9866,47.9721],[-88.9851,47.9719],[-88.9865,47.9714],[-88.9893,47.9716]]]},{"type":"Polygon","coordinates":[[[-88.998,47.9925],[-89.0003,47.992],[-88.9978,47.9927],[-88.998,47.9925]]]},{"type":"Polygon","coordinates":[[[-88.9971,47.9929],[-88.9941,47.9946],[-88.9935,47.9943],[-88.9971,47.9929]]]},{"type":"Polygon","coordinates":[[[-88.9626,47.8784],[-88.9632,47.8779],[-88.9632,47.8783],[-88.9626,47.8784]]]},{"type":"Polygon","coordinates":[[[-88.9619,47.8782],[-88.9638,47.8791],[-88.9601,47.8799],[-88.9602,47.8789],[-88.962,47.8792],[-88.9619,47.8782]]]},{"type":"Polygon","coordinates":[[[-88.9843,47.8735],[-88.9858,47.8749],[-88.9838,47.8765],[-88.9879,47.8747],[-88.9862,47.8758],[-88.9881,47.8755],[-88.983,47.8774],[-88.9822,47.8761],[-88.9826,47.8775],[-88.9784,47.8787],[-88.9757,47.8785],[-88.9773,47.8765],[-88.9729,47.8774],[-88.9714,47.8793],[-88.9665,47.8805],[-88.9684,47.8809],[-88.9592,47.8832],[-88.9531,47.8864],[-88.9515,47.8858],[-88.942,47.8881],[-88.9472,47.8859],[-88.9406,47.8881],[-88.9465,47.8851],[-88.9404,47.8856],[-88.9419,47.8845],[-88.95,47.8841],[-88.9578,47.8814],[-88.9538,47.8816],[-88.9552,47.8807],[-88.9668,47.8797],[-88.9688,47.8789],[-88.9683,47.8786],[-88.966,47.8792],[-88.9659,47.8789],[-88.9714,47.8777],[-88.9714,47.8764],[-88.9738,47.8763],[-88.9719,47.877],[-88.9727,47.8771],[-88.9756,47.876],[-88.9739,47.8757],[-88.979,47.875],[-88.9765,47.876],[-88.9779,47.8765],[-88.9812,47.8746],[-88.9836,47.8749],[-88.9824,47.8738],[-88.9855,47.8729],[-88.9843,47.8735]],[[-88.9481,47.8863],[-88.9521,47.8855],[-88.9528,47.8849],[-88.9497,47.8852],[-88.9481,47.8863]],[[-88.9508,47.8848],[-88.9542,47.8839],[-88.9468,47.8855],[-88.9508,47.8848]],[[-88.9653,47.8812],[-88.9642,47.8807],[-88.9636,47.8811],[-88.9653,47.8812]],[[-88.9545,47.885],[-88.9563,47.884],[-88.9537,47.8846],[-88.9545,47.885]],[[-88.9562,47.8832],[-88.9544,47.8837],[-88.9566,47.8836],[-88.9562,47.8832]],[[-88.9582,47.8814],[-88.9591,47.8818],[-88.9595,47.8813],[-88.9582,47.8814]]]},{"type":"Polygon","coordinates":[[[-88.9684,47.881],[-88.968,47.8815],[-88.9667,47.8817],[-88.9684,47.881]]]},{"type":"Polygon","coordinates":[[[-88.941,47.8843],[-88.9409,47.8849],[-88.9394,47.8845],[-88.941,47.8843]]]},{"type":"Polygon","coordinates":[[[-88.9364,47.8903],[-88.9342,47.8907],[-88.9366,47.8899],[-88.9364,47.8903]]]},{"type":"Polygon","coordinates":[[[-88.9333,47.8913],[-88.9317,47.8917],[-88.9313,47.8916],[-88.9322,47.8911],[-88.9333,47.8913]]]},{"type":"Polygon","coordinates":[[[-88.9226,47.8915],[-88.9207,47.8924],[-88.9201,47.8924],[-88.9226,47.8915]]]},{"type":"Polygon","coordinates":[[[-88.9216,47.8936],[-88.9289,47.8924],[-88.9258,47.8934],[-88.9216,47.8936]]]},{"type":"Polygon","coordinates":[[[-88.9621,47.8926],[-88.9603,47.8935],[-88.9574,47.8939],[-88.9587,47.8927],[-88.9621,47.8926]]]},{"type":"Polygon","coordinates":[[[-88.9261,47.8936],[-88.9234,47.8943],[-88.9219,47.8944],[-88.9212,47.8943],[-88.9261,47.8936]]]},{"type":"Polygon","coordinates":[[[-88.9734,47.9383],[-88.9737,47.9392],[-88.973,47.9391],[-88.9734,47.9383]]]},{"type":"Polygon","coordinates":[[[-88.97,47.9406],[-88.9687,47.9411],[-88.9695,47.9392],[-88.9698,47.9392],[-88.97,47.9406]]]},{"type":"Polygon","coordinates":[[[-88.9321,47.9431],[-88.9332,47.9421],[-88.9337,47.9421],[-88.9321,47.9431]]]},{"type":"Polygon","coordinates":[[[-88.9455,47.9434],[-88.9445,47.9441],[-88.9439,47.9441],[-88.944,47.9438],[-88.9455,47.9434]]]},{"type":"Polygon","coordinates":[[[-88.9286,47.9448],[-88.93,47.9437],[-88.9308,47.9436],[-88.9305,47.9439],[-88.9286,47.9448]]]},{"type":"Polygon","coordinates":[[[-88.9262,47.9442],[-88.9271,47.9447],[-88.926,47.9447],[-88.9262,47.9442]]]},{"type":"Polygon","coordinates":[[[-88.9313,47.946],[-88.9321,47.9459],[-88.9327,47.9453],[-88.9325,47.9461],[-88.9313,47.946]]]},{"type":"Polygon","coordinates":[[[-88.9661,47.9459],[-88.965,47.9469],[-88.9634,47.9467],[-88.965,47.9459],[-88.9661,47.9459]]]},{"type":"Polygon","coordinates":[[[-88.9397,47.9465],[-88.9379,47.947],[-88.9398,47.9462],[-88.9397,47.9465]]]},{"type":"Polygon","coordinates":[[[-88.9331,47.9495],[-88.9357,47.9485],[-88.9352,47.949],[-88.9331,47.9495]]]},{"type":"Polygon","coordinates":[[[-88.9623,47.9515],[-88.9598,47.9531],[-88.9583,47.9531],[-88.9583,47.9528],[-88.9623,47.9515]]]},{"type":"Polygon","coordinates":[[[-88.921,47.9577],[-88.9203,47.9582],[-88.9194,47.958],[-88.921,47.9577]]]},{"type":"Polygon","coordinates":[[[-88.9757,47.9608],[-88.9765,47.96],[-88.9765,47.9607],[-88.9757,47.9608]]]},{"type":"Polygon","coordinates":[[[-88.9751,47.9612],[-88.9742,47.9604],[-88.9752,47.9609],[-88.9751,47.9612]]]},{"type":"Polygon","coordinates":[[[-88.9433,47.9622],[-88.9441,47.962],[-88.9452,47.9611],[-88.9448,47.9619],[-88.9433,47.9622]]]},{"type":"Polygon","coordinates":[[[-88.9749,47.9616],[-88.9727,47.9622],[-88.9738,47.9626],[-88.9729,47.9633],[-88.9714,47.9634],[-88.9726,47.9619],[-88.9749,47.9616]]]},{"type":"Polygon","coordinates":[[[-88.9679,47.9644],[-88.964,47.9636],[-88.9665,47.9627],[-88.9632,47.9629],[-88.9669,47.962],[-88.9674,47.963],[-88.9686,47.9616],[-88.9713,47.9614],[-88.9679,47.9644]]]},{"type":"Polygon","coordinates":[[[-88.9705,47.9639],[-88.9698,47.9633],[-88.9709,47.9631],[-88.9705,47.9639]]]},{"type":"Polygon","coordinates":[[[-88.9367,47.963],[-88.9343,47.9645],[-88.9335,47.9646],[-88.9355,47.9632],[-88.9367,47.963]]]},{"type":"Polygon","coordinates":[[[-88.9761,47.964],[-88.9771,47.9639],[-88.9749,47.9642],[-88.9761,47.964]]]},{"type":"Polygon","coordinates":[[[-88.9709,47.9651],[-88.9736,47.9645],[-88.974,47.9646],[-88.9709,47.9651]]]},{"type":"Polygon","coordinates":[[[-88.9788,47.9661],[-88.971,47.9666],[-88.9693,47.9656],[-88.9794,47.965],[-88.9788,47.9661]]]},{"type":"Polygon","coordinates":[[[-88.9424,47.9666],[-88.9426,47.9658],[-88.9442,47.9652],[-88.9424,47.9666]]]},{"type":"Polygon","coordinates":[[[-88.9225,47.9665],[-88.9218,47.9665],[-88.9234,47.9663],[-88.9225,47.9665]]]},{"type":"Polygon","coordinates":[[[-88.9575,47.966],[-88.955,47.9675],[-88.9543,47.9675],[-88.9575,47.966]]]},{"type":"Polygon","coordinates":[[[-88.9478,47.968],[-88.9542,47.9658],[-88.9525,47.967],[-88.9487,47.9684],[-88.9478,47.968]]]},{"type":"Polygon","coordinates":[[[-88.9262,47.9691],[-88.9276,47.968],[-88.9255,47.969],[-88.9274,47.9677],[-88.9287,47.9676],[-88.9262,47.9691]]]},{"type":"Polygon","coordinates":[[[-88.9486,47.9689],[-88.9507,47.9685],[-88.9485,47.9691],[-88.9486,47.9689]]]},{"type":"Polygon","coordinates":[[[-88.9379,47.9693],[-88.9399,47.9683],[-88.9402,47.9684],[-88.9386,47.9693],[-88.9379,47.9693]]]},{"type":"Polygon","coordinates":[[[-88.9475,47.9681],[-88.9456,47.9699],[-88.9452,47.9698],[-88.9475,47.9681]]]},{"type":"Polygon","coordinates":[[[-88.9217,47.9693],[-88.9191,47.9704],[-88.9231,47.9682],[-88.9217,47.9693]]]},{"type":"Polygon","coordinates":[[[-88.9484,47.9694],[-88.9453,47.9706],[-88.9475,47.9694],[-88.9484,47.9694]]]},{"type":"Polygon","coordinates":[[[-88.9249,47.9701],[-88.9266,47.97],[-88.9244,47.9705],[-88.9249,47.9701]]]},{"type":"Polygon","coordinates":[[[-88.9235,47.9724],[-88.9222,47.9735],[-88.9217,47.9729],[-88.9228,47.9719],[-88.9221,47.9728],[-88.9235,47.9724]]]},{"type":"Polygon","coordinates":[[[-88.9393,47.973],[-88.9382,47.9737],[-88.9376,47.9737],[-88.9393,47.973]]]},{"type":"Polygon","coordinates":[[[-88.9481,47.9737],[-88.9467,47.9743],[-88.9495,47.973],[-88.9481,47.9737]]]},{"type":"Polygon","coordinates":[[[-88.9349,47.9745],[-88.9353,47.9735],[-88.9358,47.9736],[-88.9349,47.9745]]]},{"type":"Polygon","coordinates":[[[-88.9488,47.975],[-88.9514,47.9746],[-88.9477,47.9773],[-88.9488,47.975]]]},{"type":"Polygon","coordinates":[[[-88.952,47.9757],[-88.95,47.9765],[-88.9498,47.9764],[-88.9511,47.9752],[-88.952,47.9757]]]},{"type":"Polygon","coordinates":[[[-88.9368,47.9747],[-88.9376,47.9744],[-88.9364,47.9753],[-88.9371,47.9761],[-88.9346,47.9775],[-88.9368,47.9747]]]},{"type":"Polygon","coordinates":[[[-88.9333,47.9757],[-88.9297,47.9773],[-88.9333,47.9752],[-88.9333,47.9757]]]},{"type":"Polygon","coordinates":[[[-88.9199,47.9793],[-88.9249,47.9761],[-88.9244,47.9768],[-88.9199,47.9793]]]},{"type":"Polygon","coordinates":[[[-88.9397,47.9784],[-88.9373,47.9787],[-88.9372,47.9784],[-88.9385,47.9779],[-88.9397,47.9784]]]},{"type":"Polygon","coordinates":[[[-88.9403,47.9787],[-88.941,47.9782],[-88.9411,47.9786],[-88.9403,47.9787]]]},{"type":"Polygon","coordinates":[[[-88.9293,47.9806],[-88.932,47.9774],[-88.9325,47.9775],[-88.9293,47.9806]]]},{"type":"Polygon","coordinates":[[[-88.9401,47.9795],[-88.9415,47.9795],[-88.9395,47.9798],[-88.9401,47.9795]]]},{"type":"Polygon","coordinates":[[[-88.9383,47.9797],[-88.937,47.9804],[-88.937,47.9803],[-88.9383,47.9797]]]},{"type":"Polygon","coordinates":[[[-88.9223,47.9805],[-88.9226,47.9804],[-88.9224,47.9806],[-88.9223,47.9805]]]},{"type":"Polygon","coordinates":[[[-88.9263,47.9793],[-88.9247,47.9805],[-88.9203,47.9818],[-88.9207,47.981],[-88.9221,47.9812],[-88.9263,47.9793]]]},{"type":"Polygon","coordinates":[[[-88.939,47.9804],[-88.9398,47.9808],[-88.9385,47.9811],[-88.939,47.9804]]]},{"type":"Polygon","coordinates":[[[-88.9345,47.9799],[-88.9318,47.9816],[-88.9321,47.9809],[-88.9345,47.9799]]]},{"type":"Polygon","coordinates":[[[-88.9419,47.9808],[-88.9403,47.9817],[-88.9386,47.9818],[-88.9402,47.9815],[-88.941,47.9798],[-88.9407,47.9807],[-88.9419,47.9808]]]},{"type":"Polygon","coordinates":[[[-88.9376,47.9807],[-88.9366,47.982],[-88.9356,47.9819],[-88.9358,47.9808],[-88.9376,47.9807]]]},{"type":"Polygon","coordinates":[[[-88.9255,47.9809],[-88.9272,47.9813],[-88.9252,47.9823],[-88.9255,47.9809]]]},{"type":"Polygon","coordinates":[[[-88.9237,47.9835],[-88.9231,47.9832],[-88.9237,47.9831],[-88.9237,47.9835]]]},{"type":"Polygon","coordinates":[[[-88.9172,47.8936],[-88.9186,47.8927],[-88.9201,47.8924],[-88.9187,47.8928],[-88.9172,47.8936]]]},{"type":"Polygon","coordinates":[[[-88.9171,47.8931],[-88.9145,47.8943],[-88.9147,47.8933],[-88.9157,47.8928],[-88.9171,47.8931]]]},{"type":"Polygon","coordinates":[[[-88.916,47.8943],[-88.9167,47.8945],[-88.9138,47.8959],[-88.916,47.8943]]]},{"type":"Polygon","coordinates":[[[-88.8947,47.9422],[-88.8931,47.9422],[-88.8947,47.9421],[-88.8947,47.9422]]]},{"type":"Polygon","coordinates":[[[-88.9189,47.948],[-88.9176,47.9482],[-88.9193,47.9477],[-88.9189,47.948]]]},{"type":"Polygon","coordinates":[[[-88.9174,47.9494],[-88.9161,47.9495],[-88.9188,47.9485],[-88.9174,47.9494]]]},{"type":"Polygon","coordinates":[[[-88.9124,47.9585],[-88.9109,47.959],[-88.9124,47.9581],[-88.9124,47.9585]]]},{"type":"Polygon","coordinates":[[[-88.9184,47.9584],[-88.9188,47.9592],[-88.9182,47.9592],[-88.9184,47.9584]]]},{"type":"Polygon","coordinates":[[[-88.9097,47.9604],[-88.9106,47.9597],[-88.9112,47.9598],[-88.9097,47.9604]]]},{"type":"Polygon","coordinates":[[[-88.9114,47.9607],[-88.91,47.9612],[-88.9114,47.9605],[-88.9114,47.9607]]]},{"type":"Polygon","coordinates":[[[-88.8892,47.9663],[-88.8906,47.9664],[-88.8891,47.9666],[-88.8892,47.9663]]]},{"type":"Polygon","coordinates":[[[-88.828,47.9684],[-88.8337,47.9671],[-88.8352,47.9675],[-88.8296,47.9692],[-88.828,47.9684]]]},{"type":"Polygon","coordinates":[[[-88.9137,47.9688],[-88.916,47.9677],[-88.9163,47.9678],[-88.9137,47.9688]]]},{"type":"Polygon","coordinates":[[[-88.9206,47.9677],[-88.9182,47.9691],[-88.9168,47.9703],[-88.9192,47.968],[-88.9206,47.9677]]]},{"type":"Polygon","coordinates":[[[-88.823,47.9694],[-88.8235,47.9681],[-88.8281,47.9696],[-88.823,47.9694]]]},{"type":"Polygon","coordinates":[[[-88.8213,47.9697],[-88.8204,47.9699],[-88.8197,47.9688],[-88.8205,47.9687],[-88.8213,47.9697]]]},{"type":"Polygon","coordinates":[[[-88.9177,47.969],[-88.9157,47.9699],[-88.9177,47.9687],[-88.9177,47.969]]]},{"type":"Polygon","coordinates":[[[-88.9183,47.9708],[-88.9169,47.9716],[-88.916,47.9713],[-88.9165,47.971],[-88.917,47.9711],[-88.918,47.9707],[-88.9183,47.9708]]]},{"type":"Polygon","coordinates":[[[-88.8335,47.9712],[-88.8308,47.9721],[-88.8316,47.9706],[-88.8335,47.9712]]]},{"type":"Polygon","coordinates":[[[-88.9163,47.9737],[-88.9166,47.9728],[-88.9179,47.9725],[-88.9172,47.9735],[-88.9163,47.9737]]]},{"type":"Polygon","coordinates":[[[-88.9199,47.9743],[-88.9196,47.9736],[-88.9213,47.9729],[-88.9199,47.9743]]]},{"type":"Polygon","coordinates":[[[-88.9091,47.974],[-88.9072,47.9743],[-88.9102,47.973],[-88.9091,47.974]]]},{"type":"Polygon","coordinates":[[[-88.9085,47.9761],[-88.9148,47.9727],[-88.9178,47.9718],[-88.9181,47.972],[-88.9159,47.9725],[-88.9121,47.975],[-88.9085,47.9761]]]},{"type":"Polygon","coordinates":[[[-88.9057,47.9748],[-88.9054,47.9759],[-88.9035,47.9764],[-88.9037,47.976],[-88.9057,47.9748]]]},{"type":"Polygon","coordinates":[[[-88.9127,47.976],[-88.9113,47.9765],[-88.91,47.9764],[-88.9127,47.976]]]},{"type":"Polygon","coordinates":[[[-88.902,47.9768],[-88.9013,47.9765],[-88.9032,47.9765],[-88.9015,47.9775],[-88.902,47.9768]]]},{"type":"Polygon","coordinates":[[[-88.9131,47.978],[-88.9158,47.9765],[-88.9175,47.9763],[-88.9139,47.9781],[-88.9131,47.978]]]},{"type":"Polygon","coordinates":[[[-88.9062,47.9774],[-88.9052,47.9788],[-88.904,47.9786],[-88.9062,47.9774]]]},{"type":"Polygon","coordinates":[[[-88.9074,47.9805],[-88.9092,47.9795],[-88.9078,47.9808],[-88.9074,47.9805]]]},{"type":"Polygon","coordinates":[[[-88.9025,47.9808],[-88.9042,47.9795],[-88.906,47.9798],[-88.9043,47.9799],[-88.9025,47.9808]]]},{"type":"Polygon","coordinates":[[[-88.7912,47.9795],[-88.7928,47.9805],[-88.7951,47.9807],[-88.7934,47.9813],[-88.7891,47.9802],[-88.7912,47.9795]]]},{"type":"Polygon","coordinates":[[[-88.9013,47.9806],[-88.9023,47.9807],[-88.9013,47.9811],[-88.9013,47.9806]]]},{"type":"Polygon","coordinates":[[[-88.9143,47.9832],[-88.9138,47.984],[-88.9117,47.9845],[-88.9122,47.9837],[-88.9143,47.9832]]]},{"type":"Polygon","coordinates":[[[-88.9182,47.983],[-88.9162,47.9848],[-88.9153,47.985],[-88.9182,47.983]]]},{"type":"Polygon","coordinates":[[[-88.9057,47.9855],[-88.9058,47.9849],[-88.9071,47.9849],[-88.9057,47.9855]]]},{"type":"Polygon","coordinates":[[[-88.9126,47.9862],[-88.9063,47.9889],[-88.9039,47.9896],[-88.9039,47.9892],[-88.9126,47.9862]]]},{"type":"Polygon","coordinates":[[[-88.8559,47.9919],[-88.8533,47.9925],[-88.8524,47.9924],[-88.8559,47.9919]]]},{"type":"Polygon","coordinates":[[[-88.9074,47.9933],[-88.9093,47.9925],[-88.91,47.993],[-88.9089,47.9936],[-88.9074,47.9933]]]},{"type":"Polygon","coordinates":[[[-88.9006,47.9945],[-88.8988,47.9954],[-88.8973,47.9947],[-88.9006,47.9945]]]},{"type":"Polygon","coordinates":[[[-88.8752,47.9948],[-88.874,47.9959],[-88.873,47.9957],[-88.8737,47.9951],[-88.8752,47.9948]]]},{"type":"Polygon","coordinates":[[[-88.8562,48.0003],[-88.8543,48.0],[-88.8557,47.9998],[-88.8562,48.0003]]]},{"type":"Polygon","coordinates":[[[-88.8507,48.001],[-88.8514,48.0],[-88.8523,48.0012],[-88.8517,48.0015],[-88.8507,48.001]]]},{"type":"Polygon","coordinates":[[[-88.8981,48.0],[-88.8971,48.0015],[-88.8966,48.0006],[-88.8981,48.0]]]},{"type":"Polygon","coordinates":[[[-88.8405,48.003],[-88.8422,48.0017],[-88.8426,48.002],[-88.8419,48.0026],[-88.8405,48.003]]]},{"type":"Polygon","coordinates":[[[-88.8497,48.0132],[-88.8484,48.0135],[-88.8507,48.0127],[-88.8497,48.0132]]]},{"type":"Polygon","coordinates":[[[-88.8093,48.0166],[-88.8109,48.0159],[-88.8118,48.016],[-88.8108,48.0166],[-88.8093,48.0166]]]},{"type":"Polygon","coordinates":[[[-88.8424,48.0165],[-88.8444,48.0164],[-88.8462,48.0171],[-88.8432,48.0177],[-88.8424,48.0165]]]},{"type":"Polygon","coordinates":[[[-88.8001,48.0197],[-88.8068,48.0169],[-88.8002,48.0204],[-88.8001,48.0197]]]},{"type":"Polygon","coordinates":[[[-88.792,48.0195],[-88.7941,48.0177],[-88.7946,48.018],[-88.7957,48.0176],[-88.7965,48.0177],[-88.7957,48.0185],[-88.7927,48.0197],[-88.792,48.0195]]]},{"type":"Polygon","coordinates":[[[-88.8013,48.0184],[-88.7997,48.0195],[-88.7993,48.0194],[-88.8013,48.0184]]]},{"type":"Polygon","coordinates":[[[-88.8056,48.0191],[-88.8027,48.0202],[-88.8023,48.0201],[-88.8046,48.0189],[-88.8056,48.0191]]]},{"type":"Polygon","coordinates":[[[-88.7919,48.0198],[-88.7887,48.0212],[-88.7897,48.0203],[-88.7866,48.0211],[-88.7897,48.0197],[-88.7919,48.0198]]]},{"type":"Polygon","coordinates":[[[-88.7942,48.0217],[-88.7951,48.0223],[-88.7937,48.0228],[-88.7942,48.0217]]]},{"type":"Polygon","coordinates":[[[-88.7917,48.0222],[-88.7914,48.023],[-88.791,48.0228],[-88.7917,48.0222]]]},{"type":"Polygon","coordinates":[[[-88.7885,48.0223],[-88.7873,48.0228],[-88.7859,48.0231],[-88.7885,48.0223]]]},{"type":"Polygon","coordinates":[[[-88.7902,48.022],[-88.7878,48.0244],[-88.7869,48.0245],[-88.7881,48.0231],[-88.7902,48.022]]]},{"type":"Polygon","coordinates":[[[-88.7873,48.0263],[-88.7957,48.0226],[-88.7976,48.0208],[-88.7962,48.0231],[-88.7873,48.0263]]]},{"type":"Polygon","coordinates":[[[-88.8545,48.0237],[-88.8569,48.0241],[-88.8568,48.0228],[-88.858,48.0231],[-88.8574,48.0241],[-88.855,48.0249],[-88.8542,48.0248],[-88.8545,48.0237]]]},{"type":"Polygon","coordinates":[[[-88.8921,48.0245],[-88.8935,48.0234],[-88.8944,48.0233],[-88.8921,48.0245]]]},{"type":"Polygon","coordinates":[[[-88.796,48.0255],[-88.8001,48.0231],[-88.7973,48.0252],[-88.796,48.0255]]]},{"type":"Polygon","coordinates":[[[-88.8519,48.0253],[-88.8525,48.0242],[-88.8534,48.0238],[-88.8533,48.0251],[-88.8519,48.0253]]]},{"type":"Polygon","coordinates":[[[-88.7986,48.0225],[-88.7917,48.0273],[-88.7896,48.0275],[-88.7986,48.0225]]]},{"type":"Polygon","coordinates":[[[-88.7869,48.0353],[-88.7854,48.0345],[-88.7876,48.0347],[-88.7869,48.0353]]]},{"type":"Polygon","coordinates":[[[-88.786,48.0359],[-88.788,48.035],[-88.79,48.0351],[-88.786,48.0359]]]},{"type":"Polygon","coordinates":[[[-88.7879,48.0399],[-88.7945,48.038],[-88.7951,48.0388],[-88.7879,48.0399]]]},{"type":"Polygon","coordinates":[[[-88.83,48.0473],[-88.8283,48.0477],[-88.83,48.0471],[-88.83,48.0473]]]},{"type":"Polygon","coordinates":[[[-88.7617,47.9902],[-88.7607,47.9906],[-88.7609,47.9895],[-88.7617,47.9902]]]},{"type":"Polygon","coordinates":[[[-88.7388,48.0001],[-88.74,48.0],[-88.7388,48.0002],[-88.7388,48.0001]]]},{"type":"Polygon","coordinates":[[[-88.7043,48.001],[-88.7077,47.9997],[-88.7079,48.0012],[-88.7043,48.001]]]},{"type":"Polygon","coordinates":[[[-88.7091,48.0018],[-88.7086,48.0014],[-88.7094,48.0014],[-88.7091,48.0018]]]},{"type":"Polygon","coordinates":[[[-88.7014,48.0023],[-88.7013,48.0014],[-88.7028,48.0026],[-88.7014,48.0023]]]},{"type":"Polygon","coordinates":[[[-88.7081,48.0029],[-88.7094,48.0025],[-88.707,48.0026],[-88.7113,48.001],[-88.7092,48.004],[-88.7081,48.0029]]]},{"type":"Polygon","coordinates":[[[-88.7029,48.0029],[-88.7041,48.0039],[-88.7026,48.0032],[-88.7029,48.0029]]]},{"type":"Polygon","coordinates":[[[-88.7086,48.0035],[-88.7051,48.0043],[-88.7052,48.0034],[-88.7086,48.0035]]]},{"type":"Polygon","coordinates":[[[-88.7091,48.0044],[-88.7074,48.0047],[-88.7086,48.0043],[-88.7091,48.0044]]]},{"type":"Polygon","coordinates":[[[-88.7668,48.004],[-88.7651,48.0051],[-88.7629,48.0052],[-88.7642,48.0042],[-88.7668,48.004]]]},{"type":"Polygon","coordinates":[[[-88.7068,48.0048],[-88.704,48.006],[-88.7035,48.0058],[-88.7068,48.0048]]]},{"type":"Polygon","coordinates":[[[-88.7052,48.0208],[-88.7061,48.0203],[-88.7069,48.0202],[-88.7069,48.0206],[-88.7052,48.0208]]]},{"type":"Polygon","coordinates":[[[-88.7019,48.0218],[-88.7009,48.0218],[-88.7027,48.0213],[-88.7019,48.0218]]]},{"type":"Polygon","coordinates":[[[-88.7073,48.0255],[-88.7076,48.026],[-88.707,48.0259],[-88.7073,48.0255]]]},{"type":"Polygon","coordinates":[[[-88.7042,48.026],[-88.707,48.0252],[-88.7052,48.0263],[-88.7061,48.0269],[-88.7052,48.0275],[-88.7042,48.026]]]},{"type":"Polygon","coordinates":[[[-88.7825,48.0259],[-88.7875,48.0254],[-88.7823,48.0278],[-88.7825,48.0259]]]},{"type":"Polygon","coordinates":[[[-88.738,48.0276],[-88.7397,48.0273],[-88.7378,48.028],[-88.738,48.0276]]]},{"type":"Polygon","coordinates":[[[-88.7641,48.0286],[-88.7644,48.0276],[-88.7663,48.0277],[-88.7641,48.0286]]]},{"type":"Polygon","coordinates":[[[-88.7062,48.028],[-88.7044,48.0284],[-88.7045,48.0278],[-88.7062,48.028]]]},{"type":"Polygon","coordinates":[[[-88.7636,48.0288],[-88.7612,48.029],[-88.7627,48.0284],[-88.7636,48.0288]]]},{"type":"Polygon","coordinates":[[[-88.7641,48.0294],[-88.7625,48.0298],[-88.7652,48.029],[-88.7641,48.0294]]]},{"type":"Polygon","coordinates":[[[-88.7795,48.0295],[-88.7781,48.0303],[-88.7788,48.0308],[-88.7774,48.0305],[-88.7795,48.0295]]]},{"type":"Polygon","coordinates":[[[-88.7516,48.0313],[-88.7526,48.0307],[-88.7531,48.0312],[-88.7516,48.0313]]]},{"type":"Polygon","coordinates":[[[-88.7642,48.032],[-88.7649,48.0336],[-88.7618,48.0341],[-88.7642,48.032]]]},{"type":"Polygon","coordinates":[[[-88.7621,48.0322],[-88.7622,48.0337],[-88.7598,48.0341],[-88.7621,48.0322]]]},{"type":"Polygon","coordinates":[[[-88.7059,48.0359],[-88.7041,48.0354],[-88.7067,48.0354],[-88.7059,48.0359]]]},{"type":"Polygon","coordinates":[[[-88.7791,48.0353],[-88.7817,48.0346],[-88.7821,48.0356],[-88.786,48.0352],[-88.7809,48.037],[-88.7783,48.0367],[-88.7791,48.0353]],[[-88.7811,48.0366],[-88.7805,48.0352],[-88.7794,48.0363],[-88.7811,48.0366]]]},{"type":"Polygon","coordinates":[[[-88.7291,48.0366],[-88.7307,48.0359],[-88.731,48.0364],[-88.7291,48.0366]]]},{"type":"Polygon","coordinates":[[[-88.7383,48.0376],[-88.7401,48.0382],[-88.7364,48.0386],[-88.7383,48.0376]]]},{"type":"Polygon","coordinates":[[[-88.7284,48.0396],[-88.7311,48.0394],[-88.7312,48.0397],[-88.7284,48.0396]]]},{"type":"Polygon","coordinates":[[[-88.7656,48.0395],[-88.7627,48.041],[-88.7621,48.0408],[-88.7641,48.0394],[-88.7656,48.0395]]]},{"type":"Polygon","coordinates":[[[-88.7603,48.0401],[-88.7626,48.0397],[-88.759,48.0414],[-88.7603,48.0401]]]},{"type":"Polygon","coordinates":[[[-88.7652,48.044],[-88.773,48.0414],[-88.7736,48.0426],[-88.7769,48.0403],[-88.7771,48.0416],[-88.7795,48.0421],[-88.773,48.0443],[-88.7734,48.0427],[-88.7698,48.0428],[-88.7683,48.0444],[-88.7691,48.0431],[-88.7655,48.0445],[-88.7689,48.0446],[-88.7669,48.0454],[-88.7648,48.0452],[-88.7652,48.044]]]},{"type":"Polygon","coordinates":[[[-88.7695,48.0449],[-88.7707,48.0439],[-88.7717,48.044],[-88.7695,48.0449]]]},{"type":"Polygon","coordinates":[[[-88.7557,48.0455],[-88.7563,48.0475],[-88.7532,48.047],[-88.7557,48.0455]]]},{"type":"Polygon","coordinates":[[[-88.7497,48.0493],[-88.7488,48.0488],[-88.7532,48.049],[-88.7546,48.0479],[-88.7588,48.0471],[-88.7619,48.0455],[-88.7686,48.0456],[-88.7658,48.0474],[-88.7622,48.047],[-88.7633,48.0462],[-88.7599,48.0466],[-88.762,48.047],[-88.7551,48.048],[-88.7543,48.0491],[-88.7497,48.0508],[-88.7483,48.0508],[-88.7501,48.0503],[-88.748,48.0494],[-88.7497,48.0493]]]},{"type":"Polygon","coordinates":[[[-88.7817,48.0502],[-88.7809,48.0513],[-88.7789,48.0512],[-88.7807,48.0499],[-88.7817,48.0502]]]},{"type":"Polygon","coordinates":[[[-88.7626,48.0504],[-88.7599,48.0514],[-88.7577,48.0516],[-88.7564,48.0515],[-88.7626,48.0504]]]},{"type":"Polygon","coordinates":[[[-88.7509,48.0518],[-88.7494,48.0519],[-88.7503,48.0516],[-88.7509,48.0518]]]},{"type":"Polygon","coordinates":[[[-88.7655,48.0518],[-88.7624,48.0522],[-88.7621,48.0524],[-88.7623,48.052],[-88.7636,48.052],[-88.764,48.0514],[-88.7655,48.0518]]]},{"type":"Polygon","coordinates":[[[-88.7589,48.0521],[-88.7572,48.0522],[-88.7595,48.0517],[-88.7589,48.0521]]]},{"type":"Polygon","coordinates":[[[-88.7557,48.0518],[-88.7511,48.054],[-88.751,48.0534],[-88.7489,48.0538],[-88.7557,48.0518]]]},{"type":"Polygon","coordinates":[[[-88.7677,48.052],[-88.7691,48.0539],[-88.7672,48.0527],[-88.7658,48.0533],[-88.7677,48.052]]]},{"type":"Polygon","coordinates":[[[-88.7618,48.0528],[-88.7591,48.0538],[-88.7579,48.0538],[-88.7602,48.0526],[-88.7618,48.0528]]]},{"type":"Polygon","coordinates":[[[-88.7459,48.0539],[-88.7488,48.0538],[-88.7467,48.0545],[-88.7459,48.0539]]]},{"type":"Polygon","coordinates":[[[-88.7462,48.0548],[-88.7502,48.0539],[-88.7472,48.0551],[-88.7462,48.0548]]]},{"type":"Polygon","coordinates":[[[-88.747,48.0599],[-88.7493,48.0588],[-88.7497,48.0595],[-88.7478,48.0601],[-88.747,48.0599]]]},{"type":"Polygon","coordinates":[[[-88.7275,48.067],[-88.7287,48.0663],[-88.7297,48.066],[-88.7286,48.0671],[-88.7275,48.067]]]},{"type":"Polygon","coordinates":[[[-88.7551,48.0669],[-88.7565,48.0666],[-88.755,48.0672],[-88.7551,48.0669]]]},{"type":"Polygon","coordinates":[[[-88.7302,48.0698],[-88.7312,48.0691],[-88.7325,48.069],[-88.7302,48.0698]]]},{"type":"Polygon","coordinates":[[[-88.7429,48.0702],[-88.7455,48.0693],[-88.7428,48.0704],[-88.7429,48.0702]]]},{"type":"Polygon","coordinates":[[[-88.7447,48.0706],[-88.7424,48.0708],[-88.7452,48.0701],[-88.7447,48.0706]]]},{"type":"Polygon","coordinates":[[[-88.733,48.0706],[-88.7318,48.0711],[-88.7312,48.0711],[-88.733,48.0706]]]},{"type":"Polygon","coordinates":[[[-88.7399,48.0724],[-88.7387,48.072],[-88.7411,48.0714],[-88.7399,48.0724]]]},{"type":"Polygon","coordinates":[[[-88.7358,48.0758],[-88.7333,48.0763],[-88.7358,48.0756],[-88.7358,48.0758]]]},{"type":"Polygon","coordinates":[[[-88.7228,48.0774],[-88.7233,48.0763],[-88.7265,48.0762],[-88.7243,48.0766],[-88.7228,48.0774]]]},{"type":"Polygon","coordinates":[[[-88.7205,48.0771],[-88.7183,48.0773],[-88.7182,48.0769],[-88.7205,48.0771]]]},{"type":"Polygon","coordinates":[[[-88.7217,48.077],[-88.7225,48.0782],[-88.7201,48.0789],[-88.7215,48.0765],[-88.7228,48.0767],[-88.7217,48.077]]]},{"type":"Polygon","coordinates":[[[-88.742,48.0789],[-88.7442,48.0782],[-88.7419,48.0793],[-88.742,48.0789]]]},{"type":"Polygon","coordinates":[[[-88.7383,48.0798],[-88.7402,48.0794],[-88.7371,48.081],[-88.7383,48.0798]]]},{"type":"Polygon","coordinates":[[[-88.7279,48.0847],[-88.7307,48.0826],[-88.7316,48.0825],[-88.7279,48.0847]]]},{"type":"Polygon","coordinates":[[[-88.7149,48.0833],[-88.718,48.0829],[-88.7187,48.0832],[-88.7159,48.0845],[-88.7134,48.0853],[-88.7132,48.0851],[-88.7159,48.0838],[-88.7141,48.0841],[-88.7149,48.0833]]]},{"type":"Polygon","coordinates":[[[-88.7216,48.0849],[-88.7196,48.0872],[-88.7156,48.0879],[-88.7178,48.0864],[-88.7216,48.0849]]]},{"type":"Polygon","coordinates":[[[-88.7487,48.0895],[-88.7503,48.0888],[-88.7507,48.0889],[-88.7498,48.0894],[-88.7489,48.0896],[-88.7487,48.0895]]]},{"type":"Polygon","coordinates":[[[-88.7105,48.0972],[-88.7097,48.0966],[-88.7119,48.0965],[-88.7105,48.0972]]]},{"type":"Polygon","coordinates":[[[-88.7261,48.0981],[-88.7246,48.0992],[-88.7232,48.0996],[-88.7261,48.0981]]]},{"type":"Polygon","coordinates":[[[-88.7005,48.0017],[-88.7004,48.0016],[-88.7006,48.0016],[-88.7005,48.0017]]]},{"type":"Polygon","coordinates":[[[-88.6983,48.0031],[-88.7015,48.0026],[-88.6963,48.0036],[-88.6983,48.0031]]]},{"type":"Polygon","coordinates":[[[-88.693,48.0045],[-88.6965,48.0028],[-88.697,48.0029],[-88.6944,48.004],[-88.6954,48.004],[-88.6946,48.0051],[-88.693,48.0045]]]},{"type":"Polygon","coordinates":[[[-88.6913,48.0117],[-88.6958,48.0104],[-88.6898,48.0126],[-88.6913,48.0117]]]},{"type":"Polygon","coordinates":[[[-88.6938,48.0147],[-88.6952,48.014],[-88.6974,48.013],[-88.6938,48.0147]]]},{"type":"Polygon","coordinates":[[[-88.6685,48.0143],[-88.6689,48.0138],[-88.6698,48.0136],[-88.6685,48.0143]]]},{"type":"Polygon","coordinates":[[[-88.6987,48.0168],[-88.6961,48.0184],[-88.6957,48.0183],[-88.6977,48.017],[-88.6987,48.0168]]]},{"type":"Polygon","coordinates":[[[-88.69,48.0201],[-88.6892,48.0196],[-88.6908,48.0197],[-88.69,48.0201]]]},{"type":"Polygon","coordinates":[[[-88.667,48.0197],[-88.6656,48.0207],[-88.6651,48.0206],[-88.667,48.0197]]]},{"type":"Polygon","coordinates":[[[-88.696,48.0202],[-88.6929,48.0209],[-88.6934,48.0204],[-88.696,48.0202]]]},{"type":"Polygon","coordinates":[[[-88.6816,48.0219],[-88.682,48.0212],[-88.6824,48.0213],[-88.6816,48.0219]]]},{"type":"Polygon","coordinates":[[[-88.6814,48.0224],[-88.6778,48.0245],[-88.6767,48.0246],[-88.6814,48.0224]]]},{"type":"Polygon","coordinates":[[[-88.6936,48.0242],[-88.6949,48.0245],[-88.6932,48.0247],[-88.6936,48.0242]]]},{"type":"Polygon","coordinates":[[[-88.6501,48.0268],[-88.6498,48.0264],[-88.6505,48.0264],[-88.6501,48.0268]]]},{"type":"Polygon","coordinates":[[[-88.6467,48.0274],[-88.6483,48.027],[-88.6466,48.0276],[-88.6467,48.0274]]]},{"type":"Polygon","coordinates":[[[-88.6998,48.0278],[-88.6991,48.027],[-88.7008,48.0275],[-88.6998,48.0278]]]},{"type":"Polygon","coordinates":[[[-88.6491,48.0274],[-88.6484,48.0279],[-88.6471,48.028],[-88.6473,48.0277],[-88.6491,48.0274]]]},{"type":"Polygon","coordinates":[[[-88.672,48.0286],[-88.6736,48.0283],[-88.6742,48.0285],[-88.6729,48.0289],[-88.672,48.0288],[-88.672,48.0286]]]},{"type":"Polygon","coordinates":[[[-88.6738,48.03],[-88.675,48.029],[-88.6755,48.0294],[-88.6738,48.03]]]},{"type":"Polygon","coordinates":[[[-88.6497,48.0303],[-88.6503,48.0308],[-88.6493,48.0311],[-88.6497,48.0303]]]},{"type":"Polygon","coordinates":[[[-88.6812,48.0315],[-88.6788,48.0321],[-88.68,48.0314],[-88.6754,48.0317],[-88.679,48.0309],[-88.6812,48.0315]]]},{"type":"Polygon","coordinates":[[[-88.6839,48.0326],[-88.684,48.032],[-88.6851,48.0319],[-88.6839,48.0326]]]},{"type":"Polygon","coordinates":[[[-88.6848,48.0325],[-88.687,48.0323],[-88.6877,48.0329],[-88.6848,48.0325]]]},{"type":"Polygon","coordinates":[[[-88.6537,48.0339],[-88.651,48.0353],[-88.6499,48.0353],[-88.65,48.0349],[-88.6537,48.0339]]]},{"type":"Polygon","coordinates":[[[-88.6592,48.0386],[-88.6615,48.0373],[-88.662,48.0376],[-88.6613,48.0383],[-88.6592,48.0386]]]},{"type":"Polygon","coordinates":[[[-88.6538,48.0381],[-88.6511,48.0389],[-88.6498,48.0395],[-88.6526,48.038],[-88.6538,48.0381]]]},{"type":"Polygon","coordinates":[[[-88.6516,48.0379],[-88.648,48.0391],[-88.6467,48.0398],[-88.6467,48.0394],[-88.6509,48.0379],[-88.6514,48.0378],[-88.6516,48.0379]]]},{"type":"Polygon","coordinates":[[[-88.6622,48.0415],[-88.6616,48.0408],[-88.6635,48.0409],[-88.6622,48.0415]]]},{"type":"Polygon","coordinates":[[[-88.6611,48.0421],[-88.6622,48.0417],[-88.6628,48.0421],[-88.6616,48.0423],[-88.6611,48.0421]]]},{"type":"Polygon","coordinates":[[[-88.6569,48.0463],[-88.6555,48.0475],[-88.6576,48.0468],[-88.6547,48.0479],[-88.6551,48.0463],[-88.6569,48.0463]]]},{"type":"Polygon","coordinates":[[[-88.6479,48.0484],[-88.6531,48.0468],[-88.6463,48.0501],[-88.6479,48.0484]]]},{"type":"Polygon","coordinates":[[[-88.637,48.0507],[-88.6417,48.0498],[-88.6396,48.0512],[-88.637,48.0507]]]},{"type":"Polygon","coordinates":[[[-88.646,48.0505],[-88.6443,48.0522],[-88.6399,48.0531],[-88.6425,48.0515],[-88.646,48.0505]]]},{"type":"Polygon","coordinates":[[[-88.6491,48.0515],[-88.6463,48.0524],[-88.649,48.0511],[-88.6491,48.0515]]]},{"type":"Polygon","coordinates":[[[-88.6316,48.0528],[-88.632,48.0537],[-88.6296,48.0543],[-88.6316,48.0528]]]},{"type":"Polygon","coordinates":[[[-88.6428,48.0555],[-88.6439,48.0553],[-88.6443,48.0554],[-88.6441,48.0559],[-88.6428,48.0555]]]},{"type":"Polygon","coordinates":[[[-88.687,48.0597],[-88.6857,48.0607],[-88.6845,48.0608],[-88.687,48.0597]]]},{"type":"Polygon","coordinates":[[[-88.6571,48.0619],[-88.6569,48.0627],[-88.6555,48.0627],[-88.6556,48.0623],[-88.6571,48.0619]]]},{"type":"Polygon","coordinates":[[[-88.6807,48.0633],[-88.6812,48.0625],[-88.6825,48.0622],[-88.6807,48.0633]]]},{"type":"Polygon","coordinates":[[[-88.668,48.063],[-88.6668,48.0637],[-88.6667,48.0632],[-88.668,48.063]]]},{"type":"Polygon","coordinates":[[[-88.6689,48.065],[-88.6678,48.0646],[-88.6708,48.0639],[-88.6689,48.065]]]},{"type":"Polygon","coordinates":[[[-88.6832,48.0649],[-88.6802,48.0657],[-88.6832,48.0647],[-88.6832,48.0649]]]},{"type":"Polygon","coordinates":[[[-88.6978,48.065],[-88.6964,48.0659],[-88.6958,48.0659],[-88.6978,48.065]]]},{"type":"Polygon","coordinates":[[[-88.6528,48.0682],[-88.6506,48.0696],[-88.6493,48.0695],[-88.6528,48.0682]]]},{"type":"Polygon","coordinates":[[[-88.6671,48.0704],[-88.6663,48.0717],[-88.6636,48.0721],[-88.6671,48.0704]]]},{"type":"Polygon","coordinates":[[[-88.6749,48.075],[-88.6769,48.0748],[-88.6741,48.076],[-88.6742,48.0771],[-88.669,48.0784],[-88.6749,48.075]]]},{"type":"Polygon","coordinates":[[[-88.6979,48.0785],[-88.6999,48.0778],[-88.7008,48.0774],[-88.6999,48.0782],[-88.6979,48.0785]]]},{"type":"Polygon","coordinates":[[[-88.6454,48.0789],[-88.6442,48.0788],[-88.646,48.0785],[-88.6454,48.0789]]]},{"type":"Polygon","coordinates":[[[-88.6648,48.0793],[-88.6666,48.0791],[-88.6646,48.0797],[-88.6648,48.0793]]]},{"type":"Polygon","coordinates":[[[-88.6719,48.0787],[-88.6712,48.0803],[-88.6693,48.0812],[-88.6681,48.0811],[-88.6719,48.0787]]]},{"type":"Polygon","coordinates":[[[-88.6637,48.0805],[-88.6662,48.0795],[-88.667,48.0796],[-88.666,48.0815],[-88.6636,48.0821],[-88.6645,48.0815],[-88.6638,48.0814],[-88.6634,48.0809],[-88.6637,48.0805]]]},{"type":"Polygon","coordinates":[[[-88.6591,48.0826],[-88.6607,48.0811],[-88.6614,48.0811],[-88.6591,48.0826]]]},{"type":"Polygon","coordinates":[[[-88.6563,48.0847],[-88.6574,48.0831],[-88.6585,48.0843],[-88.6563,48.0847]]]},{"type":"Polygon","coordinates":[[[-88.6524,48.0861],[-88.6514,48.0873],[-88.651,48.0872],[-88.6524,48.0861]]]},{"type":"Polygon","coordinates":[[[-88.6291,48.0913],[-88.6271,48.0921],[-88.6273,48.0917],[-88.6291,48.0913]]]},{"type":"Polygon","coordinates":[[[-88.6829,48.0927],[-88.6852,48.0918],[-88.6853,48.0919],[-88.6829,48.0927]]]},{"type":"Polygon","coordinates":[[[-88.6826,48.0935],[-88.6859,48.0922],[-88.6863,48.0922],[-88.6842,48.0934],[-88.6826,48.0935]]]},{"type":"Polygon","coordinates":[[[-88.6781,48.0966],[-88.6808,48.0952],[-88.6799,48.096],[-88.6781,48.0966]]]},{"type":"Polygon","coordinates":[[[-88.6258,48.0989],[-88.6327,48.0957],[-88.6316,48.0977],[-88.6278,48.0992],[-88.6258,48.0989]]]},{"type":"Polygon","coordinates":[[[-88.6278,48.0962],[-88.6254,48.0987],[-88.6224,48.0996],[-88.6228,48.0984],[-88.6278,48.0962]]]},{"type":"Polygon","coordinates":[[[-88.6872,48.1016],[-88.6939,48.0978],[-88.6909,48.0999],[-88.6872,48.1016]]]},{"type":"Polygon","coordinates":[[[-88.6276,48.1001],[-88.6287,48.1004],[-88.6271,48.1007],[-88.6276,48.1001]]]},{"type":"Polygon","coordinates":[[[-88.6726,48.1066],[-88.6793,48.1049],[-88.677,48.1059],[-88.6726,48.1066]]]},{"type":"Polygon","coordinates":[[[-88.6316,48.1126],[-88.634,48.1124],[-88.6313,48.1128],[-88.6316,48.1126]]]},{"type":"Polygon","coordinates":[[[-88.6315,48.1132],[-88.6272,48.1152],[-88.6257,48.1146],[-88.6232,48.1158],[-88.6215,48.1162],[-88.6255,48.1144],[-88.6315,48.1132]]]},{"type":"Polygon","coordinates":[[[-88.6681,48.1167],[-88.67,48.1165],[-88.6699,48.1167],[-88.6687,48.1168],[-88.6681,48.1167]]]},{"type":"Polygon","coordinates":[[[-88.6208,48.0445],[-88.6216,48.0428],[-88.6224,48.0431],[-88.6208,48.0445]]]},{"type":"Polygon","coordinates":[[[-88.6166,48.0455],[-88.617,48.0446],[-88.6186,48.0447],[-88.6185,48.045],[-88.6166,48.0455]]]},{"type":"Polygon","coordinates":[[[-88.6162,48.0466],[-88.617,48.0462],[-88.6183,48.0466],[-88.6172,48.047],[-88.6162,48.0466]]]},{"type":"Polygon","coordinates":[[[-88.6146,48.0463],[-88.6146,48.0471],[-88.6135,48.0466],[-88.6146,48.0463]]]},{"type":"Polygon","coordinates":[[[-88.6073,48.0481],[-88.6092,48.0466],[-88.6106,48.0472],[-88.6073,48.0481]]]},{"type":"Polygon","coordinates":[[[-88.6262,48.0497],[-88.6218,48.0518],[-88.6267,48.0491],[-88.6262,48.0497]]]},{"type":"Polygon","coordinates":[[[-88.6144,48.0537],[-88.616,48.0535],[-88.6166,48.0538],[-88.6161,48.0544],[-88.6144,48.0537]]]},{"type":"Polygon","coordinates":[[[-88.5946,48.0538],[-88.5928,48.0553],[-88.5908,48.0562],[-88.5946,48.0538]]]},{"type":"Polygon","coordinates":[[[-88.6083,48.0569],[-88.6111,48.0574],[-88.6138,48.056],[-88.6152,48.0562],[-88.6091,48.058],[-88.6083,48.0569]]]},{"type":"Polygon","coordinates":[[[-88.6025,48.063],[-88.6064,48.0637],[-88.6065,48.064],[-88.6025,48.063]]]},{"type":"Polygon","coordinates":[[[-88.6089,48.0644],[-88.6108,48.0642],[-88.6097,48.0649],[-88.6089,48.0644]]]},{"type":"Polygon","coordinates":[[[-88.5768,48.0831],[-88.5813,48.0806],[-88.5819,48.0803],[-88.5833,48.0799],[-88.5846,48.0798],[-88.5828,48.0801],[-88.5802,48.0821],[-88.5768,48.0831]]]},{"type":"Polygon","coordinates":[[[-88.5884,48.0866],[-88.5895,48.086],[-88.5898,48.0861],[-88.5898,48.0867],[-88.5884,48.0866]]]},{"type":"Polygon","coordinates":[[[-88.5751,48.1002],[-88.5735,48.1005],[-88.5761,48.0995],[-88.5751,48.1002]]]},{"type":"Polygon","coordinates":[[[-88.6238,48.1016],[-88.6225,48.102],[-88.6248,48.1005],[-88.6242,48.0994],[-88.6259,48.0994],[-88.6238,48.1016]]]},{"type":"Polygon","coordinates":[[[-88.6225,48.1014],[-88.6232,48.1006],[-88.6239,48.1004],[-88.6238,48.1009],[-88.6225,48.1014]]]},{"type":"Polygon","coordinates":[[[-88.5884,48.1012],[-88.5904,48.1004],[-88.591,48.1005],[-88.5902,48.101],[-88.5884,48.1012]]]},{"type":"Polygon","coordinates":[[[-88.6226,48.1001],[-88.6207,48.1014],[-88.6213,48.1021],[-88.6181,48.1025],[-88.6226,48.1001]]]},{"type":"Polygon","coordinates":[[[-88.6107,48.1035],[-88.6064,48.105],[-88.6091,48.1032],[-88.6107,48.1035]]]},{"type":"Polygon","coordinates":[[[-88.5879,48.107],[-88.5873,48.1062],[-88.5936,48.1039],[-88.5955,48.1043],[-88.5958,48.1047],[-88.5879,48.107]]]},{"type":"Polygon","coordinates":[[[-88.6061,48.1052],[-88.6059,48.1063],[-88.6054,48.1062],[-88.6061,48.1052]]]},{"type":"Polygon","coordinates":[[[-88.5944,48.1057],[-88.599,48.1048],[-88.5922,48.1072],[-88.5944,48.1057]]]},{"type":"Polygon","coordinates":[[[-88.5982,48.1069],[-88.6005,48.1057],[-88.5988,48.107],[-88.5982,48.1069]]]},{"type":"Polygon","coordinates":[[[-88.5791,48.1062],[-88.576,48.1079],[-88.5749,48.108],[-88.5791,48.1062]]]},{"type":"Polygon","coordinates":[[[-88.5855,48.1067],[-88.5859,48.1056],[-88.5859,48.1066],[-88.5846,48.1074],[-88.5796,48.1083],[-88.5855,48.1067]]]},{"type":"Polygon","coordinates":[[[-88.5772,48.1062],[-88.572,48.1089],[-88.5716,48.1088],[-88.5772,48.1062]]]},{"type":"Polygon","coordinates":[[[-88.5912,48.107],[-88.5889,48.1087],[-88.5879,48.1082],[-88.5912,48.107]]]},{"type":"Polygon","coordinates":[[[-88.5581,48.1087],[-88.555,48.1095],[-88.5585,48.1082],[-88.5581,48.1087]]]},{"type":"Polygon","coordinates":[[[-88.5793,48.1121],[-88.5859,48.1092],[-88.5868,48.1095],[-88.5825,48.1119],[-88.5793,48.1121]]]},{"type":"Polygon","coordinates":[[[-88.6069,48.107],[-88.6097,48.1073],[-88.6061,48.1097],[-88.5801,48.1193],[-88.579,48.1208],[-88.5763,48.1203],[-88.5733,48.1234],[-88.5699,48.1224],[-88.5685,48.1236],[-88.566,48.1234],[-88.5658,48.1223],[-88.5701,48.1203],[-88.5729,48.12],[-88.5702,48.1215],[-88.5743,48.1209],[-88.5746,48.119],[-88.5781,48.1182],[-88.5765,48.1184],[-88.577,48.1176],[-88.5945,48.1111],[-88.5923,48.1113],[-88.5974,48.1088],[-88.5988,48.109],[-88.5977,48.1101],[-88.5999,48.1093],[-88.5965,48.1119],[-88.5986,48.1118],[-88.6021,48.1101],[-88.6014,48.1088],[-88.6043,48.1073],[-88.6006,48.1083],[-88.6016,48.1072],[-88.6008,48.1074],[-88.6,48.1072],[-88.6063,48.1066],[-88.6131,48.1024],[-88.6217,48.0992],[-88.6194,48.1014],[-88.6151,48.1028],[-88.6166,48.103],[-88.6147,48.1047],[-88.6158,48.105],[-88.6138,48.1056],[-88.612,48.1035],[-88.6109,48.1065],[-88.6069,48.107]],[[-88.6141,48.1031],[-88.6136,48.104],[-88.6151,48.104],[-88.6141,48.1031]],[[-88.6048,48.1097],[-88.6049,48.1088],[-88.6031,48.1094],[-88.6048,48.1097]],[[-88.6073,48.1073],[-88.6068,48.108],[-88.6081,48.1079],[-88.6073,48.1073]]]},{"type":"Polygon","coordinates":[[[-88.5694,48.1143],[-88.5672,48.115],[-88.5697,48.114],[-88.5694,48.1143]]]},{"type":"Polygon","coordinates":[[[-88.6236,48.1137],[-88.6212,48.1149],[-88.6188,48.1156],[-88.6219,48.114],[-88.6233,48.1135],[-88.6236,48.1137]]]},{"type":"Polygon","coordinates":[[[-88.5962,48.1153],[-88.5991,48.1151],[-88.5991,48.1142],[-88.6012,48.1139],[-88.5976,48.1161],[-88.5981,48.1152],[-88.5962,48.1153]]]},{"type":"Polygon","coordinates":[[[-88.5724,48.115],[-88.5699,48.1158],[-88.5707,48.1162],[-88.5678,48.1168],[-88.5699,48.1148],[-88.5724,48.115]]]},{"type":"Polygon","coordinates":[[[-88.5785,48.1156],[-88.5798,48.1161],[-88.5785,48.1168],[-88.5785,48.1156]]]},{"type":"Polygon","coordinates":[[[-88.5611,48.1193],[-88.5636,48.1167],[-88.5673,48.1172],[-88.5611,48.1193]]]},{"type":"Polygon","coordinates":[[[-88.5774,48.1226],[-88.5753,48.1223],[-88.5787,48.122],[-88.5774,48.1226]]]},{"type":"Polygon","coordinates":[[[-88.6075,48.129],[-88.6151,48.1253],[-88.616,48.1253],[-88.6075,48.129]]]},{"type":"Polygon","coordinates":[[[-88.5694,48.1278],[-88.571,48.1268],[-88.572,48.1272],[-88.5709,48.1278],[-88.5694,48.1278]]]},{"type":"Polygon","coordinates":[[[-88.5385,48.1287],[-88.5422,48.1279],[-88.5378,48.1291],[-88.5385,48.1287]]]},{"type":"Polygon","coordinates":[[[-88.5435,48.1283],[-88.5406,48.1292],[-88.5391,48.1299],[-88.54,48.129],[-88.5435,48.1283]]]},{"type":"Polygon","coordinates":[[[-88.5717,48.1296],[-88.5721,48.1289],[-88.5737,48.1295],[-88.5735,48.1297],[-88.5717,48.1296]]]},{"type":"Polygon","coordinates":[[[-88.5539,48.1319],[-88.5551,48.1318],[-88.5536,48.1323],[-88.5539,48.1319]]]},{"type":"Polygon","coordinates":[[[-88.5822,48.1368],[-88.5927,48.1342],[-88.5974,48.1322],[-88.6058,48.1298],[-88.5937,48.1342],[-88.5842,48.1367],[-88.5822,48.1368]]]},{"type":"Polygon","coordinates":[[[-88.544,48.1344],[-88.5401,48.1361],[-88.5398,48.1359],[-88.5425,48.1337],[-88.544,48.1344]]]},{"type":"Polygon","coordinates":[[[-88.5631,48.1355],[-88.5609,48.1355],[-88.564,48.1347],[-88.5631,48.1355]]]},{"type":"Polygon","coordinates":[[[-88.4874,48.137],[-88.4903,48.1356],[-88.4901,48.136],[-88.488,48.137],[-88.4877,48.1371],[-88.4874,48.137]]]},{"type":"Polygon","coordinates":[[[-88.5614,48.1416],[-88.5586,48.1428],[-88.5561,48.1433],[-88.5614,48.1416]]]},{"type":"Polygon","coordinates":[[[-88.5141,48.1461],[-88.5195,48.1426],[-88.522,48.1424],[-88.5207,48.1419],[-88.522,48.141],[-88.5259,48.1404],[-88.5192,48.144],[-88.5233,48.1426],[-88.5216,48.1438],[-88.5141,48.1461]]]},{"type":"Polygon","coordinates":[[[-88.511,48.1479],[-88.5116,48.1467],[-88.5145,48.1466],[-88.511,48.1479]]]},{"type":"Polygon","coordinates":[[[-88.4772,48.1487],[-88.4764,48.1496],[-88.4749,48.1495],[-88.4763,48.1485],[-88.4772,48.1487]]]},{"type":"Polygon","coordinates":[[[-88.6271,48.1484],[-88.6248,48.1496],[-88.6225,48.1503],[-88.6271,48.1484]]]},{"type":"Polygon","coordinates":[[[-88.526,48.1514],[-88.5211,48.1539],[-88.5203,48.1541],[-88.5199,48.1539],[-88.526,48.1514]]]},{"type":"Polygon","coordinates":[[[-88.5294,48.1544],[-88.536,48.1517],[-88.5369,48.1518],[-88.5301,48.1545],[-88.5294,48.1544]]]},{"type":"Polygon","coordinates":[[[-88.4965,48.1543],[-88.4928,48.1571],[-88.4915,48.1563],[-88.4965,48.1543]]]},{"type":"Polygon","coordinates":[[[-88.4894,48.1594],[-88.4852,48.1608],[-88.4874,48.1597],[-88.4894,48.1594]]]},{"type":"Polygon","coordinates":[[[-88.4818,48.1616],[-88.479,48.1627],[-88.4796,48.1619],[-88.4818,48.1616]]]},{"type":"Polygon","coordinates":[[[-88.4431,48.1832],[-88.4485,48.1798],[-88.4465,48.1815],[-88.4431,48.1832]]]},{"type":"Polygon","coordinates":[[[-88.3649,48.2251],[-88.3644,48.2259],[-88.3633,48.2263],[-88.3634,48.2261],[-88.3649,48.2251]]]},{"type":"Polygon","coordinates":[[[-88.3626,48.228],[-88.3579,48.2315],[-88.357,48.2312],[-88.3601,48.2288],[-88.3626,48.228]]]},{"type":"Polygon","coordinates":[[[-88.3559,48.2312],[-88.3572,48.2316],[-88.3544,48.2333],[-88.356,48.2321],[-88.3559,48.2312]]]},{"type":"Polygon","coordinates":[[[-88.3586,48.2324],[-88.3554,48.2337],[-88.3597,48.2315],[-88.3586,48.2324]]]},{"type":"Polygon","coordinates":[[[-88.3495,48.2343],[-88.353,48.2314],[-88.3533,48.2314],[-88.3527,48.2324],[-88.3508,48.2337],[-88.3495,48.2343]]]},{"type":"Polygon","coordinates":[[[-88.3427,48.2353],[-88.3433,48.2355],[-88.3406,48.236],[-88.3427,48.2353]]]},{"type":"Polygon","coordinates":[[[-88.3461,48.2363],[-88.3505,48.2351],[-88.3471,48.2368],[-88.3461,48.2363]]]}]},"properties":{"name":"Shrub / scrub","overview_class":"Shrub / scrub","source_class_count":3,"source_classes":"Boreal rocky shrubland | Canada yew mixed shrubland | Northern (laurentian) igneous / metamorphic moist cliff scrub","description":"Broad visitor-facing class derived from the 2000 NPS vegetation inventory; not current vegetation conditions."}},{"type":"Feature","geometry":{"type":"GeometryCollection","geometries":[{"type":"GeometryCollection","geometries":[{"type":"MultiPolygon","coordinates":[[[[-89.1264,47.8364],[-89.1231,47.8352],[-89.1226,47.8356],[-89.1241,47.8373],[-89.1264,47.8364]]],[[[-89.1034,47.8374],[-89.1057,47.8374],[-89.1063,47.8369],[-89.1034,47.8374]]],[[[-89.1337,47.8512],[-89.1326,47.8509],[-89.1314,47.8507],[-89.1337,47.8512]]],[[[-89.1528,47.8572],[-89.1556,47.8606],[-89.1606,47.8613],[-89.1734,47.8588],[-89.1762,47.8567],[-89.1869,47.8554],[-89.188,47.8542],[-89.1806,47.8478],[-89.1715,47.8504],[-89.1666,47.8533],[-89.1541,47.8564],[-89.1528,47.8572]]],[[[-89.2111,47.865],[-89.2108,47.8664],[-89.2114,47.8666],[-89.2111,47.865]]],[[[-89.0093,47.8679],[-89.0123,47.8673],[-89.0124,47.867],[-89.0093,47.8679]]],[[[-89.0576,47.8677],[-89.0557,47.8677],[-89.0558,47.8681],[-89.0576,47.8677]]],[[[-89.0804,47.8711],[-89.0805,47.8708],[-89.0794,47.8709],[-89.0804,47.8711]]],[[[-89.0793,47.8709],[-89.0787,47.8711],[-89.0793,47.8711],[-89.0793,47.8709]]],[[[-89.0223,47.8687],[-89.0019,47.8748],[-89.0015,47.8772],[-89.0033,47.8786],[-89.0239,47.8732],[-89.0241,47.871],[-89.0223,47.8687]]],[[[-89.2031,47.8803],[-89.203,47.8802],[-89.2029,47.8803],[-89.2031,47.8803]]],[[[-89.2015,47.8809],[-89.2026,47.8808],[-89.2029,47.8803],[-89.2015,47.8809]]],[[[-89.1989,47.8847],[-89.2005,47.8853],[-89.2001,47.8838],[-89.2002,47.8847],[-89.1991,47.8841],[-89.1989,47.8847]]],[[[-89.1984,47.8854],[-89.1983,47.8856],[-89.1986,47.8851],[-89.1984,47.8854]]],[[[-89.1768,47.8883],[-89.1771,47.8873],[-89.1763,47.8874],[-89.1768,47.8883]]],[[[-89.0987,47.8874],[-89.0908,47.8882],[-89.0911,47.8889],[-89.0954,47.8886],[-89.0987,47.8874]]],[[[-89.1759,47.8894],[-89.1751,47.8891],[-89.176,47.8897],[-89.1759,47.8894]]],[[[-89.1729,47.8904],[-89.1731,47.8913],[-89.1736,47.8917],[-89.1724,47.8915],[-89.1736,47.8919],[-89.1737,47.8916],[-89.1731,47.891],[-89.1732,47.8901],[-89.1751,47.8891],[-89.1747,47.889],[-89.1732,47.8899],[-89.1729,47.8904]]],[[[-89.0104,47.8916],[-89.0122,47.8917],[-89.0123,47.8914],[-89.0104,47.8916]]],[[[-89.0104,47.8918],[-89.0102,47.8918],[-89.01,47.8919],[-89.0104,47.8918]]],[[[-89.1724,47.8921],[-89.1721,47.8916],[-89.1721,47.8918],[-89.1724,47.8921]]],[[[-89.1707,47.8927],[-89.1721,47.8923],[-89.1723,47.8921],[-89.171,47.8924],[-89.1707,47.8927]]],[[[-89.1705,47.8932],[-89.1706,47.8927],[-89.1703,47.8932],[-89.1705,47.8932]]],[[[-89.1699,47.8934],[-89.1701,47.8934],[-89.1703,47.8932],[-89.1699,47.8934]]],[[[-89.17,47.8945],[-89.17,47.894],[-89.1698,47.8945],[-89.17,47.8945]]],[[[-89.1694,47.8947],[-89.1695,47.8947],[-89.1698,47.8945],[-89.1694,47.8947]]],[[[-89.0422,47.895],[-89.0428,47.8951],[-89.0433,47.8942],[-89.0422,47.895]]],[[[-89.1639,47.8968],[-89.1636,47.897],[-89.1641,47.8971],[-89.1639,47.8968]]],[[[-89.0093,47.8973],[-89.0104,47.8968],[-89.0091,47.8972],[-89.0093,47.8973]]],[[[-89.1595,47.8982],[-89.1582,47.8997],[-89.1596,47.8983],[-89.161,47.8982],[-89.1611,47.8978],[-89.1615,47.8979],[-89.1622,47.8978],[-89.1625,47.8974],[-89.1633,47.8975],[-89.1635,47.8974],[-89.1636,47.897],[-89.1634,47.8974],[-89.1628,47.8972],[-89.161,47.8976],[-89.1609,47.8981],[-89.1595,47.8982]]],[[[-89.1981,47.9045],[-89.1998,47.9034],[-89.1977,47.9043],[-89.1981,47.9045]]],[[[-89.0068,47.9047],[-89.0069,47.9046],[-89.0068,47.9046],[-89.0068,47.9047]]],[[[-89.0107,47.9049],[-89.0098,47.9049],[-89.0107,47.9051],[-89.0107,47.9049]]],[[[-89.2031,47.9094],[-89.204,47.9087],[-89.203,47.9086],[-89.2031,47.9094]]],[[[-89.2152,47.91],[-89.2164,47.9091],[-89.2161,47.9091],[-89.2152,47.91]]],[[[-89.0884,47.9128],[-89.0925,47.9124],[-89.0929,47.9113],[-89.089,47.9113],[-89.0884,47.9128]]],[[[-89.2007,47.9133],[-89.1999,47.9142],[-89.2,47.9143],[-89.2007,47.9133]]],[[[-89.0613,47.9235],[-89.0613,47.9225],[-89.0609,47.9227],[-89.0613,47.9235]]],[[[-89.0754,47.9291],[-89.0754,47.9281],[-89.0751,47.929],[-89.0754,47.9291]]],[[[-89.0577,47.9308],[-89.0571,47.9312],[-89.0574,47.9313],[-89.0577,47.9308]]],[[[-89.1439,47.9336],[-89.1452,47.9322],[-89.1432,47.9334],[-89.1439,47.9336]]],[[[-89.1621,47.9349],[-89.1633,47.9343],[-89.1615,47.9348],[-89.1621,47.9349]]],[[[-89.1009,47.9372],[-89.1025,47.9372],[-89.1019,47.9369],[-89.1009,47.9372]]],[[[-89.0986,47.9376],[-89.1006,47.9368],[-89.0985,47.9369],[-89.0986,47.9376]]],[[[-89.1612,47.9421],[-89.1611,47.9422],[-89.1612,47.9422],[-89.1612,47.9421]]],[[[-89.0933,47.9561],[-89.0934,47.9554],[-89.0927,47.9559],[-89.0933,47.9561]]],[[[-89.1092,47.9562],[-89.108,47.9551],[-89.1075,47.9567],[-89.1092,47.9562]]],[[[-89.0309,47.9683],[-89.0315,47.9673],[-89.0309,47.967],[-89.0309,47.9683]]],[[[-88.9994,47.872],[-88.9931,47.8714],[-88.9929,47.8728],[-88.9994,47.872]]],[[[-88.9334,47.8861],[-88.9338,47.8866],[-88.9347,47.8862],[-88.9334,47.8861]]],[[[-88.9641,47.8896],[-88.9643,47.8887],[-88.9623,47.8884],[-88.96,47.8895],[-88.9641,47.8896]]],[[[-89.0057,47.9043],[-89.0061,47.9042],[-89.0058,47.9041],[-89.0057,47.9043]]],[[[-89.0046,47.9045],[-89.0043,47.9041],[-89.0041,47.9042],[-89.0046,47.9045]]],[[[-89.0062,47.9043],[-89.0064,47.9043],[-89.0061,47.9042],[-89.0062,47.9043]]],[[[-89.0068,47.9046],[-89.0065,47.9044],[-89.0064,47.9044],[-89.0068,47.9046]]],[[[-89.0045,47.9046],[-89.0054,47.9053],[-89.0058,47.9044],[-89.0045,47.9046]]],[[[-88.9947,47.9153],[-88.9936,47.9162],[-88.995,47.916],[-88.9947,47.9153]]],[[[-88.9818,47.92],[-88.9835,47.9227],[-88.9848,47.922],[-88.9836,47.9195],[-88.9818,47.92]]],[[[-88.9767,47.9224],[-88.9786,47.9221],[-88.9769,47.9213],[-88.9767,47.9224]]],[[[-88.9606,47.9263],[-88.9591,47.9269],[-88.961,47.9266],[-88.9606,47.9263]]],[[[-89.0038,47.9413],[-89.0038,47.9415],[-89.0039,47.9413],[-89.0038,47.9413]]],[[[-89.0033,47.9415],[-89.0031,47.9415],[-89.003,47.9416],[-89.0036,47.9415],[-89.0033,47.9415]]],[[[-89.0019,47.9422],[-89.0028,47.942],[-89.003,47.9416],[-89.0019,47.9422]]],[[[-89.0009,47.9425],[-89.0012,47.9429],[-89.0019,47.9422],[-89.0009,47.9425]]],[[[-88.941,47.9561],[-88.9416,47.9567],[-88.9425,47.9561],[-88.941,47.9561]]],[[[-88.8919,47.9639],[-88.8971,47.9641],[-88.9002,47.96],[-88.8987,47.9594],[-88.8934,47.9611],[-88.8919,47.9639]]],[[[-88.8831,47.9703],[-88.8847,47.9695],[-88.8846,47.9691],[-88.8859,47.9688],[-88.8846,47.969],[-88.8844,47.9696],[-88.8832,47.9699],[-88.8831,47.9703]]],[[[-88.8834,47.9706],[-88.878,47.9718],[-88.8773,47.9717],[-88.8766,47.9722],[-88.8834,47.9706]]],[[[-88.8762,47.9721],[-88.8758,47.972],[-88.8758,47.9721],[-88.8762,47.9721]]],[[[-88.8764,47.9721],[-88.8762,47.9722],[-88.8765,47.9722],[-88.8764,47.9721]]],[[[-89.0047,47.9675],[-89.0008,47.9664],[-88.998,47.9688],[-88.9924,47.9694],[-88.9928,47.968],[-88.9904,47.9668],[-88.9728,47.9699],[-88.9694,47.974],[-88.9556,47.9796],[-88.957,47.9814],[-88.9615,47.9828],[-88.9681,47.9813],[-88.9694,47.9796],[-88.9748,47.9779],[-88.9764,47.9799],[-88.9833,47.9801],[-88.9841,47.9815],[-88.9826,47.9832],[-88.9913,47.982],[-88.9974,47.9796],[-89.0048,47.9798],[-89.0154,47.9771],[-89.0152,47.9742],[-89.013,47.9728],[-89.007,47.9748],[-89.0032,47.9737],[-89.0042,47.9711],[-89.0066,47.9704],[-89.0044,47.9695],[-89.0047,47.9675]],[[-88.9624,47.9798],[-88.9646,47.9801],[-88.961,47.9806],[-88.9624,47.9798]],[[-88.9964,47.9705],[-88.9959,47.9716],[-88.9919,47.9718],[-88.9929,47.9711],[-88.9964,47.9705]],[[-88.9852,47.9718],[-88.9865,47.9714],[-88.99,47.9714],[-88.9863,47.9723],[-88.9852,47.9718]]],[[[-88.932,47.9826],[-88.9306,47.9831],[-88.9306,47.9833],[-88.932,47.9826]]],[[[-88.9976,47.9887],[-88.997,47.9874],[-88.9963,47.9885],[-88.9976,47.9887]]],[[[-88.8884,47.9899],[-88.8877,47.9893],[-88.8871,47.9896],[-88.8873,47.9899],[-88.8884,47.9899]]],[[[-88.891,47.99],[-88.8865,47.9911],[-88.8878,47.992],[-88.891,47.99]]],[[[-88.8908,47.9933],[-88.8893,47.9936],[-88.8894,47.9943],[-88.8904,47.9945],[-88.8908,47.9933]]],[[[-88.8511,47.9953],[-88.8517,47.9942],[-88.8499,47.9948],[-88.8511,47.9953]]],[[[-89.0011,47.9951],[-88.9998,47.995],[-88.9998,47.9953],[-89.0011,47.9951]]],[[[-88.8609,47.9984],[-88.8606,47.9974],[-88.8581,47.998],[-88.8609,47.9984]]],[[[-88.9787,47.9987],[-88.9804,47.9987],[-88.9829,47.9975],[-88.9805,47.9972],[-88.9787,47.9987]]],[[[-88.8607,47.9997],[-88.8612,48.0004],[-88.8617,47.9996],[-88.8607,47.9997]]],[[[-88.8393,48.0003],[-88.8399,48.0002],[-88.84,48.0],[-88.8393,48.0003]]],[[[-88.8392,48.0003],[-88.8379,48.0],[-88.8376,48.0],[-88.837,48.0005],[-88.8366,47.9999],[-88.8366,48.0],[-88.8366,48.0001],[-88.8364,48.0004],[-88.8372,48.0007],[-88.8392,48.0003]]],[[[-88.9481,48.0022],[-88.9483,48.0033],[-88.9506,48.003],[-88.955,48.0002],[-88.9481,48.0022]]],[[[-88.8896,48.003],[-88.8889,48.0024],[-88.8874,48.0029],[-88.8896,48.003]]],[[[-88.8402,48.0063],[-88.8406,48.0072],[-88.8411,48.0066],[-88.8402,48.0063]]],[[[-88.837,48.0075],[-88.8397,48.0066],[-88.836,48.0071],[-88.837,48.0075]]],[[[-88.9599,48.008],[-88.9594,48.0071],[-88.9586,48.0077],[-88.9588,48.0082],[-88.9599,48.008]]],[[[-88.9578,48.0097],[-88.9592,48.0096],[-88.96,48.009],[-88.9578,48.0097]]],[[[-88.9247,48.0127],[-88.9265,48.012],[-88.9242,48.0126],[-88.9247,48.0127]]],[[[-88.828,48.0138],[-88.8274,48.013],[-88.8271,48.0134],[-88.828,48.0138]]],[[[-88.9354,48.0139],[-88.9343,48.0139],[-88.9326,48.0149],[-88.9354,48.0139]]],[[[-88.8367,48.0262],[-88.8366,48.0283],[-88.8419,48.0272],[-88.8589,48.021],[-88.8607,48.0193],[-88.8669,48.0181],[-88.8678,48.0178],[-88.8689,48.0169],[-88.871,48.0169],[-88.8714,48.0167],[-88.8716,48.0158],[-88.8729,48.0157],[-88.873,48.0155],[-88.8715,48.0157],[-88.8712,48.0167],[-88.8688,48.0168],[-88.8677,48.0177],[-88.8627,48.0185],[-88.8602,48.0193],[-88.8597,48.0198],[-88.8463,48.0216],[-88.8367,48.0262]]],[[[-88.8866,48.0254],[-88.8881,48.0249],[-88.8862,48.0251],[-88.8866,48.0254]]],[[[-88.8389,48.036],[-88.8375,48.0365],[-88.8375,48.0366],[-88.8378,48.0367],[-88.8389,48.0361],[-88.8389,48.036]]],[[[-88.8184,48.0452],[-88.8138,48.0453],[-88.8154,48.0456],[-88.815,48.0464],[-88.8184,48.0452]]],[[[-88.7591,47.986],[-88.7613,47.9858],[-88.7591,47.9857],[-88.7591,47.986]]],[[[-88.802,47.9871],[-88.8032,47.9868],[-88.801,47.987],[-88.802,47.9871]]],[[[-88.7556,47.9871],[-88.7566,47.9875],[-88.7568,47.987],[-88.7556,47.9871]]],[[[-88.7154,47.997],[-88.7154,47.9969],[-88.7153,47.9969],[-88.7154,47.997]]],[[[-88.8316,48.0011],[-88.8461,47.9958],[-88.8468,47.9942],[-88.8438,47.994],[-88.8443,47.9929],[-88.8478,47.992],[-88.8564,47.9853],[-88.8539,47.9839],[-88.8475,47.9857],[-88.8482,47.9845],[-88.857,47.9817],[-88.8614,47.9818],[-88.8712,47.9774],[-88.8741,47.9742],[-88.8715,47.9731],[-88.8567,47.9769],[-88.8523,47.9805],[-88.8462,47.9814],[-88.8466,47.9826],[-88.8454,47.9833],[-88.8353,47.9857],[-88.8339,47.9846],[-88.8132,47.9909],[-88.8118,47.9906],[-88.8146,47.9892],[-88.8113,47.9881],[-88.8009,47.9907],[-88.7958,47.9898],[-88.7851,47.9924],[-88.7596,48.0051],[-88.7548,48.0058],[-88.7569,48.0049],[-88.7577,48.0029],[-88.7542,48.004],[-88.7502,48.0083],[-88.7523,48.0085],[-88.7501,48.0107],[-88.7473,48.0093],[-88.7453,48.0101],[-88.7391,48.0091],[-88.7426,48.0074],[-88.744,48.0042],[-88.7495,48.004],[-88.7496,48.0013],[-88.7467,48.0021],[-88.7457,48.0012],[-88.7484,48.0001],[-88.743,47.9999],[-88.7372,48.0025],[-88.7402,48.0042],[-88.7386,48.0053],[-88.7391,48.0078],[-88.7379,48.0085],[-88.7417,48.0113],[-88.7403,48.0137],[-88.7441,48.0144],[-88.741,48.0163],[-88.7417,48.0171],[-88.7438,48.0169],[-88.7434,48.0178],[-88.7462,48.0183],[-88.746,48.0191],[-88.7532,48.0199],[-88.7477,48.0215],[-88.7472,48.0233],[-88.7452,48.0242],[-88.746,48.0248],[-88.7725,48.019],[-88.7991,48.0104],[-88.8121,48.0075],[-88.8137,48.0056],[-88.832,48.002],[-88.8316,48.0011]],[[-88.7503,48.0192],[-88.7504,48.0193],[-88.7502,48.0193],[-88.7503,48.0192]],[[-88.7859,47.9985],[-88.7869,47.9981],[-88.7865,47.9988],[-88.7859,47.9985]],[[-88.7887,47.9939],[-88.7947,47.9922],[-88.7939,47.9928],[-88.7887,47.9939]],[[-88.7476,48.0171],[-88.746,48.0174],[-88.7477,48.0169],[-88.7476,48.0171]],[[-88.7442,48.0152],[-88.7455,48.0153],[-88.744,48.0156],[-88.7442,48.0152]],[[-88.7421,48.013],[-88.7462,48.0116],[-88.7435,48.0129],[-88.744,48.0133],[-88.7421,48.013]],[[-88.7483,48.003],[-88.7487,48.0025],[-88.7491,48.0025],[-88.7483,48.003]],[[-88.7621,48.0138],[-88.7633,48.0134],[-88.7634,48.0136],[-88.7621,48.0138]],[[-88.776,48.0083],[-88.7696,48.0115],[-88.7674,48.0117],[-88.7686,48.0089],[-88.7706,48.008],[-88.776,48.0083]],[[-88.756,48.0064],[-88.7569,48.0056],[-88.7574,48.0058],[-88.756,48.0064]],[[-88.7678,48.0032],[-88.7646,48.0056],[-88.7624,48.0054],[-88.7634,48.0041],[-88.7678,48.0032]]],[[[-88.6945,48.0053],[-88.6969,48.0055],[-88.7006,48.0039],[-88.6995,48.0029],[-88.6945,48.0053]]],[[[-88.7184,48.0015],[-88.688,48.0112],[-88.6897,48.0122],[-88.6961,48.0109],[-88.703,48.0083],[-88.7151,48.0061],[-88.7192,48.0038],[-88.7251,48.0046],[-88.7265,48.003],[-88.725,48.0021],[-88.7194,48.0026],[-88.7184,48.0015]],[[-88.6994,48.009],[-88.6929,48.0102],[-88.7021,48.0079],[-88.6994,48.009]],[[-88.7019,48.0077],[-88.7018,48.0077],[-88.7019,48.0076],[-88.7019,48.0077]]],[[[-88.7064,48.0176],[-88.7087,48.016],[-88.7058,48.0173],[-88.7064,48.0176]]],[[[-88.7045,48.0174],[-88.7046,48.017],[-88.7041,48.0172],[-88.7045,48.0174]]],[[[-88.7036,48.0167],[-88.702,48.0169],[-88.7011,48.0175],[-88.703,48.0177],[-88.7018,48.0183],[-88.705,48.0178],[-88.7032,48.0177],[-88.7036,48.0167]]],[[[-88.7064,48.0185],[-88.7081,48.0199],[-88.7101,48.0182],[-88.7088,48.0186],[-88.7064,48.0185]]],[[[-88.7022,48.0226],[-88.7029,48.0217],[-88.7008,48.0229],[-88.7022,48.0226]]],[[[-89.1144,47.801],[-89.0876,47.8108],[-88.9726,47.8436],[-88.8428,47.8928],[-88.7333,47.9414],[-88.6441,47.9843],[-88.6376,47.9861],[-88.5939,48.014],[-88.5369,48.0611],[-88.4648,48.1163],[-88.3662,48.1789],[-88.3316,48.1962],[-88.3226,48.202],[-88.3143,48.2111],[-88.3106,48.219],[-88.3096,48.2289],[-88.3125,48.2386],[-88.3151,48.2428],[-88.3348,48.2508],[-88.3568,48.2515],[-88.377,48.2493],[-88.3982,48.2437],[-88.456,48.2208],[-88.5017,48.2071],[-88.5603,48.1947],[-88.6083,48.1885],[-88.7558,48.1279],[-89.2077,47.9612],[-89.2345,47.946],[-89.2566,47.9268],[-89.2657,47.9154],[-89.2742,47.9005],[-89.2795,47.8849],[-89.2815,47.8697],[-89.2812,47.8596],[-89.2767,47.8496],[-89.2691,47.8385],[-89.2586,47.8277],[-89.2449,47.8176],[-89.2308,47.81],[-89.2142,47.8035],[-89.1942,47.7984],[-89.1731,47.7956],[-89.1528,47.7953],[-89.1327,47.7972],[-89.1144,47.801]],[[-88.8223,48.0622],[-88.821,48.0623],[-88.8223,48.062],[-88.8223,48.0622]],[[-88.8104,48.0553],[-88.7835,48.0648],[-88.7722,48.0702],[-88.7726,48.0715],[-88.7745,48.0716],[-88.772,48.0731],[-88.7744,48.073],[-88.7687,48.0779],[-88.7718,48.078],[-88.772,48.0792],[-88.7619,48.0848],[-88.7642,48.0853],[-88.7128,48.1029],[-88.6917,48.1125],[-88.6865,48.113],[-88.6906,48.1111],[-88.6868,48.1114],[-88.6925,48.1047],[-88.6965,48.103],[-88.6958,48.1022],[-88.6972,48.0997],[-88.7022,48.0955],[-88.7062,48.0943],[-88.7052,48.0921],[-88.709,48.0869],[-88.7074,48.0858],[-88.7102,48.0851],[-88.7114,48.0838],[-88.7082,48.0849],[-88.7041,48.0892],[-88.702,48.0898],[-88.704,48.0895],[-88.7003,48.0947],[-88.694,48.0987],[-88.6931,48.1016],[-88.6881,48.1055],[-88.6895,48.106],[-88.6886,48.1071],[-88.686,48.1077],[-88.6859,48.1092],[-88.6789,48.1106],[-88.6803,48.109],[-88.6787,48.1086],[-88.6698,48.1109],[-88.6753,48.1109],[-88.6778,48.1122],[-88.6846,48.1112],[-88.6853,48.1121],[-88.6807,48.1156],[-88.6844,48.1151],[-88.6843,48.1162],[-88.677,48.1167],[-88.6731,48.1185],[-88.6687,48.1176],[-88.666,48.1192],[-88.6765,48.1206],[-88.6524,48.1243],[-88.6504,48.1264],[-88.6556,48.125],[-88.6531,48.1261],[-88.6556,48.1256],[-88.6524,48.1279],[-88.6593,48.1261],[-88.6575,48.1283],[-88.66,48.1284],[-88.6615,48.128],[-88.6617,48.1281],[-88.6432,48.1373],[-88.6178,48.1453],[-88.6292,48.1391],[-88.651,48.1316],[-88.6532,48.1297],[-88.6438,48.1294],[-88.6176,48.1378],[-88.6182,48.1373],[-88.6431,48.1269],[-88.6619,48.121],[-88.6573,48.1203],[-88.6455,48.1238],[-88.6382,48.1278],[-88.6272,48.1303],[-88.6258,48.1313],[-88.6266,48.1326],[-88.6206,48.1342],[-88.6207,48.1351],[-88.6084,48.1367],[-88.5972,48.1418],[-88.5956,48.1417],[-88.5967,48.141],[-88.5894,48.1421],[-88.5825,48.1453],[-88.5625,48.1488],[-88.5636,48.1473],[-88.5604,48.148],[-88.5679,48.1452],[-88.5672,48.1449],[-88.5633,48.1462],[-88.5621,48.1461],[-88.5781,48.1412],[-88.5601,48.1439],[-88.5597,48.1444],[-88.5587,48.1435],[-88.5566,48.1459],[-88.549,48.1499],[-88.552,48.1497],[-88.5529,48.1512],[-88.5585,48.1503],[-88.5559,48.1523],[-88.5254,48.1656],[-88.5268,48.1625],[-88.5338,48.1588],[-88.5283,48.1606],[-88.5301,48.1596],[-88.5297,48.1595],[-88.5288,48.1598],[-88.5287,48.1597],[-88.5354,48.1567],[-88.5356,48.1562],[-88.5316,48.1578],[-88.5273,48.1578],[-88.5387,48.1531],[-88.544,48.1496],[-88.5507,48.1478],[-88.5547,48.1443],[-88.525,48.1569],[-88.5225,48.1572],[-88.523,48.1567],[-88.5245,48.1562],[-88.5254,48.1557],[-88.5255,48.1555],[-88.5183,48.1583],[-88.526,48.154],[-88.5248,48.1533],[-88.506,48.1626],[-88.4976,48.1694],[-88.5009,48.1682],[-88.4974,48.171],[-88.497,48.1728],[-88.4924,48.1744],[-88.4877,48.1784],[-88.4793,48.1809],[-88.4841,48.178],[-88.4755,48.1804],[-88.4819,48.1775],[-88.4771,48.1778],[-88.4589,48.1846],[-88.4804,48.1743],[-88.4681,48.1776],[-88.4784,48.1703],[-88.4857,48.1672],[-88.4932,48.166],[-88.4896,48.1689],[-88.4903,48.1698],[-88.5013,48.1633],[-88.4966,48.164],[-88.5025,48.16],[-88.5072,48.1602],[-88.5325,48.1478],[-88.5209,48.151],[-88.5236,48.1495],[-88.5231,48.1493],[-88.5213,48.1501],[-88.5207,48.15],[-88.5289,48.1455],[-88.5238,48.1464],[-88.5058,48.1536],[-88.4785,48.1696],[-88.4583,48.1767],[-88.4413,48.1857],[-88.4219,48.1909],[-88.4221,48.1887],[-88.4541,48.1725],[-88.4535,48.1713],[-88.4555,48.17],[-88.4619,48.1679],[-88.4619,48.1664],[-88.4705,48.1609],[-88.4692,48.1609],[-88.4705,48.1602],[-88.4697,48.1598],[-88.4903,48.1502],[-88.494,48.1501],[-88.496,48.1491],[-88.4949,48.1482],[-88.5014,48.1452],[-88.5068,48.1441],[-88.5064,48.1429],[-88.5117,48.1413],[-88.52,48.1361],[-88.5356,48.1292],[-88.5376,48.127],[-88.5257,48.1323],[-88.5154,48.1348],[-88.4914,48.1455],[-88.4902,48.147],[-88.486,48.1476],[-88.4785,48.1512],[-88.4793,48.1523],[-88.4776,48.1538],[-88.4699,48.1551],[-88.4531,48.164],[-88.4507,48.1643],[-88.4509,48.1632],[-88.4491,48.163],[-88.4603,48.1584],[-88.4654,48.154],[-88.4737,48.1515],[-88.4738,48.1496],[-88.4828,48.145],[-88.4855,48.1442],[-88.4837,48.1453],[-88.4854,48.1462],[-88.5006,48.1398],[-88.5096,48.1334],[-88.5201,48.1295],[-88.5241,48.1256],[-88.5292,48.1246],[-88.5435,48.1164],[-88.5423,48.1154],[-88.5432,48.1138],[-88.555,48.1079],[-88.5719,48.1015],[-88.5834,48.0951],[-88.5942,48.0929],[-88.5963,48.09],[-88.613,48.0813],[-88.6336,48.0738],[-88.6362,48.0709],[-88.6409,48.0691],[-88.6421,48.0668],[-88.6461,48.0647],[-88.643,48.0642],[-88.6461,48.0619],[-88.6433,48.0616],[-88.644,48.0601],[-88.6377,48.0617],[-88.6343,48.0605],[-88.6267,48.062],[-88.6233,48.0656],[-88.6218,48.0691],[-88.6224,48.0704],[-88.6172,48.0741],[-88.6168,48.0762],[-88.6058,48.0793],[-88.5974,48.085],[-88.589,48.0885],[-88.5792,48.0904],[-88.5784,48.0888],[-88.582,48.0878],[-88.5817,48.0868],[-88.584,48.0856],[-88.5774,48.0866],[-88.5782,48.0855],[-88.5766,48.0849],[-88.579,48.084],[-88.5759,48.0836],[-88.5819,48.0803],[-88.5963,48.0763],[-88.5951,48.0754],[-88.5868,48.0775],[-88.5843,48.0766],[-88.5781,48.0784],[-88.5776,48.0768],[-88.5734,48.0746],[-88.5727,48.073],[-88.5749,48.0731],[-88.5743,48.0718],[-88.5759,48.0707],[-88.5738,48.0692],[-88.5753,48.0663],[-88.5737,48.0653],[-88.5753,48.0644],[-88.5741,48.0636],[-88.5788,48.0612],[-88.5759,48.0606],[-88.5941,48.0492],[-88.6043,48.0448],[-88.6071,48.0422],[-88.6097,48.0424],[-88.611,48.0403],[-88.6161,48.0392],[-88.6207,48.0371],[-88.6212,48.0358],[-88.6286,48.0339],[-88.6369,48.0294],[-88.6397,48.0305],[-88.6452,48.0291],[-88.6549,48.0297],[-88.6581,48.0283],[-88.6608,48.0287],[-88.6605,48.0279],[-88.663,48.0268],[-88.6639,48.0268],[-88.6639,48.0275],[-88.6643,48.0275],[-88.6641,48.0267],[-88.6611,48.0253],[-88.6667,48.0216],[-88.6751,48.0193],[-88.6761,48.0168],[-88.678,48.0158],[-88.6775,48.0143],[-88.6595,48.0236],[-88.6597,48.0243],[-88.6606,48.0245],[-88.6628,48.0235],[-88.6574,48.0266],[-88.654,48.0264],[-88.6481,48.0287],[-88.6411,48.0281],[-88.6416,48.0272],[-88.6393,48.0267],[-88.6501,48.0227],[-88.6532,48.0196],[-88.6614,48.0155],[-88.6657,48.0149],[-88.6692,48.0118],[-88.6738,48.0109],[-88.6742,48.012],[-88.6749,48.0103],[-88.678,48.0087],[-88.6939,48.003],[-88.7028,48.0015],[-88.7076,47.9983],[-88.7114,47.9985],[-88.7104,47.998],[-88.7194,47.9948],[-88.727,47.9931],[-88.7286,47.994],[-88.7316,47.9923],[-88.7412,47.9913],[-88.754,47.988],[-88.753,47.9871],[-88.7585,47.984],[-88.7605,47.9848],[-88.764,47.9838],[-88.7658,47.9845],[-88.7652,47.9857],[-88.7672,47.9862],[-88.7705,47.9852],[-88.7738,47.9861],[-88.7809,47.984],[-88.7841,47.9849],[-88.7942,47.9838],[-88.7983,47.9849],[-88.8007,47.9835],[-88.8037,47.9852],[-88.8152,47.9833],[-88.8207,47.9804],[-88.8295,47.9804],[-88.8505,47.9706],[-88.8509,47.9694],[-88.8496,47.9691],[-88.8531,47.9652],[-88.8676,47.9616],[-88.8726,47.9582],[-88.8817,47.9555],[-88.8813,47.9533],[-88.8889,47.9516],[-88.8906,47.9535],[-88.8937,47.9542],[-88.9008,47.9528],[-88.9422,47.9357],[-88.946,47.9356],[-88.9545,47.9313],[-88.952,47.9323],[-88.9443,47.9316],[-88.9385,47.9347],[-88.9229,47.9378],[-88.9242,47.9367],[-88.9467,47.9303],[-88.9648,47.9216],[-89.0029,47.9083],[-89.0039,47.9059],[-89.0028,47.9023],[-88.9975,47.9004],[-89.0051,47.8988],[-89.0051,47.8938],[-89.0079,47.8935],[-89.008,47.8929],[-89.0095,47.8926],[-89.0099,47.8919],[-89.0077,47.8929],[-89.0077,47.8934],[-89.0052,47.8934],[-89.0047,47.8941],[-89.0029,47.8916],[-88.9999,47.8904],[-88.9769,47.8951],[-88.9713,47.8948],[-88.9668,47.8928],[-88.9571,47.8942],[-88.9564,47.8914],[-88.9531,47.8902],[-88.9223,47.8978],[-88.9023,47.902],[-88.8991,47.9019],[-88.8999,47.9001],[-88.9111,47.8947],[-88.9106,47.8945],[-88.908,47.8952],[-88.9079,47.895],[-88.9183,47.8905],[-88.9114,47.8918],[-88.9132,47.8908],[-88.9301,47.8857],[-88.9374,47.8856],[-88.9377,47.8841],[-88.9484,47.8801],[-88.9708,47.8751],[-88.997,47.8665],[-89.0133,47.8631],[-89.0218,47.859],[-89.0346,47.8562],[-89.0447,47.8558],[-89.0601,47.8514],[-89.0627,47.8492],[-89.0825,47.8449],[-89.0872,47.842],[-89.0939,47.8408],[-89.1167,47.8326],[-89.1193,47.8297],[-89.1192,47.8279],[-89.1254,47.8288],[-89.136,47.8275],[-89.1455,47.8279],[-89.1594,47.8238],[-89.169,47.825],[-89.1787,47.8309],[-89.1882,47.8316],[-89.1925,47.8332],[-89.1927,47.8421],[-89.1977,47.8478],[-89.2017,47.8504],[-89.2063,47.8516],[-89.2285,47.8515],[-89.2354,47.8527],[-89.2351,47.8551],[-89.2256,47.8609],[-89.2218,47.8658],[-89.222,47.8688],[-89.2004,47.8822],[-89.2005,47.8841],[-89.2025,47.8858],[-89.211,47.8855],[-89.2114,47.8875],[-89.2154,47.8874],[-89.2146,47.8884],[-89.2069,47.8918],[-89.2031,47.891],[-89.2014,47.8937],[-89.1927,47.8971],[-89.1729,47.9008],[-89.1601,47.9087],[-89.156,47.9147],[-89.1574,47.9169],[-89.1527,47.917],[-89.1524,47.9173],[-89.1524,47.918],[-89.1518,47.9176],[-89.1514,47.9176],[-89.1509,47.9181],[-89.1506,47.9191],[-89.1515,47.9177],[-89.1523,47.9181],[-89.1527,47.918],[-89.1527,47.9172],[-89.1651,47.9178],[-89.166,47.9152],[-89.1705,47.9119],[-89.1785,47.9117],[-89.1799,47.9089],[-89.1784,47.9075],[-89.1793,47.9059],[-89.1882,47.9043],[-89.1896,47.9012],[-89.1949,47.8996],[-89.1973,47.9001],[-89.2033,47.8972],[-89.2073,47.8974],[-89.2087,47.8955],[-89.2121,47.8959],[-89.2165,47.8922],[-89.22,47.8924],[-89.2197,47.8942],[-89.2223,47.8945],[-89.2197,47.8957],[-89.2197,47.8976],[-89.2159,47.8995],[-89.2202,47.8987],[-89.2199,47.9002],[-89.2214,47.9004],[-89.2184,47.9044],[-89.2195,47.9056],[-89.223,47.9057],[-89.2191,47.9078],[-89.2197,47.9087],[-89.2218,47.9082],[-89.2194,47.9102],[-89.2208,47.911],[-89.2134,47.9142],[-89.2092,47.914],[-89.21,47.915],[-89.2085,47.9159],[-89.2013,47.9184],[-89.2001,47.9204],[-89.201,47.9213],[-89.1994,47.9224],[-89.2013,47.923],[-89.1864,47.9291],[-89.1791,47.9353],[-89.1754,47.9349],[-89.1713,47.9386],[-89.1462,47.9479],[-89.1343,47.9516],[-89.1081,47.9633],[-89.0707,47.9762],[-89.0672,47.9763],[-89.037,47.9861],[-89.029,47.9897],[-89.0209,47.9907],[-89.0092,47.9963],[-89.001,47.9977],[-88.9873,48.0046],[-88.9558,48.0133],[-88.9519,48.0132],[-88.9493,48.0167],[-88.945,48.0167],[-88.9412,48.0192],[-88.9312,48.022],[-88.9258,48.0203],[-88.913,48.0239],[-88.9065,48.0242],[-88.8948,48.029],[-88.8935,48.0317],[-88.8966,48.0319],[-88.8928,48.0351],[-88.8766,48.0418],[-88.8614,48.0462],[-88.8441,48.054],[-88.8418,48.0542],[-88.8658,48.0426],[-88.8646,48.0419],[-88.8507,48.0469],[-88.8491,48.0464],[-88.8577,48.0419],[-88.8559,48.0413],[-88.8418,48.0464],[-88.8405,48.0461],[-88.836,48.0468],[-88.8267,48.0489],[-88.8223,48.0512],[-88.8226,48.0526],[-88.8249,48.0527],[-88.824,48.0538],[-88.815,48.0581],[-88.8119,48.0581],[-88.8144,48.0563],[-88.8139,48.0554],[-88.8104,48.0553]],[[-88.8412,48.0464],[-88.8413,48.0464],[-88.8412,48.0465],[-88.8412,48.0464]],[[-88.6684,48.1186],[-88.6671,48.1193],[-88.6665,48.119],[-88.6684,48.1186]],[[-88.8128,47.9305],[-88.7853,47.9397],[-88.8151,47.929],[-88.8128,47.9305]],[[-89.2622,47.871],[-89.2553,47.8764],[-89.253,47.8758],[-89.2455,47.8777],[-89.2443,47.8758],[-89.2394,47.8778],[-89.2365,47.877],[-89.2349,47.8751],[-89.2331,47.877],[-89.2253,47.8776],[-89.2361,47.8735],[-89.2512,47.8705],[-89.2561,47.8684],[-89.2616,47.8687],[-89.2622,47.871]],[[-89.2645,47.8665],[-89.2674,47.8659],[-89.2641,47.8671],[-89.2645,47.8665]],[[-89.1749,47.9039],[-89.1713,47.9097],[-89.1664,47.9104],[-89.1663,47.9077],[-89.1749,47.9039]],[[-89.2331,47.8941],[-89.2281,47.8959],[-89.2251,47.8954],[-89.2244,47.8936],[-89.2289,47.8894],[-89.2314,47.8886],[-89.2373,47.8895],[-89.2331,47.8941]],[[-89.2472,47.8884],[-89.2427,47.8908],[-89.2401,47.8904],[-89.2424,47.8886],[-89.2389,47.8892],[-89.24,47.8881],[-89.2394,47.8865],[-89.243,47.8853],[-89.2429,47.8871],[-89.246,47.8867],[-89.2472,47.8884]],[[-89.2187,47.8863],[-89.2194,47.8866],[-89.2186,47.8865],[-89.2187,47.8863]],[[-89.2219,47.8821],[-89.2162,47.8841],[-89.2149,47.8848],[-89.2148,47.8847],[-89.2161,47.8838],[-89.2151,47.8824],[-89.2179,47.8805],[-89.2234,47.8801],[-89.2219,47.8821]],[[-89.2243,47.8799],[-89.2252,47.8789],[-89.2272,47.8788],[-89.2263,47.8797],[-89.2243,47.8799]],[[-89.2314,47.8781],[-89.2327,47.8781],[-89.2351,47.8773],[-89.2336,47.8787],[-89.2314,47.8781]],[[-88.8163,47.9289],[-88.8164,47.9284],[-88.8179,47.9281],[-88.8163,47.9289]],[[-88.8216,47.922],[-88.8177,47.9232],[-88.8223,47.9215],[-88.8216,47.922]],[[-88.8455,47.9151],[-88.8516,47.913],[-88.8499,47.9142],[-88.8455,47.9151]],[[-88.851,47.9115],[-88.8497,47.9125],[-88.8491,47.9128],[-88.8476,47.9127],[-88.851,47.9115]],[[-88.869,47.9067],[-88.8741,47.9051],[-88.8686,47.9071],[-88.869,47.9067]],[[-88.9098,47.8935],[-88.9113,47.8933],[-88.9095,47.8938],[-88.9098,47.8935]],[[-88.8947,47.9422],[-88.8931,47.9422],[-88.8947,47.9421],[-88.8947,47.9422]],[[-88.8237,48.0618],[-88.825,48.061],[-88.8254,48.0611],[-88.8237,48.0618]],[[-88.7986,48.0618],[-88.7991,48.0612],[-88.7996,48.0614],[-88.7986,48.0618]],[[-88.8356,48.0569],[-88.8391,48.0555],[-88.8378,48.0565],[-88.8356,48.0569]],[[-88.8478,48.0477],[-88.8449,48.0495],[-88.8441,48.0496],[-88.8444,48.0485],[-88.8478,48.0477]],[[-88.7526,47.9847],[-88.7536,47.984],[-88.7576,47.9835],[-88.7576,47.9841],[-88.7526,47.9847]],[[-88.7691,47.9827],[-88.7743,47.9825],[-88.7753,47.9835],[-88.7713,47.985],[-88.7692,47.9842],[-88.7691,47.9827]],[[-88.7896,47.9802],[-88.792,47.9792],[-88.7956,47.9807],[-88.7936,47.9817],[-88.7896,47.9802]],[[-88.7798,47.9816],[-88.7721,47.9809],[-88.7849,47.98],[-88.7798,47.9816]],[[-88.8064,47.9759],[-88.8074,47.9753],[-88.8093,47.9755],[-88.8079,47.976],[-88.8064,47.9759]],[[-88.8339,47.971],[-88.8258,47.974],[-88.8209,47.9738],[-88.821,47.9727],[-88.8255,47.9703],[-88.8213,47.9704],[-88.8193,47.9688],[-88.8218,47.9677],[-88.8263,47.9685],[-88.8359,47.9673],[-88.8345,47.9694],[-88.8325,47.9685],[-88.8259,47.9708],[-88.8339,47.971]],[[-88.82,47.9736],[-88.8173,47.9744],[-88.816,47.9744],[-88.8183,47.9736],[-88.8191,47.9735],[-88.82,47.9736]],[[-88.8091,47.9721],[-88.8102,47.9717],[-88.812,47.972],[-88.8112,47.9726],[-88.8091,47.9721]],[[-88.8321,47.9648],[-88.8336,47.9643],[-88.8354,47.9645],[-88.8328,47.9653],[-88.8321,47.9648]],[[-88.7583,47.949],[-88.7598,47.9482],[-88.7636,47.9469],[-88.7639,47.947],[-88.7583,47.949]],[[-88.7835,47.9399],[-88.7842,47.9403],[-88.7826,47.9406],[-88.7835,47.9399]],[[-88.6338,48.1483],[-88.6079,48.1573],[-88.5877,48.1606],[-88.596,48.1581],[-88.5886,48.1586],[-88.6051,48.1546],[-88.6403,48.1429],[-88.6574,48.1343],[-88.66,48.1348],[-88.6521,48.138],[-88.6645,48.1349],[-88.6497,48.1399],[-88.6488,48.1413],[-88.6576,48.1384],[-88.6338,48.1483]],[[-88.7837,48.076],[-88.7851,48.0758],[-88.7833,48.0765],[-88.7837,48.076]],[[-88.7785,48.0693],[-88.7757,48.0711],[-88.7753,48.0709],[-88.7765,48.0694],[-88.7785,48.0693]],[[-88.8119,48.065],[-88.8128,48.0648],[-88.8118,48.0651],[-88.8119,48.065]],[[-88.8113,48.0652],[-88.8118,48.0651],[-88.8112,48.0653],[-88.8113,48.0652]],[[-88.8129,48.0648],[-88.8128,48.0648],[-88.8129,48.0647],[-88.8129,48.0648]],[[-88.8172,48.0642],[-88.8155,48.0645],[-88.8182,48.0636],[-88.8172,48.0642]],[[-88.6607,48.1372],[-88.6648,48.1354],[-88.6667,48.1352],[-88.6607,48.1372]],[[-88.6746,48.1266],[-88.6721,48.1272],[-88.6717,48.1268],[-88.6746,48.1266]],[[-88.6829,48.1173],[-88.6822,48.1172],[-88.6829,48.1169],[-88.6829,48.1173]],[[-88.677,48.1103],[-88.6763,48.1107],[-88.6775,48.11],[-88.677,48.1103]],[[-88.6857,48.1098],[-88.6857,48.1107],[-88.6835,48.1109],[-88.6857,48.1098]],[[-88.706,48.111],[-88.7082,48.1098],[-88.7112,48.1088],[-88.7086,48.1102],[-88.706,48.111]],[[-88.7276,48.103],[-88.7179,48.1058],[-88.7285,48.102],[-88.7276,48.103]],[[-88.733,48.101],[-88.7296,48.1019],[-88.7288,48.1018],[-88.733,48.101]],[[-88.5152,48.1226],[-88.5125,48.1252],[-88.51,48.1254],[-88.5127,48.1231],[-88.5152,48.1226]],[[-88.5081,48.1241],[-88.5103,48.1226],[-88.5115,48.1226],[-88.5081,48.1241]],[[-88.5163,48.1222],[-88.5168,48.1211],[-88.5173,48.1216],[-88.5163,48.1222]],[[-88.519,48.1201],[-88.5245,48.1179],[-88.5257,48.1188],[-88.519,48.1201]],[[-88.5343,48.1151],[-88.5288,48.117],[-88.5244,48.1162],[-88.5269,48.1152],[-88.5268,48.1139],[-88.5303,48.1134],[-88.5288,48.1133],[-88.5337,48.1109],[-88.5327,48.1105],[-88.5403,48.1085],[-88.5412,48.1069],[-88.5461,48.1048],[-88.5507,48.1043],[-88.5485,48.1057],[-88.5492,48.1068],[-88.5461,48.1072],[-88.5451,48.109],[-88.5323,48.1145],[-88.5339,48.114],[-88.5343,48.1151]],[[-88.5554,48.1041],[-88.5491,48.104],[-88.5576,48.0992],[-88.5628,48.0989],[-88.5572,48.1018],[-88.556,48.1041],[-88.5539,48.1049],[-88.5528,48.1048],[-88.5554,48.1041]],[[-88.5619,48.1],[-88.5637,48.1007],[-88.5614,48.1008],[-88.5619,48.1]],[[-88.5695,48.096],[-88.5704,48.0968],[-88.569,48.0966],[-88.5695,48.096]],[[-88.577,48.0919],[-88.5759,48.0921],[-88.5758,48.0918],[-88.577,48.0919]],[[-88.5696,48.0923],[-88.5693,48.0918],[-88.5704,48.092],[-88.5696,48.0923]],[[-88.5753,48.0911],[-88.5747,48.0916],[-88.5745,48.0913],[-88.5753,48.0911]],[[-88.498,48.131],[-88.5009,48.1305],[-88.4944,48.1337],[-88.498,48.131]],[[-88.5035,48.1285],[-88.5022,48.1296],[-88.5015,48.1292],[-88.5035,48.1285]],[[-88.5048,48.126],[-88.501,48.1277],[-88.5011,48.1275],[-88.5025,48.1266],[-88.5048,48.126]],[[-88.5029,48.1418],[-88.5046,48.1415],[-88.5028,48.1421],[-88.5029,48.1418]],[[-88.5075,48.1398],[-88.5143,48.1367],[-88.5148,48.1368],[-88.5075,48.1398]],[[-88.5129,48.1553],[-88.514,48.1548],[-88.5141,48.155],[-88.5129,48.1553]],[[-88.5019,48.1593],[-88.5155,48.1536],[-88.5013,48.1599],[-88.5019,48.1593]],[[-88.5143,48.1529],[-88.515,48.153],[-88.5137,48.1534],[-88.5143,48.1529]],[[-88.4284,48.1842],[-88.4264,48.1848],[-88.4289,48.1834],[-88.4284,48.1842]],[[-88.4235,48.1835],[-88.4271,48.1813],[-88.4276,48.1814],[-88.4235,48.1835]],[[-88.4286,48.1818],[-88.4251,48.1836],[-88.4286,48.1816],[-88.4286,48.1818]],[[-88.4295,48.1828],[-88.4337,48.1804],[-88.4348,48.1801],[-88.4303,48.1831],[-88.4295,48.1828]],[[-88.4407,48.1754],[-88.4321,48.1797],[-88.4451,48.1729],[-88.447,48.1739],[-88.4439,48.1765],[-88.4363,48.1791],[-88.4433,48.1753],[-88.4407,48.1754]],[[-88.4181,48.1802],[-88.4228,48.1781],[-88.4238,48.1785],[-88.4181,48.1802]],[[-88.4277,48.181],[-88.4383,48.1756],[-88.4317,48.1799],[-88.4277,48.181]],[[-88.4246,48.1778],[-88.4282,48.1758],[-88.4288,48.1759],[-88.4263,48.1775],[-88.4246,48.1778]],[[-88.4421,48.1734],[-88.444,48.1726],[-88.4421,48.1736],[-88.4421,48.1734]],[[-88.4339,48.1728],[-88.4265,48.1757],[-88.4352,48.171],[-88.4396,48.17],[-88.4366,48.1727],[-88.4331,48.1744],[-88.4316,48.1745],[-88.4304,48.1752],[-88.4301,48.1751],[-88.4339,48.1728]],[[-88.4562,48.1672],[-88.4587,48.166],[-88.4592,48.1661],[-88.4571,48.1676],[-88.4562,48.1672]],[[-88.4536,48.1658],[-88.4517,48.1667],[-88.4508,48.1667],[-88.4527,48.1657],[-88.4536,48.1658]],[[-88.461,48.1644],[-88.4624,48.1643],[-88.4595,48.1655],[-88.461,48.1644]],[[-88.4294,48.1655],[-88.4331,48.1636],[-88.4298,48.1656],[-88.4294,48.1655]],[[-88.459,48.1626],[-88.4551,48.165],[-88.4541,48.1649],[-88.459,48.1626]],[[-88.4671,48.1613],[-88.466,48.1626],[-88.4654,48.1623],[-88.4657,48.1619],[-88.4671,48.1613]],[[-88.4622,48.1605],[-88.4594,48.1616],[-88.4609,48.1604],[-88.4622,48.1605]],[[-88.4737,48.1571],[-88.4736,48.1577],[-88.4712,48.1584],[-88.4737,48.1571]],[[-88.4749,48.1567],[-88.4768,48.1557],[-88.477,48.1557],[-88.4749,48.1567]],[[-88.4466,48.1557],[-88.4468,48.1551],[-88.4471,48.1552],[-88.4466,48.1557]],[[-88.4731,48.1547],[-88.4713,48.1555],[-88.4702,48.1561],[-88.4722,48.1548],[-88.4731,48.1547]],[[-88.4522,48.1521],[-88.453,48.1522],[-88.4514,48.1528],[-88.4522,48.1521]],[[-88.454,48.1511],[-88.4552,48.1512],[-88.4533,48.1519],[-88.454,48.1511]],[[-88.4828,48.1499],[-88.484,48.1496],[-88.4825,48.1503],[-88.4828,48.1499]],[[-88.4601,48.1484],[-88.461,48.1479],[-88.4612,48.1479],[-88.4612,48.1482],[-88.4601,48.1484]],[[-88.4887,48.1478],[-88.4883,48.1475],[-88.4891,48.1474],[-88.4887,48.1478]],[[-88.4671,48.1448],[-88.4639,48.1469],[-88.4617,48.1474],[-88.4644,48.1457],[-88.4671,48.1448]],[[-88.4795,48.1399],[-88.4727,48.1435],[-88.4672,48.1445],[-88.475,48.1403],[-88.4795,48.1399]],[[-88.4946,48.1339],[-88.486,48.1382],[-88.4828,48.1383],[-88.4915,48.1341],[-88.4946,48.1339]],[[-88.4947,48.1314],[-88.4934,48.1316],[-88.495,48.131],[-88.4947,48.1314]],[[-88.5465,48.1751],[-88.5514,48.1726],[-88.5521,48.1725],[-88.5525,48.1726],[-88.5465,48.1751]],[[-88.541,48.169],[-88.5406,48.1696],[-88.5399,48.1696],[-88.541,48.169]],[[-88.5429,48.1769],[-88.5423,48.1775],[-88.5409,48.178],[-88.5429,48.1769]],[[-88.5784,48.1626],[-88.5669,48.1663],[-88.5793,48.1616],[-88.5784,48.1626]],[[-88.5047,48.1657],[-88.5032,48.1668],[-88.5024,48.167],[-88.5034,48.1661],[-88.5047,48.1657]],[[-88.5506,48.1646],[-88.551,48.1649],[-88.5503,48.1651],[-88.5506,48.1646]],[[-88.5195,48.1623],[-88.5157,48.1635],[-88.5201,48.1618],[-88.5195,48.1623]],[[-88.5574,48.1627],[-88.5514,48.1643],[-88.5615,48.16],[-88.5574,48.1627]],[[-88.5228,48.16],[-88.5212,48.161],[-88.5204,48.1612],[-88.5228,48.16]],[[-88.5196,48.1591],[-88.5175,48.1604],[-88.5166,48.1606],[-88.5196,48.1591]],[[-88.5651,48.1583],[-88.5672,48.1577],[-88.5656,48.1584],[-88.5651,48.1583]],[[-88.5487,48.1579],[-88.5519,48.1565],[-88.5501,48.1575],[-88.5487,48.1579]],[[-88.5462,48.1601],[-88.5574,48.1549],[-88.5601,48.154],[-88.5559,48.1565],[-88.5475,48.1599],[-88.5462,48.1601]],[[-88.5857,48.154],[-88.5818,48.1538],[-88.5848,48.1531],[-88.5838,48.1521],[-88.5852,48.1516],[-88.5897,48.152],[-88.6008,48.1498],[-88.6052,48.1473],[-88.6179,48.144],[-88.615,48.1458],[-88.6175,48.1453],[-88.6177,48.1455],[-88.6064,48.1498],[-88.5857,48.154]],[[-88.5775,48.1508],[-88.5763,48.1517],[-88.5753,48.1518],[-88.5775,48.1508]],[[-88.5715,48.1502],[-88.5717,48.1498],[-88.5726,48.1497],[-88.5715,48.1502]],[[-88.5769,48.1492],[-88.5756,48.1498],[-88.574,48.1499],[-88.5759,48.1489],[-88.5769,48.1492]],[[-88.5718,48.149],[-88.5697,48.1497],[-88.5689,48.1497],[-88.5709,48.149],[-88.5718,48.149]],[[-88.5821,48.1488],[-88.5835,48.1477],[-88.5862,48.1476],[-88.5843,48.1485],[-88.5821,48.1488]],[[-88.5887,48.1458],[-88.5739,48.1485],[-88.5818,48.1467],[-88.5825,48.1469],[-88.5883,48.1457],[-88.5887,48.1458]],[[-88.5923,48.1453],[-88.5901,48.1455],[-88.5932,48.1449],[-88.5923,48.1453]],[[-88.5988,48.1448],[-88.5984,48.1449],[-88.5961,48.1453],[-88.5988,48.1448]],[[-88.6139,48.144],[-88.6047,48.1462],[-88.6187,48.1417],[-88.6139,48.144]],[[-88.5668,48.1443],[-88.5658,48.1448],[-88.5653,48.1447],[-88.5668,48.1443]],[[-88.5637,48.144],[-88.5638,48.1439],[-88.5649,48.1437],[-88.5654,48.1434],[-88.5657,48.1435],[-88.5637,48.144]],[[-88.6187,48.1416],[-88.6208,48.1406],[-88.6229,48.1401],[-88.6187,48.1416]],[[-88.5967,48.1441],[-88.6133,48.1393],[-88.6118,48.1413],[-88.6059,48.1434],[-88.5967,48.1441]],[[-88.619,48.1378],[-88.6178,48.1381],[-88.6191,48.1377],[-88.619,48.1378]],[[-88.6228,48.1373],[-88.6219,48.138],[-88.6206,48.138],[-88.6215,48.1375],[-88.6228,48.1373]],[[-88.4766,48.1817],[-88.4779,48.181],[-88.4785,48.1809],[-88.4766,48.1817]],[[-88.4722,48.1736],[-88.4732,48.1733],[-88.472,48.1739],[-88.4722,48.1736]],[[-88.3658,48.2262],[-88.3608,48.2297],[-88.3602,48.2315],[-88.3545,48.2348],[-88.3512,48.2347],[-88.3394,48.2389],[-88.3381,48.2383],[-88.3401,48.2366],[-88.3391,48.2356],[-88.3448,48.2334],[-88.3473,48.2341],[-88.3481,48.2325],[-88.3542,48.2295],[-88.355,48.2303],[-88.3522,48.2328],[-88.353,48.2335],[-88.3559,48.2313],[-88.3552,48.2302],[-88.3572,48.2278],[-88.3672,48.2227],[-88.3645,48.2259],[-88.3658,48.2262]],[[-88.3356,48.2375],[-88.3353,48.2381],[-88.334,48.2385],[-88.3356,48.2375]],[[-88.3381,48.2362],[-88.3365,48.2376],[-88.3358,48.2375],[-88.3381,48.2362]],[[-88.3475,48.233],[-88.3467,48.2336],[-88.3464,48.2336],[-88.3466,48.2328],[-88.3475,48.233]],[[-88.5644,48.095],[-88.566,48.0935],[-88.5668,48.0936],[-88.5683,48.0945],[-88.5742,48.0941],[-88.5691,48.095],[-88.5667,48.0974],[-88.568,48.0977],[-88.5653,48.0988],[-88.5587,48.0986],[-88.5604,48.0968],[-88.5627,48.0971],[-88.562,48.0965],[-88.564,48.0954],[-88.5662,48.0954],[-88.5644,48.095]],[[-88.5173,48.1184],[-88.5212,48.1175],[-88.5222,48.1169],[-88.5227,48.117],[-88.5228,48.1181],[-88.518,48.1202],[-88.513,48.122],[-88.5119,48.1213],[-88.5182,48.119],[-88.5173,48.1184]],[[-88.4194,48.1713],[-88.424,48.168],[-88.4261,48.167],[-88.4268,48.1668],[-88.4272,48.167],[-88.4213,48.1709],[-88.4194,48.1713]]],[[[-88.7231,48.0237],[-88.7253,48.0232],[-88.7247,48.0229],[-88.7231,48.0237]]],[[[-88.7923,48.0291],[-88.7935,48.0283],[-88.7921,48.0289],[-88.7923,48.0291]]],[[[-88.7168,48.0297],[-88.7163,48.0302],[-88.7175,48.03],[-88.7168,48.0297]]],[[[-88.7189,48.0338],[-88.7241,48.0334],[-88.723,48.0349],[-88.7253,48.0352],[-88.7267,48.033],[-88.735,48.0315],[-88.7379,48.0298],[-88.7347,48.0299],[-88.7384,48.0293],[-88.7387,48.0283],[-88.7365,48.0282],[-88.7393,48.0265],[-88.7304,48.0289],[-88.7281,48.0279],[-88.7285,48.0265],[-88.7247,48.0271],[-88.7229,48.0288],[-88.7248,48.0308],[-88.7218,48.0308],[-88.7228,48.0293],[-88.7216,48.029],[-88.7173,48.032],[-88.7189,48.0338]],[[-88.7343,48.03],[-88.7347,48.03],[-88.7343,48.0301],[-88.7343,48.03]]],[[[-88.7802,48.0338],[-88.7797,48.0344],[-88.7804,48.0345],[-88.7802,48.0338]]],[[[-88.8029,48.0397],[-88.8015,48.039],[-88.8007,48.0402],[-88.8008,48.0404],[-88.8029,48.0397]]],[[[-88.6839,48.0468],[-88.6788,48.0502],[-88.679,48.0514],[-88.6833,48.0526],[-88.696,48.0485],[-88.7021,48.048],[-88.7042,48.0464],[-88.6997,48.0464],[-88.7004,48.0441],[-88.6994,48.044],[-88.7009,48.043],[-88.708,48.0435],[-88.72,48.0412],[-88.7157,48.0395],[-88.7103,48.0402],[-88.7089,48.0385],[-88.7039,48.0401],[-88.7,48.0379],[-88.7001,48.036],[-88.6893,48.0321],[-88.6934,48.0358],[-88.6971,48.0369],[-88.6991,48.0394],[-88.6958,48.0408],[-88.6864,48.0416],[-88.6857,48.0434],[-88.6837,48.0424],[-88.6794,48.0452],[-88.6839,48.0468]],[[-88.6879,48.0497],[-88.6877,48.0503],[-88.6873,48.0502],[-88.6879,48.0497]],[[-88.6884,48.0491],[-88.6911,48.0483],[-88.6918,48.0485],[-88.6906,48.0497],[-88.6884,48.0491]],[[-88.6851,48.0488],[-88.6859,48.0484],[-88.6865,48.0485],[-88.6861,48.049],[-88.6851,48.0488]],[[-88.6972,48.0455],[-88.6927,48.0479],[-88.6913,48.0462],[-88.686,48.0469],[-88.6915,48.0451],[-88.6972,48.0455]]],[[[-88.778,48.0498],[-88.7752,48.0487],[-88.7759,48.05],[-88.778,48.0498]]],[[[-88.7859,48.0514],[-88.7876,48.052],[-88.7876,48.0533],[-88.7899,48.0532],[-88.809,48.0483],[-88.8038,48.0464],[-88.7981,48.0484],[-88.7958,48.0476],[-88.7873,48.049],[-88.7859,48.0514]],[[-88.7969,48.0495],[-88.7952,48.0503],[-88.7929,48.0505],[-88.7934,48.05],[-88.7969,48.0495]],[[-88.7942,48.0491],[-88.7912,48.05],[-88.7908,48.0497],[-88.7942,48.0491]],[[-88.7953,48.0488],[-88.7957,48.0483],[-88.7962,48.0485],[-88.7953,48.0488]]],[[[-88.7368,48.0521],[-88.7357,48.0512],[-88.7354,48.0519],[-88.7368,48.0521]]],[[[-88.7276,48.0524],[-88.7259,48.0517],[-88.7252,48.0523],[-88.7276,48.0524]]],[[[-88.806,48.0521],[-88.8031,48.0524],[-88.8013,48.0521],[-88.8008,48.0523],[-88.803,48.0525],[-88.806,48.0521]]],[[[-88.6904,48.0547],[-88.6926,48.053],[-88.6884,48.0549],[-88.6904,48.0547]]],[[[-88.7701,48.0557],[-88.7716,48.0546],[-88.7695,48.0545],[-88.7701,48.0557]]],[[[-88.7098,48.0567],[-88.6992,48.0614],[-88.7017,48.0619],[-88.7195,48.0549],[-88.7111,48.0564],[-88.7152,48.0529],[-88.7111,48.0526],[-88.7046,48.0571],[-88.7069,48.0575],[-88.7096,48.0565],[-88.7098,48.0567]]],[[[-88.7845,48.0617],[-88.7836,48.0625],[-88.7852,48.0619],[-88.7845,48.0617]]],[[[-88.7426,48.0639],[-88.7369,48.0653],[-88.7352,48.0663],[-88.7426,48.0639]]],[[[-88.7082,48.0632],[-88.699,48.0688],[-88.7058,48.0662],[-88.7093,48.0662],[-88.7083,48.066],[-88.7172,48.0615],[-88.7153,48.061],[-88.7082,48.0632]]],[[[-88.7672,48.0699],[-88.7657,48.0701],[-88.7657,48.0704],[-88.7672,48.0699]]],[[[-88.7193,48.0745],[-88.7155,48.0789],[-88.7231,48.0719],[-88.7271,48.0658],[-88.7297,48.0644],[-88.7271,48.0631],[-88.7092,48.0674],[-88.7011,48.0717],[-88.6961,48.0759],[-88.6989,48.0763],[-88.7138,48.0685],[-88.7237,48.0663],[-88.722,48.0712],[-88.7193,48.0727],[-88.7193,48.0745]]],[[[-88.7498,48.0722],[-88.7504,48.0718],[-88.7491,48.0723],[-88.7498,48.0722]]],[[[-88.7488,48.0726],[-88.7478,48.0729],[-88.7477,48.0732],[-88.7484,48.0735],[-88.7488,48.0726]]],[[[-88.7649,48.0745],[-88.7654,48.0733],[-88.7662,48.0727],[-88.7648,48.0734],[-88.7649,48.0745]]],[[[-88.7121,48.0761],[-88.7123,48.0752],[-88.7117,48.0759],[-88.7121,48.0761]]],[[[-88.7322,48.0757],[-88.7251,48.078],[-88.7245,48.079],[-88.7322,48.0757]]],[[[-88.7593,48.0752],[-88.7504,48.0769],[-88.745,48.0801],[-88.7485,48.0803],[-88.7515,48.0781],[-88.7562,48.0781],[-88.7593,48.0752]]],[[[-88.7496,48.0826],[-88.7573,48.0824],[-88.7562,48.0808],[-88.759,48.0811],[-88.7636,48.0781],[-88.76,48.0775],[-88.752,48.081],[-88.7496,48.0826]]],[[[-88.7125,48.0833],[-88.7127,48.0834],[-88.7127,48.0832],[-88.7125,48.0833]]],[[[-88.7115,48.0837],[-88.7117,48.0832],[-88.7123,48.0833],[-88.7124,48.0832],[-88.7117,48.0831],[-88.7115,48.0837]]],[[[-88.7115,48.0838],[-88.7114,48.0837],[-88.7114,48.0838],[-88.7115,48.0838]]],[[[-88.7,48.0845],[-88.6971,48.0849],[-88.6964,48.086],[-88.7,48.0845]]],[[[-88.7316,48.087],[-88.7272,48.0906],[-88.7301,48.0911],[-88.7385,48.0871],[-88.7316,48.087]]],[[[-88.6913,48.0949],[-88.6913,48.0941],[-88.6922,48.0931],[-88.6907,48.0939],[-88.6913,48.0949]]],[[[-88.7008,48.1005],[-88.6974,48.1013],[-88.6976,48.102],[-88.7008,48.1005]]],[[[-88.6966,48.1016],[-88.6965,48.1017],[-88.6967,48.1016],[-88.6966,48.1016]]],[[[-88.6824,48.009],[-88.6897,48.0067],[-88.6887,48.0063],[-88.6824,48.009]]],[[[-88.6926,48.0084],[-88.6898,48.0084],[-88.686,48.0099],[-88.6926,48.0084]]],[[[-88.6679,48.0169],[-88.6616,48.0197],[-88.6655,48.0194],[-88.6679,48.0169]]],[[[-88.6891,48.0209],[-88.6904,48.0201],[-88.6884,48.0208],[-88.6891,48.0209]]],[[[-88.6796,48.0209],[-88.6793,48.0219],[-88.6807,48.0206],[-88.6796,48.0209]]],[[[-88.6267,48.036],[-88.6304,48.0362],[-88.6316,48.0357],[-88.6344,48.0327],[-88.6267,48.036]],[[-88.6293,48.0354],[-88.6283,48.0355],[-88.6292,48.0352],[-88.6293,48.0354]]],[[[-88.6737,48.0342],[-88.6689,48.0358],[-88.6711,48.0357],[-88.6737,48.0342]]],[[[-88.6624,48.0349],[-88.6604,48.0355],[-88.6632,48.0351],[-88.6624,48.0349]]],[[[-88.6733,48.0359],[-88.6704,48.036],[-88.6686,48.0371],[-88.672,48.0368],[-88.6731,48.0362],[-88.6733,48.0359]]],[[[-88.6326,48.0379],[-88.631,48.0409],[-88.6333,48.0408],[-88.6371,48.0373],[-88.6442,48.0341],[-88.6454,48.0344],[-88.6482,48.0342],[-88.6489,48.0331],[-88.6397,48.0341],[-88.6326,48.0379]]],[[[-88.614,48.0414],[-88.6152,48.0401],[-88.6134,48.0412],[-88.614,48.0414]]],[[[-88.6711,48.042],[-88.6726,48.0418],[-88.6737,48.0406],[-88.6718,48.0411],[-88.6711,48.042]]],[[[-88.6655,48.0406],[-88.6604,48.0422],[-88.6596,48.0429],[-88.6655,48.0406]]],[[[-88.6618,48.0439],[-88.6611,48.0431],[-88.6603,48.0432],[-88.6605,48.0444],[-88.6618,48.0439]]],[[[-88.6607,48.0448],[-88.6618,48.0449],[-88.6625,48.0445],[-88.6607,48.0448]]],[[[-88.6638,48.0455],[-88.6617,48.0455],[-88.6616,48.0459],[-88.6638,48.0455]]],[[[-88.6475,48.0471],[-88.6479,48.0484],[-88.652,48.0472],[-88.6475,48.0471]]],[[[-88.6538,48.0499],[-88.6538,48.0498],[-88.6537,48.0499],[-88.6538,48.0499]]],[[[-88.6486,48.0507],[-88.6522,48.0522],[-88.6539,48.0516],[-88.6513,48.0515],[-88.6537,48.0499],[-88.6486,48.0507]]],[[[-88.6513,48.0537],[-88.6492,48.0538],[-88.649,48.054],[-88.6506,48.0545],[-88.6513,48.0537]]],[[[-88.6135,48.0557],[-88.6103,48.0568],[-88.6101,48.0572],[-88.6136,48.0567],[-88.6135,48.0557]]],[[[-88.6267,48.0574],[-88.6294,48.0578],[-88.6329,48.0575],[-88.633,48.0572],[-88.6273,48.0561],[-88.6267,48.0574]]],[[[-88.6702,48.0606],[-88.669,48.0604],[-88.6683,48.0604],[-88.6686,48.0607],[-88.6702,48.0606]]],[[[-88.6136,48.0613],[-88.6114,48.0617],[-88.6121,48.0625],[-88.6106,48.0634],[-88.6134,48.0643],[-88.6136,48.0613]]],[[[-88.6091,48.0665],[-88.6092,48.0657],[-88.6085,48.0659],[-88.6091,48.0665]]],[[[-88.6164,48.0697],[-88.609,48.0707],[-88.6074,48.0721],[-88.6158,48.0707],[-88.6164,48.0697]]],[[[-88.6391,48.0759],[-88.6378,48.0764],[-88.6395,48.0759],[-88.6391,48.0759]]],[[[-88.6362,48.0786],[-88.6356,48.0792],[-88.6367,48.0787],[-88.6362,48.0786]]],[[[-88.6696,48.0753],[-88.6355,48.0888],[-88.63,48.0925],[-88.6312,48.093],[-88.6549,48.0828],[-88.6696,48.0753]]],[[[-88.6232,48.0857],[-88.6178,48.0894],[-88.6208,48.0886],[-88.6232,48.0857]]],[[[-88.6312,48.0853],[-88.6239,48.0913],[-88.6327,48.0883],[-88.6395,48.0844],[-88.6327,48.086],[-88.6312,48.0853]]],[[[-88.6483,48.0896],[-88.6434,48.0919],[-88.644,48.0931],[-88.6492,48.0905],[-88.6483,48.0896]]],[[[-88.6323,48.1048],[-88.6368,48.1031],[-88.6351,48.1043],[-88.6361,48.1048],[-88.6505,48.1014],[-88.6513,48.0997],[-88.6612,48.095],[-88.655,48.0954],[-88.6615,48.0935],[-88.6603,48.0933],[-88.6629,48.092],[-88.665,48.0927],[-88.667,48.0917],[-88.6664,48.0929],[-88.6677,48.0935],[-88.6683,48.0918],[-88.6733,48.0903],[-88.6741,48.0907],[-88.67,48.0939],[-88.6749,48.0919],[-88.6805,48.0935],[-88.6788,48.0922],[-88.6849,48.0901],[-88.6859,48.0882],[-88.6778,48.0894],[-88.677,48.089],[-88.6798,48.0876],[-88.6747,48.0874],[-88.6711,48.0887],[-88.6716,48.0877],[-88.6693,48.0878],[-88.6536,48.0915],[-88.652,48.0934],[-88.6543,48.0945],[-88.6508,48.096],[-88.6516,48.0966],[-88.6505,48.0978],[-88.6534,48.097],[-88.6541,48.0973],[-88.6456,48.1004],[-88.6443,48.0997],[-88.6477,48.0987],[-88.6432,48.0988],[-88.6312,48.1039],[-88.6323,48.1048]],[[-88.6443,48.1005],[-88.6423,48.1013],[-88.6411,48.1014],[-88.6429,48.1004],[-88.6443,48.1005]],[[-88.6548,48.0966],[-88.6536,48.0966],[-88.6556,48.0962],[-88.6548,48.0966]]],[[[-88.6198,48.0983],[-88.6211,48.0983],[-88.6228,48.0977],[-88.6212,48.0975],[-88.6198,48.0983]]],[[[-88.6682,48.0974],[-88.6682,48.0989],[-88.6686,48.0973],[-88.6682,48.0974]]],[[[-88.6029,48.1001],[-88.6028,48.1],[-88.6028,48.1001],[-88.6029,48.1001]]],[[[-88.6032,48.1047],[-88.6136,48.1012],[-88.6157,48.0994],[-88.61,48.0995],[-88.6087,48.1013],[-88.6056,48.102],[-88.603,48.1038],[-88.6032,48.1047]],[[-88.6071,48.1027],[-88.6058,48.1021],[-88.6076,48.1018],[-88.6071,48.1027]],[[-88.6133,48.1005],[-88.6144,48.1004],[-88.6133,48.1007],[-88.6133,48.1005]]],[[[-88.6605,48.1032],[-88.6617,48.1036],[-88.6626,48.1031],[-88.6625,48.1027],[-88.6605,48.1032]]],[[[-88.6759,48.1028],[-88.6755,48.1036],[-88.6763,48.1033],[-88.6759,48.1028]]],[[[-88.6488,48.1065],[-88.6467,48.1077],[-88.6491,48.1087],[-88.6539,48.1082],[-88.6583,48.1063],[-88.6488,48.1065]],[[-88.6503,48.1074],[-88.6493,48.1079],[-88.6492,48.1076],[-88.6503,48.1074]]],[[[-88.6228,48.111],[-88.625,48.1113],[-88.6223,48.1105],[-88.6228,48.111]]],[[[-88.6424,48.1111],[-88.6334,48.1155],[-88.6513,48.1094],[-88.6424,48.1111]]],[[[-88.6289,48.1136],[-88.6261,48.1142],[-88.6268,48.1137],[-88.6224,48.1156],[-88.622,48.116],[-88.6289,48.1136]]],[[[-88.6558,48.115],[-88.6537,48.1161],[-88.6567,48.1155],[-88.6558,48.115]]],[[[-88.6043,48.1223],[-88.6038,48.1228],[-88.6046,48.1223],[-88.6043,48.1223]]],[[[-88.6427,48.1208],[-88.6351,48.1242],[-88.6333,48.1253],[-88.6351,48.1253],[-88.6343,48.1265],[-88.6379,48.1254],[-88.6448,48.1213],[-88.6425,48.1211],[-88.6429,48.1208],[-88.6426,48.1201],[-88.6413,48.1196],[-88.6427,48.1208]]],[[[-88.6114,48.1237],[-88.6105,48.1236],[-88.6096,48.1241],[-88.6105,48.1243],[-88.6114,48.1237]]],[[[-88.6446,48.1427],[-88.6361,48.1452],[-88.6269,48.1493],[-88.6344,48.1471],[-88.6422,48.1441],[-88.6446,48.1427]]],[[[-88.5908,48.0566],[-88.5879,48.0573],[-88.5852,48.0576],[-88.588,48.0583],[-88.5908,48.0566]]],[[[-88.587,48.0615],[-88.5893,48.0616],[-88.5897,48.0603],[-88.587,48.0615]]],[[[-88.5847,48.0673],[-88.5825,48.0679],[-88.585,48.0684],[-88.5847,48.0673]]],[[[-88.6027,48.1],[-88.5969,48.1018],[-88.5965,48.1022],[-88.5996,48.1017],[-88.6027,48.1]]],[[[-88.5759,48.105],[-88.5778,48.1042],[-88.578,48.1038],[-88.5759,48.105]]],[[[-88.5863,48.1054],[-88.5885,48.1049],[-88.5872,48.1049],[-88.5863,48.1054]]],[[[-88.5848,48.1068],[-88.5847,48.1066],[-88.5847,48.1068],[-88.5848,48.1068]]],[[[-88.5832,48.1069],[-88.5842,48.1073],[-88.5847,48.1068],[-88.5832,48.1069]]],[[[-88.5717,48.1079],[-88.5725,48.1083],[-88.5738,48.1073],[-88.5717,48.1079]]],[[[-88.5913,48.1083],[-88.5915,48.1096],[-88.5935,48.1083],[-88.5913,48.1083]]],[[[-88.5811,48.1076],[-88.5749,48.11],[-88.5733,48.1117],[-88.5811,48.1076]]],[[[-88.5677,48.1106],[-88.5684,48.11],[-88.5673,48.1104],[-88.5677,48.1106]]],[[[-88.589,48.1105],[-88.5877,48.1109],[-88.5851,48.1118],[-88.589,48.1105]]],[[[-88.5725,48.1119],[-88.5724,48.1111],[-88.5716,48.1115],[-88.5725,48.1119]]],[[[-88.5704,48.1119],[-88.5712,48.112],[-88.5713,48.1115],[-88.5704,48.1119]]],[[[-88.5991,48.1151],[-88.5988,48.114],[-88.5978,48.1144],[-88.5978,48.115],[-88.5991,48.1151]]],[[[-88.5632,48.1146],[-88.5648,48.115],[-88.5649,48.1147],[-88.5632,48.1146]]],[[[-88.5637,48.1154],[-88.5625,48.1158],[-88.5626,48.1162],[-88.5632,48.116],[-88.5637,48.1154]],[[-88.5631,48.1158],[-88.5632,48.1159],[-88.5631,48.1159],[-88.5631,48.1158]]],[[[-88.5704,48.1182],[-88.5692,48.1177],[-88.5688,48.1181],[-88.5704,48.1182]]],[[[-88.5511,48.1207],[-88.5535,48.1203],[-88.5535,48.12],[-88.5511,48.1207]]],[[[-88.5598,48.1223],[-88.5612,48.1216],[-88.5617,48.121],[-88.5603,48.1207],[-88.5598,48.1223]]],[[[-88.5825,48.1255],[-88.5845,48.1251],[-88.5845,48.1249],[-88.5825,48.1255]]],[[[-88.5728,48.1253],[-88.5724,48.1258],[-88.5739,48.1253],[-88.5728,48.1253]]],[[[-88.5378,48.1269],[-88.5376,48.1269],[-88.5376,48.127],[-88.5378,48.1269]]],[[[-88.5689,48.1271],[-88.5697,48.1277],[-88.5707,48.1269],[-88.5689,48.1271]]],[[[-88.5943,48.1324],[-88.6002,48.1303],[-88.6,48.1296],[-88.5969,48.1307],[-88.5943,48.1324]],[[-88.5973,48.1309],[-88.5979,48.1305],[-88.5984,48.1305],[-88.5973,48.1309]]],[[[-88.5729,48.1316],[-88.5759,48.1317],[-88.5759,48.1315],[-88.5729,48.1316]]],[[[-88.582,48.1347],[-88.5813,48.1339],[-88.5817,48.1347],[-88.582,48.1347]]],[[[-88.5674,48.1336],[-88.5665,48.1338],[-88.5663,48.1337],[-88.5652,48.1338],[-88.5622,48.135],[-88.5674,48.1336]]],[[[-88.5588,48.1355],[-88.5571,48.1359],[-88.5589,48.1359],[-88.5588,48.1355]]],[[[-88.5696,48.1372],[-88.5757,48.1371],[-88.5779,48.1362],[-88.5759,48.1356],[-88.5696,48.1372]]],[[[-88.5301,48.1347],[-88.5239,48.1387],[-88.531,48.1351],[-88.5301,48.1347]]],[[[-88.5646,48.1395],[-88.5663,48.1398],[-88.5649,48.1391],[-88.5646,48.1395]]],[[[-88.5479,48.1431],[-88.5466,48.1447],[-88.5543,48.1425],[-88.5565,48.1407],[-88.5573,48.141],[-88.5598,48.1409],[-88.5568,48.1406],[-88.5547,48.1408],[-88.5479,48.1431]]],[[[-88.5147,48.1416],[-88.5116,48.1425],[-88.5104,48.1441],[-88.5142,48.1428],[-88.5147,48.1416]]],[[[-88.5466,48.1447],[-88.5461,48.1448],[-88.5461,48.1449],[-88.5466,48.1447]]],[[[-88.5193,48.1461],[-88.5183,48.1471],[-88.5197,48.1464],[-88.5193,48.1461]]],[[[-88.5349,48.1468],[-88.5351,48.1464],[-88.535,48.1464],[-88.5349,48.1468]]],[[[-88.5325,48.1476],[-88.5349,48.1468],[-88.5331,48.1472],[-88.5325,48.1476]]],[[[-88.5345,48.1514],[-88.541,48.1493],[-88.5434,48.1463],[-88.5345,48.1514]]],[[[-88.4755,48.1587],[-88.4735,48.159],[-88.4736,48.1592],[-88.4755,48.1587]]],[[[-88.5219,48.1176],[-88.5217,48.1178],[-88.5222,48.1176],[-88.5219,48.1176]]],[[[-88.422,48.1698],[-88.4221,48.17],[-88.4221,48.1699],[-88.422,48.1698]]]]},{"type":"LineString","coordinates":[[-88.6447,48.1427],[-88.6446,48.1427]]}]},{"type":"MultiLineString","coordinates":[[[-89.1788,47.9353],[-89.1787,47.9353]],[[-89.0099,47.8919],[-89.01,47.8919]],[[-88.7073,47.9989],[-88.7074,47.9989]],[[-88.6628,48.0235],[-88.6629,48.0235]],[[-88.6596,48.0237],[-88.6597,48.0237]],[[-88.6161,48.0392],[-88.6162,48.0392]],[[-88.5752,48.0705],[-88.5753,48.0705]],[[-88.5779,48.0781],[-88.5778,48.0781]],[[-88.4491,48.1632],[-88.4492,48.1632]],[[-88.4542,48.1713],[-88.4543,48.1713]],[[-88.4248,48.1873],[-88.4247,48.1873]],[[-88.522,48.1508],[-88.5221,48.1508]],[[-88.5351,48.1464],[-88.5351,48.1463]],[[-88.4752,48.1721],[-88.4753,48.1721]],[[-88.5145,48.1588],[-88.5146,48.1588]],[[-88.5267,48.1626],[-88.5266,48.1626]],[[-88.6222,48.1342],[-88.6221,48.1342]],[[-88.6521,48.1241],[-88.6522,48.1241]],[[-88.7124,48.0833],[-88.7125,48.0833]],[[-89.2618,47.8692],[-89.2619,47.8692]],[[-89.2616,47.8687],[-89.2617,47.8687]],[[-89.2341,47.8758],[-89.2342,47.8758]],[[-88.8177,47.9232],[-88.8176,47.9232]],[[-88.8328,47.9691],[-88.8327,47.9691]],[[-88.6393,48.1457],[-88.6389,48.1457]],[[-88.5984,48.1586],[-88.5985,48.1586]],[[-88.624,48.1515],[-88.6239,48.1515]],[[-88.5668,48.0938],[-88.5667,48.0938]],[[-88.5667,48.0938],[-88.5666,48.0938]],[[-88.5013,48.1599],[-88.5012,48.1599]],[[-88.4282,48.1763],[-88.4283,48.1763]],[[-88.6221,48.1377],[-88.622,48.1377]],[[-88.3545,48.2343],[-88.3544,48.2343]],[[-89.0794,47.8709],[-89.0793,47.8709]],[[-89.1987,47.8851],[-89.1986,47.8851]],[[-89.1982,47.8855],[-89.1981,47.8855]],[[-89.199,47.885],[-89.1991,47.885]],[[-89.1989,47.8847],[-89.1989,47.8848]],[[-89.1723,47.8915],[-89.1724,47.8915]],[[-89.1703,47.8933],[-89.1704,47.8933]],[[-89.1619,47.8978],[-89.1618,47.8978]],[[-89.0045,47.9046],[-89.0045,47.9045]],[[-89.0046,47.9043],[-89.0046,47.9042]],[[-89.005,47.9049],[-89.0051,47.9049]],[[-89.0103,47.9047],[-89.0103,47.9048]],[[-89.2152,47.91],[-89.2151,47.91]],[[-89.1449,47.9324],[-89.145,47.9324]],[[-89.0985,47.937],[-89.0984,47.937]],[[-89.1008,47.9372],[-89.1009,47.9372]],[[-88.9609,47.8899],[-88.9608,47.8899]],[[-88.8765,47.9722],[-88.8766,47.9722]],[[-88.998,47.9883],[-88.9981,47.9883]],[[-88.7627,48.0039],[-88.7628,48.0039]],[[-88.8392,48.0003],[-88.8393,48.0003]],[[-88.8366,48.0],[-88.8365,48.0]],[[-88.792,48.0288],[-88.7921,48.0288]],[[-88.6992,48.0032],[-88.6991,48.0032]],[[-88.7032,48.0177],[-88.7031,48.0177]],[[-88.7031,48.0177],[-88.703,48.0177]],[[-88.7071,48.0197],[-88.707,48.0197]],[[-88.6903,48.02],[-88.6903,48.0199]],[[-88.6605,48.0441],[-88.6606,48.0441]],[[-88.6486,48.0508],[-88.6487,48.0508]],[[-88.6519,48.0538],[-88.652,48.0538]],[[-88.6027,48.1],[-88.6028,48.1]],[[-88.606,48.1024],[-88.6061,48.1024]],[[-88.599,48.1147],[-88.5991,48.1147]],[[-88.5631,48.1159],[-88.563,48.1159]],[[-88.563,48.1159],[-88.5629,48.1159]],[[-88.5632,48.116],[-88.5633,48.116]],[[-88.5674,48.1336],[-88.5675,48.1336]],[[-88.5825,48.1337],[-88.5824,48.1337]],[[-88.5571,48.1358],[-88.557,48.1358]]]}]},"properties":{"name":"Water","overview_class":"Water","source_class_count":1,"source_classes":"Water","description":"Broad visitor-facing class derived from the 2000 NPS vegetation inventory; not current vegetation conditions."}},{"type":"Feature","geometry":{"type":"GeometryCollection","geometries":[{"type":"LineString","coordinates":[[-89.1987,47.8597],[-89.1987,47.8598]]},{"type":"LineString","coordinates":[[-89.1794,47.9104],[-89.1794,47.9103]]},{"type":"LineString","coordinates":[[-89.1724,47.8288],[-89.1724,47.8289]]},{"type":"LineString","coordinates":[[-89.0842,47.8696],[-89.0841,47.8696]]},{"type":"LineString","coordinates":[[-89.0631,47.8942],[-89.063,47.8942]]},{"type":"LineString","coordinates":[[-89.1253,47.9218],[-89.1252,47.9218]]},{"type":"LineString","coordinates":[[-89.1032,47.9402],[-89.1031,47.9402]]},{"type":"LineString","coordinates":[[-89.0678,47.8674],[-89.0678,47.8673]]},{"type":"LineString","coordinates":[[-89.0829,47.9676],[-89.083,47.9676]]},{"type":"LineString","coordinates":[[-89.045,47.8645],[-89.0451,47.8645]]},{"type":"LineString","coordinates":[[-89.0568,47.9525],[-89.0569,47.9525]]},{"type":"LineString","coordinates":[[-89.0225,47.8687],[-89.0224,47.8687]]},{"type":"LineString","coordinates":[[-89.0082,47.9308],[-89.0083,47.9308]]},{"type":"LineString","coordinates":[[-88.988,47.8738],[-88.9881,47.8738]]},{"type":"LineString","coordinates":[[-88.9755,47.9222],[-88.9754,47.9222]]},{"type":"LineString","coordinates":[[-88.9823,47.9832],[-88.9824,47.9832]]},{"type":"LineString","coordinates":[[-88.9954,47.9886],[-88.9953,47.9886]]},{"type":"LineString","coordinates":[[-88.9542,48.0013],[-88.9541,48.0013]]},{"type":"LineString","coordinates":[[-88.9906,47.9957],[-88.9907,47.9957]]},{"type":"LineString","coordinates":[[-88.9127,47.9793],[-88.9126,47.9793]]},{"type":"LineString","coordinates":[[-88.8958,47.9542],[-88.8959,47.9542]]},{"type":"LineString","coordinates":[[-88.8828,47.9726],[-88.8827,47.9726]]},{"type":"LineString","coordinates":[[-88.8768,48.0184],[-88.8768,48.0183]]},{"type":"LineString","coordinates":[[-88.8888,48.0213],[-88.8887,48.0213]]},{"type":"LineString","coordinates":[[-88.7658,47.9882],[-88.7659,47.9882]]},{"type":"LineString","coordinates":[[-88.7544,48.0039],[-88.7546,48.0039]]},{"type":"LineString","coordinates":[[-88.7674,48.0678],[-88.7673,48.0678]]},{"type":"LineString","coordinates":[[-88.7467,47.9944],[-88.7468,47.9944]]},{"type":"LineString","coordinates":[[-88.7123,47.9999],[-88.7124,47.9999]]},{"type":"LineString","coordinates":[[-88.7205,47.9961],[-88.7206,47.9961]]},{"type":"LineString","coordinates":[[-88.7206,47.9961],[-88.7207,47.9961]]},{"type":"LineString","coordinates":[[-88.7322,48.0038],[-88.7323,48.0038]]},{"type":"LineString","coordinates":[[-88.7327,48.0143],[-88.7328,48.0144]]},{"type":"LineString","coordinates":[[-88.7241,48.0206],[-88.724,48.0206]]},{"type":"LineString","coordinates":[[-88.7191,48.0543],[-88.719,48.0543]]},{"type":"LineString","coordinates":[[-88.7274,48.0901],[-88.7275,48.0901]]},{"type":"LineString","coordinates":[[-88.6905,48.0291],[-88.6904,48.0291]]},{"type":"LineString","coordinates":[[-88.6765,48.1137],[-88.6764,48.1137]]},{"type":"LineString","coordinates":[[-88.6757,48.1156],[-88.6757,48.1157]]},{"type":"LineString","coordinates":[[-88.6605,48.0475],[-88.6604,48.0475]]},{"type":"LineString","coordinates":[[-88.658,48.1175],[-88.6581,48.1175]]},{"type":"LineString","coordinates":[[-88.6424,48.1243],[-88.6422,48.1244]]},{"type":"LineString","coordinates":[[-88.6072,48.0751],[-88.6073,48.0751]]},{"type":"LineString","coordinates":[[-88.5977,48.0753],[-88.5978,48.0753]]},{"type":"LineString","coordinates":[[-88.5977,48.1287],[-88.5976,48.1288]]},{"type":"LineString","coordinates":[[-88.5288,48.1155],[-88.5287,48.1156]]},{"type":"LineString","coordinates":[[-88.56,48.1376],[-88.5599,48.1376]]},{"type":"LineString","coordinates":[[-88.5599,48.1376],[-88.5598,48.1376]]},{"type":"LineString","coordinates":[[-88.576,48.144],[-88.5759,48.144]]},{"type":"LineString","coordinates":[[-88.5893,48.152],[-88.5894,48.152]]},{"type":"LineString","coordinates":[[-88.5255,48.1555],[-88.5254,48.1556]]},{"type":"LineString","coordinates":[[-89.1619,47.8255],[-89.1618,47.8255]]},{"type":"LineString","coordinates":[[-89.1913,47.855],[-89.1914,47.855]]},{"type":"LineString","coordinates":[[-89.1507,47.9169],[-89.1506,47.9169]]},{"type":"LineString","coordinates":[[-89.1527,47.917],[-89.1528,47.917]]},{"type":"LineString","coordinates":[[-89.1243,47.8309],[-89.1244,47.8309]]},{"type":"LineString","coordinates":[[-89.0921,47.8851],[-89.092,47.8851]]},{"type":"LineString","coordinates":[[-89.0528,47.9065],[-89.0528,47.9064]]},{"type":"LineString","coordinates":[[-89.1509,47.9191],[-89.1509,47.919]]},{"type":"LineString","coordinates":[[-89.0214,47.9283],[-89.0213,47.9283]]},{"type":"LineString","coordinates":[[-89.0034,47.9585],[-89.0033,47.9585]]},{"type":"LineString","coordinates":[[-88.9018,47.9848],[-88.9018,47.9849]]},{"type":"LineString","coordinates":[[-88.911,47.9957],[-88.9109,47.9957]]},{"type":"LineString","coordinates":[[-88.8985,48.0109],[-88.8986,48.0109]]},{"type":"LineString","coordinates":[[-88.9123,48.0234],[-88.9122,48.0234]]},{"type":"LineString","coordinates":[[-88.8513,48.0065],[-88.8512,48.0065]]},{"type":"LineString","coordinates":[[-88.8395,48.0162],[-88.8396,48.0162]]},{"type":"LineString","coordinates":[[-88.8755,48.0369],[-88.8753,48.037]]},{"type":"LineString","coordinates":[[-88.8753,48.037],[-88.8752,48.037]]},{"type":"LineString","coordinates":[[-88.8376,48.0367],[-88.8377,48.0367]]},{"type":"LineString","coordinates":[[-88.8012,48.0396],[-88.8013,48.0396]]},{"type":"LineString","coordinates":[[-88.8177,48.0495],[-88.8176,48.0495]]},{"type":"LineString","coordinates":[[-88.7785,48.0552],[-88.7784,48.0552]]},{"type":"LineString","coordinates":[[-88.7197,48.0207],[-88.7196,48.0207]]},{"type":"LineString","coordinates":[[-88.7082,48.1014],[-88.7081,48.1014]]},{"type":"LineString","coordinates":[[-88.641,48.0317],[-88.6409,48.0317]]},{"type":"LineString","coordinates":[[-88.6677,48.0352],[-88.6676,48.0352]]},{"type":"LineString","coordinates":[[-88.6373,48.04],[-88.6374,48.04]]},{"type":"LineString","coordinates":[[-88.6374,48.04],[-88.6375,48.04]]},{"type":"LineString","coordinates":[[-88.566,48.0962],[-88.5659,48.0962]]},{"type":"LineString","coordinates":[[-88.5733,48.1117],[-88.5734,48.1117]]},{"type":"LineString","coordinates":[[-88.5857,48.1121],[-88.5858,48.1121]]},{"type":"LineString","coordinates":[[-88.604,48.119],[-88.6041,48.119]]},{"type":"LineString","coordinates":[[-88.6041,48.119],[-88.6042,48.119]]},{"type":"LineString","coordinates":[[-88.54,48.1427],[-88.5399,48.1427]]},{"type":"LineString","coordinates":[[-89.199,47.885],[-89.1991,47.885]]},{"type":"LineString","coordinates":[[-88.9905,47.874],[-88.9904,47.874]]},{"type":"LineString","coordinates":[[-88.9335,47.8861],[-88.9336,47.8861]]},{"type":"LineString","coordinates":[[-88.934,47.8861],[-88.9339,47.8861]]},{"type":"LineString","coordinates":[[-88.9437,47.9364],[-88.9437,47.9363]]},{"type":"LineString","coordinates":[[-88.9043,48.0169],[-88.9042,48.0169]]},{"type":"LineString","coordinates":[[-88.9061,48.0244],[-88.9061,48.0245]]},{"type":"LineString","coordinates":[[-88.8508,47.9693],[-88.8506,47.9693]]},{"type":"LineString","coordinates":[[-88.7406,48.0558],[-88.7407,48.0558]]},{"type":"LineString","coordinates":[[-88.7126,48.0753],[-88.7125,48.0753]]},{"type":"LineString","coordinates":[[-88.7645,48.0824],[-88.7644,48.0824]]},{"type":"LineString","coordinates":[[-88.7032,48.0177],[-88.7031,48.0177]]},{"type":"LineString","coordinates":[[-88.7031,48.0177],[-88.703,48.0177]]},{"type":"LineString","coordinates":[[-88.7062,48.0178],[-88.7063,48.0178]]},{"type":"LineString","coordinates":[[-88.6596,48.0237],[-88.6597,48.0237]]},{"type":"LineString","coordinates":[[-88.6641,48.0304],[-88.664,48.0304]]},{"type":"LineString","coordinates":[[-88.6632,48.0351],[-88.6631,48.0351]]},{"type":"LineString","coordinates":[[-88.6718,48.0783],[-88.6717,48.0783]]},{"type":"LineString","coordinates":[[-88.702,48.0899],[-88.7021,48.0899]]},{"type":"LineString","coordinates":[[-88.699,48.1006],[-88.6989,48.1006]]},{"type":"LineString","coordinates":[[-88.6701,48.1104],[-88.6702,48.1104]]},{"type":"LineString","coordinates":[[-88.6463,48.0499],[-88.6463,48.0498]]},{"type":"LineString","coordinates":[[-88.6486,48.0508],[-88.6487,48.0508]]},{"type":"LineString","coordinates":[[-88.6523,48.0522],[-88.6524,48.0522]]},{"type":"LineString","coordinates":[[-88.6509,48.0537],[-88.6507,48.0537]]},{"type":"LineString","coordinates":[[-88.6096,48.1004],[-88.6097,48.1004]]},{"type":"LineString","coordinates":[[-88.5913,48.1083],[-88.5914,48.1083]]},{"type":"LineString","coordinates":[[-88.5981,48.1179],[-88.598,48.1179]]},{"type":"LineString","coordinates":[[-88.5521,48.1202],[-88.5521,48.1203]]},{"type":"LineString","coordinates":[[-88.5825,48.1337],[-88.5824,48.1337]]},{"type":"LineString","coordinates":[[-88.576,48.1369],[-88.5759,48.1369]]},{"type":"LineString","coordinates":[[-88.5929,48.141],[-88.593,48.141]]},{"type":"LineString","coordinates":[[-88.5469,48.1434],[-88.547,48.1434]]},{"type":"LineString","coordinates":[[-88.5463,48.1447],[-88.5464,48.1447]]},{"type":"LineString","coordinates":[[-88.6277,48.0968],[-88.6277,48.0967]]},{"type":"LineString","coordinates":[[-89.0572,47.8675],[-89.0571,47.8675]]},{"type":"LineString","coordinates":[[-89.0571,47.8675],[-89.057,47.8675]]},{"type":"LineString","coordinates":[[-89.095,47.8885],[-89.0951,47.8885]]},{"type":"LineString","coordinates":[[-89.0586,47.965],[-89.0587,47.9649]]},{"type":"LineString","coordinates":[[-89.0294,47.9005],[-89.0293,47.9005]]},{"type":"LineString","coordinates":[[-89.0012,47.943],[-89.0012,47.9431]]},{"type":"LineString","coordinates":[[-89.0332,47.9844],[-89.0331,47.9844]]},{"type":"LineString","coordinates":[[-88.9766,47.9991],[-88.9765,47.9991]]},{"type":"LineString","coordinates":[[-88.9249,48.007],[-88.925,48.007]]},{"type":"LineString","coordinates":[[-88.7907,48.0599],[-88.7908,48.0599]]},{"type":"LineString","coordinates":[[-88.7449,48.0798],[-88.745,48.0798]]},{"type":"LineString","coordinates":[[-88.7427,48.0899],[-88.7429,48.0899]]},{"type":"LineString","coordinates":[[-88.6945,48.0472],[-88.6945,48.0473]]},{"type":"LineString","coordinates":[[-88.7013,48.0619],[-88.7014,48.0619]]},{"type":"LineString","coordinates":[[-88.6793,48.1098],[-88.6792,48.1098]]},{"type":"LineString","coordinates":[[-88.6105,48.0568],[-88.6106,48.0568]]},{"type":"LineString","coordinates":[[-88.619,48.0981],[-88.6189,48.0981]]},{"type":"LineString","coordinates":[[-88.6238,48.111],[-88.6237,48.111]]},{"type":"LineString","coordinates":[[-88.5631,48.1159],[-88.563,48.1159]]},{"type":"LineString","coordinates":[[-88.563,48.1159],[-88.5629,48.1159]]},{"type":"LineString","coordinates":[[-88.5712,48.137],[-88.5713,48.137]]},{"type":"LineString","coordinates":[[-88.5272,48.1456],[-88.5271,48.1456]]},{"type":"LineString","coordinates":[[-89.1166,47.8959],[-89.1165,47.8959]]},{"type":"LineString","coordinates":[[-88.9277,47.9761],[-88.9277,47.9762]]},{"type":"LineString","coordinates":[[-88.9343,47.9799],[-88.9344,47.9799]]},{"type":"LineString","coordinates":[[-88.8808,47.9941],[-88.8808,47.9942]]},{"type":"LineString","coordinates":[[-88.9021,47.9948],[-88.902,47.9948]]},{"type":"LineString","coordinates":[[-88.862,48.0322],[-88.8621,48.0322]]},{"type":"LineString","coordinates":[[-88.735,48.006],[-88.7349,48.006]]},{"type":"LineString","coordinates":[[-88.8233,48.0228],[-88.8233,48.0229]]},{"type":"LineString","coordinates":[[-88.7205,48.0132],[-88.7206,48.0132]]},{"type":"LineString","coordinates":[[-88.6712,48.041],[-88.6712,48.0411]]},{"type":"LineString","coordinates":[[-88.646,48.062],[-88.6459,48.062]]},{"type":"LineString","coordinates":[[-88.5977,48.1326],[-88.5976,48.1326]]},{"type":"Polygon","coordinates":[[[-89.1728,47.8288],[-89.172,47.8286],[-89.171,47.8291],[-89.1711,47.8303],[-89.1689,47.8289],[-89.1683,47.83],[-89.1694,47.8305],[-89.166,47.8303],[-89.1662,47.8312],[-89.1622,47.8318],[-89.1591,47.8299],[-89.1642,47.8282],[-89.1611,47.8269],[-89.1621,47.8249],[-89.1639,47.8245],[-89.1695,47.8253],[-89.1728,47.8288]]]},{"type":"Polygon","coordinates":[[[-89.1494,47.8266],[-89.1567,47.8277],[-89.1575,47.829],[-89.1546,47.8305],[-89.1495,47.8297],[-89.1518,47.8293],[-89.1495,47.8289],[-89.1505,47.8274],[-89.1494,47.8266]]]},{"type":"Polygon","coordinates":[[[-89.1579,47.8338],[-89.1619,47.8354],[-89.1589,47.8366],[-89.1593,47.8356],[-89.1567,47.8362],[-89.1583,47.8356],[-89.1581,47.8342],[-89.1555,47.836],[-89.154,47.8346],[-89.1579,47.8338]]]},{"type":"Polygon","coordinates":[[[-89.1431,47.835],[-89.1478,47.8345],[-89.1488,47.8346],[-89.1458,47.8352],[-89.1447,47.8369],[-89.143,47.8368],[-89.145,47.8363],[-89.1431,47.835]]]},{"type":"Polygon","coordinates":[[[-89.1835,47.8355],[-89.1832,47.8384],[-89.1861,47.8385],[-89.1864,47.8354],[-89.1901,47.8343],[-89.1871,47.8361],[-89.1884,47.8372],[-89.1908,47.8366],[-89.192,47.8387],[-89.1926,47.8438],[-89.1946,47.8447],[-89.1911,47.8449],[-89.1907,47.8459],[-89.194,47.8474],[-89.1954,47.8456],[-89.2003,47.8503],[-89.2049,47.8516],[-89.1996,47.8516],[-89.2006,47.8508],[-89.1994,47.8503],[-89.1975,47.853],[-89.1934,47.8539],[-89.1849,47.8448],[-89.1874,47.843],[-89.1908,47.8433],[-89.1921,47.842],[-89.1878,47.8426],[-89.181,47.845],[-89.1815,47.8473],[-89.1792,47.8486],[-89.18,47.8473],[-89.1758,47.8479],[-89.1746,47.8462],[-89.1792,47.8466],[-89.1794,47.8447],[-89.1857,47.8429],[-89.1839,47.842],[-89.1844,47.8409],[-89.1859,47.8408],[-89.1861,47.8425],[-89.1912,47.8414],[-89.1908,47.8394],[-89.1831,47.8388],[-89.1827,47.8375],[-89.1813,47.8394],[-89.1816,47.8416],[-89.1804,47.8431],[-89.1809,47.8418],[-89.1796,47.8409],[-89.1707,47.8416],[-89.1693,47.8405],[-89.1704,47.8394],[-89.1682,47.8406],[-89.1611,47.84],[-89.1629,47.8414],[-89.1641,47.8415],[-89.1651,47.8423],[-89.1597,47.8403],[-89.1552,47.8407],[-89.154,47.8428],[-89.1532,47.8421],[-89.1544,47.8396],[-89.1534,47.8394],[-89.1522,47.8416],[-89.1482,47.8399],[-89.1443,47.8406],[-89.1418,47.8396],[-89.1373,47.8404],[-89.137,47.8394],[-89.1333,47.8408],[-89.1296,47.8398],[-89.1307,47.8375],[-89.1226,47.8381],[-89.121,47.8395],[-89.122,47.8403],[-89.1191,47.8404],[-89.1231,47.8371],[-89.1229,47.8361],[-89.1244,47.8373],[-89.1264,47.8364],[-89.1252,47.8358],[-89.1307,47.8363],[-89.1348,47.8356],[-89.1355,47.8342],[-89.1451,47.8386],[-89.1479,47.8374],[-89.1559,47.8386],[-89.159,47.8378],[-89.1622,47.8393],[-89.1639,47.8382],[-89.1628,47.8377],[-89.1657,47.8368],[-89.1645,47.8395],[-89.1705,47.8374],[-89.1751,47.8399],[-89.1769,47.8398],[-89.1782,47.8376],[-89.1814,47.8374],[-89.1803,47.8356],[-89.1835,47.8355]],[[-89.1895,47.838],[-89.1906,47.839],[-89.1905,47.8385],[-89.1895,47.838]],[[-89.1708,47.8407],[-89.1739,47.8407],[-89.1742,47.8403],[-89.1713,47.8394],[-89.1708,47.8407]],[[-89.1976,47.8527],[-89.1905,47.8467],[-89.1899,47.8436],[-89.1872,47.8436],[-89.1903,47.8479],[-89.1976,47.8527]],[[-89.1364,47.8373],[-89.1319,47.8367],[-89.1341,47.8372],[-89.1355,47.838],[-89.1364,47.8373]],[[-89.1331,47.8376],[-89.1349,47.8384],[-89.1352,47.838],[-89.1331,47.8376]]]},{"type":"Polygon","coordinates":[[[-89.1686,47.8457],[-89.1698,47.844],[-89.17,47.844],[-89.1686,47.8457]]]},{"type":"Polygon","coordinates":[[[-89.1579,47.8479],[-89.158,47.847],[-89.1545,47.8463],[-89.1592,47.8468],[-89.1579,47.8479]]]},{"type":"Polygon","coordinates":[[[-89.1739,47.8489],[-89.1713,47.8485],[-89.171,47.8479],[-89.1735,47.8481],[-89.1739,47.8489]]]},{"type":"Polygon","coordinates":[[[-89.1536,47.8528],[-89.1611,47.8479],[-89.1625,47.8492],[-89.1606,47.8496],[-89.1616,47.85],[-89.1607,47.8506],[-89.1638,47.8503],[-89.1525,47.8535],[-89.1427,47.8538],[-89.146,47.853],[-89.1346,47.8518],[-89.1328,47.8525],[-89.1372,47.8527],[-89.123,47.8542],[-89.1326,47.8517],[-89.1288,47.8511],[-89.1304,47.8503],[-89.1379,47.8506],[-89.1354,47.8509],[-89.1337,47.8517],[-89.1456,47.8521],[-89.1479,47.8532],[-89.1523,47.8514],[-89.1536,47.8528]],[[-89.1334,47.8508],[-89.1314,47.8507],[-89.1337,47.8512],[-89.1334,47.8508]]]},{"type":"Polygon","coordinates":[[[-89.1887,47.8545],[-89.1878,47.8552],[-89.1883,47.8542],[-89.1887,47.8545]]]},{"type":"Polygon","coordinates":[[[-89.191,47.8551],[-89.1896,47.8553],[-89.1893,47.8547],[-89.1899,47.8544],[-89.191,47.8551]]]},{"type":"Polygon","coordinates":[[[-89.1955,47.8558],[-89.1954,47.8548],[-89.1963,47.8558],[-89.1955,47.8558]]]},{"type":"Polygon","coordinates":[[[-89.2108,47.855],[-89.211,47.8562],[-89.2106,47.8563],[-89.2099,47.8559],[-89.2108,47.855]]]},{"type":"Polygon","coordinates":[[[-89.2014,47.8568],[-89.201,47.8569],[-89.2015,47.8543],[-89.2014,47.8568]]]},{"type":"Polygon","coordinates":[[[-89.2188,47.8565],[-89.2185,47.8575],[-89.2186,47.8566],[-89.2128,47.8552],[-89.2158,47.8555],[-89.2188,47.8565]]]},{"type":"Polygon","coordinates":[[[-89.2033,47.8566],[-89.2069,47.8555],[-89.2052,47.8564],[-89.2063,47.8577],[-89.2056,47.8583],[-89.2033,47.8566]]]},{"type":"Polygon","coordinates":[[[-89.1764,47.8572],[-89.1762,47.8567],[-89.1771,47.8571],[-89.1764,47.8572]]]},{"type":"Polygon","coordinates":[[[-89.2241,47.8579],[-89.224,47.857],[-89.2254,47.8564],[-89.2245,47.8571],[-89.2241,47.8579]]]},{"type":"Polygon","coordinates":[[[-89.1995,47.86],[-89.1982,47.8594],[-89.1982,47.8583],[-89.2014,47.8597],[-89.2005,47.8608],[-89.1995,47.86]]]},{"type":"Polygon","coordinates":[[[-89.2221,47.8601],[-89.2216,47.8608],[-89.2156,47.8625],[-89.2192,47.8596],[-89.2221,47.8601]]]},{"type":"Polygon","coordinates":[[[-89.1968,47.8593],[-89.1913,47.859],[-89.1894,47.8598],[-89.1908,47.8589],[-89.1969,47.8585],[-89.1973,47.8595],[-89.1957,47.8608],[-89.2014,47.8623],[-89.1977,47.8632],[-89.1958,47.8619],[-89.1964,47.8612],[-89.1928,47.8644],[-89.1943,47.8626],[-89.1946,47.8605],[-89.1968,47.8593]]]},{"type":"Polygon","coordinates":[[[-89.2236,47.862],[-89.2239,47.8611],[-89.2246,47.8613],[-89.2236,47.862]]]},{"type":"Polygon","coordinates":[[[-89.2086,47.8614],[-89.2103,47.8618],[-89.2132,47.8606],[-89.2125,47.8618],[-89.2095,47.8622],[-89.2085,47.8617],[-89.2082,47.8629],[-89.2076,47.8622],[-89.2086,47.8614]]]},{"type":"Polygon","coordinates":[[[-89.1936,47.8608],[-89.1938,47.8624],[-89.1921,47.8642],[-89.1916,47.8605],[-89.1936,47.8608]]]},{"type":"Polygon","coordinates":[[[-89.1879,47.8631],[-89.1912,47.8614],[-89.1909,47.8634],[-89.1879,47.8631]]]},{"type":"Polygon","coordinates":[[[-89.1905,47.8648],[-89.1877,47.8647],[-89.1911,47.8639],[-89.1905,47.8648]]]},{"type":"Polygon","coordinates":[[[-89.184,47.8666],[-89.1832,47.8665],[-89.1834,47.8648],[-89.1803,47.8629],[-89.1769,47.863],[-89.1762,47.8627],[-89.1809,47.862],[-89.1801,47.8626],[-89.1857,47.8634],[-89.1854,47.8656],[-89.1834,47.8643],[-89.184,47.8666]]]},{"type":"Polygon","coordinates":[[[-89.1635,47.865],[-89.1611,47.8631],[-89.1645,47.8632],[-89.1652,47.8646],[-89.1678,47.8652],[-89.1652,47.8668],[-89.1586,47.8663],[-89.1635,47.865]]]},{"type":"Polygon","coordinates":[[[-89.2222,47.862],[-89.2222,47.8637],[-89.2235,47.8642],[-89.2217,47.8653],[-89.2214,47.8671],[-89.2206,47.866],[-89.2188,47.868],[-89.2195,47.8668],[-89.2136,47.8658],[-89.2144,47.8638],[-89.2222,47.862]],[[-89.2187,47.8633],[-89.2176,47.8642],[-89.2191,47.864],[-89.2187,47.8633]],[[-89.2184,47.8659],[-89.2194,47.8665],[-89.2195,47.8665],[-89.2193,47.8658],[-89.2184,47.8659]]]},{"type":"Polygon","coordinates":[[[-89.1809,47.8655],[-89.178,47.8654],[-89.1803,47.8651],[-89.1809,47.8655]]]},{"type":"Polygon","coordinates":[[[-89.182,47.868],[-89.1808,47.8677],[-89.1803,47.8671],[-89.1816,47.8664],[-89.182,47.868]]]},{"type":"Polygon","coordinates":[[[-89.1548,47.87],[-89.1544,47.8689],[-89.1546,47.8687],[-89.1548,47.87]]]},{"type":"Polygon","coordinates":[[[-89.1477,47.8703],[-89.1455,47.87],[-89.148,47.8701],[-89.1477,47.8703]]]},{"type":"Polygon","coordinates":[[[-89.1438,47.8702],[-89.1423,47.87],[-89.1439,47.87],[-89.1438,47.8702]]]},{"type":"Polygon","coordinates":[[[-89.1892,47.8702],[-89.1931,47.8699],[-89.1886,47.8709],[-89.1892,47.8702]]]},{"type":"Polygon","coordinates":[[[-89.2604,47.871],[-89.2593,47.871],[-89.2604,47.8709],[-89.2604,47.871]]]},{"type":"Polygon","coordinates":[[[-89.2522,47.8732],[-89.253,47.8735],[-89.2522,47.8735],[-89.2522,47.8732]]]},{"type":"Polygon","coordinates":[[[-89.2495,47.8729],[-89.2512,47.8754],[-89.2501,47.8763],[-89.2458,47.8769],[-89.2448,47.8759],[-89.2505,47.8754],[-89.2482,47.8738],[-89.246,47.8741],[-89.2472,47.8722],[-89.2485,47.8734],[-89.2488,47.872],[-89.2593,47.8711],[-89.2495,47.8729]]]},{"type":"Polygon","coordinates":[[[-89.2351,47.8751],[-89.2335,47.8756],[-89.2331,47.8754],[-89.2341,47.8749],[-89.2351,47.8751]]]},{"type":"Polygon","coordinates":[[[-89.1519,47.8765],[-89.1501,47.8761],[-89.1496,47.8745],[-89.1527,47.8751],[-89.1519,47.8765]]]},{"type":"Polygon","coordinates":[[[-89.2431,47.8752],[-89.2421,47.8757],[-89.2421,47.8754],[-89.2431,47.8752]]]},{"type":"Polygon","coordinates":[[[-89.2372,47.875],[-89.2389,47.8745],[-89.2402,47.8758],[-89.2365,47.877],[-89.2372,47.875]]]},{"type":"Polygon","coordinates":[[[-89.197,47.8755],[-89.1908,47.8781],[-89.1906,47.8792],[-89.1792,47.8808],[-89.197,47.8755]]]},{"type":"Polygon","coordinates":[[[-89.1761,47.8783],[-89.1725,47.8796],[-89.1709,47.8791],[-89.1761,47.8783]]]},{"type":"Polygon","coordinates":[[[-89.2026,47.8784],[-89.1975,47.88],[-89.1968,47.8794],[-89.2026,47.8784]]]},{"type":"Polygon","coordinates":[[[-89.152,47.8838],[-89.1352,47.8839],[-89.1323,47.8834],[-89.1441,47.8831],[-89.1506,47.8833],[-89.152,47.8838]]]},{"type":"Polygon","coordinates":[[[-89.1946,47.8837],[-89.2015,47.881],[-89.2002,47.8847],[-89.1991,47.8841],[-89.1987,47.8851],[-89.2005,47.8853],[-89.2004,47.8844],[-89.2029,47.8861],[-89.1998,47.8887],[-89.1986,47.8876],[-89.2004,47.8864],[-89.1888,47.8856],[-89.1882,47.8845],[-89.1872,47.886],[-89.1892,47.8889],[-89.1784,47.8903],[-89.1813,47.8866],[-89.187,47.8845],[-89.1886,47.8843],[-89.189,47.8855],[-89.1974,47.8859],[-89.1969,47.8833],[-89.1949,47.8851],[-89.1902,47.8842],[-89.1946,47.8808],[-89.1978,47.8813],[-89.1946,47.8837]],[[-89.1908,47.8843],[-89.192,47.8841],[-89.192,47.8839],[-89.1911,47.8839],[-89.1908,47.8843]],[[-89.1982,47.8854],[-89.1985,47.8854],[-89.1986,47.8851],[-89.1982,47.8854]]]},{"type":"Polygon","coordinates":[[[-89.1572,47.8868],[-89.1579,47.8872],[-89.1572,47.8873],[-89.1572,47.8868]]]},{"type":"Polygon","coordinates":[[[-89.1915,47.8874],[-89.1942,47.8869],[-89.1913,47.8882],[-89.1915,47.8874]]]},{"type":"Polygon","coordinates":[[[-89.1507,47.8872],[-89.1442,47.8883],[-89.1437,47.8879],[-89.1461,47.8866],[-89.1507,47.8872]]]},{"type":"Polygon","coordinates":[[[-89.2117,47.8877],[-89.2087,47.8896],[-89.2052,47.8903],[-89.2104,47.8885],[-89.2111,47.8871],[-89.2117,47.8877]]]},{"type":"Polygon","coordinates":[[[-89.1585,47.8905],[-89.1595,47.8913],[-89.157,47.8911],[-89.1653,47.8863],[-89.1688,47.8872],[-89.1585,47.8905]]]},{"type":"Polygon","coordinates":[[[-89.1976,47.8884],[-89.1987,47.8884],[-89.1992,47.8891],[-89.1983,47.8893],[-89.1976,47.8884]]]},{"type":"Polygon","coordinates":[[[-89.1952,47.8913],[-89.1927,47.8909],[-89.1967,47.89],[-89.1952,47.8913]]]},{"type":"Polygon","coordinates":[[[-89.2317,47.891],[-89.2335,47.8904],[-89.2338,47.8906],[-89.2317,47.891]]]},{"type":"Polygon","coordinates":[[[-89.1417,47.8913],[-89.1474,47.8913],[-89.1401,47.8928],[-89.1417,47.8913]]]},{"type":"Polygon","coordinates":[[[-89.1537,47.8932],[-89.1515,47.893],[-89.1548,47.8923],[-89.1537,47.8932]]]},{"type":"Polygon","coordinates":[[[-89.1951,47.8922],[-89.2025,47.89],[-89.203,47.8911],[-89.1897,47.8958],[-89.1951,47.8922]],[[-89.2001,47.8912],[-89.2019,47.8914],[-89.2019,47.8912],[-89.2001,47.8912]]]},{"type":"Polygon","coordinates":[[[-89.2335,47.893],[-89.2316,47.8938],[-89.2314,47.8934],[-89.2335,47.893]]]},{"type":"Polygon","coordinates":[[[-89.146,47.8949],[-89.1492,47.8933],[-89.149,47.8943],[-89.1507,47.8948],[-89.146,47.8949]]]},{"type":"Polygon","coordinates":[[[-89.2265,47.895],[-89.2293,47.8936],[-89.2308,47.8938],[-89.2273,47.8951],[-89.2265,47.895]]]},{"type":"Polygon","coordinates":[[[-89.1385,47.8956],[-89.1395,47.8957],[-89.1402,47.8955],[-89.1391,47.8964],[-89.1385,47.8956]]]},{"type":"Polygon","coordinates":[[[-89.2038,47.9],[-89.2046,47.9],[-89.2027,47.9004],[-89.2038,47.9]]]},{"type":"Polygon","coordinates":[[[-89.2061,47.9009],[-89.2151,47.8989],[-89.2005,47.9037],[-89.2061,47.9009]]]},{"type":"Polygon","coordinates":[[[-89.1796,47.8872],[-89.1765,47.891],[-89.1779,47.8921],[-89.1775,47.891],[-89.1779,47.8907],[-89.1785,47.8921],[-89.1776,47.8925],[-89.1759,47.8907],[-89.1731,47.891],[-89.1732,47.8901],[-89.1751,47.8891],[-89.175,47.889],[-89.173,47.8901],[-89.1731,47.8913],[-89.1736,47.8917],[-89.1724,47.8915],[-89.1725,47.8916],[-89.1736,47.8919],[-89.1759,47.8913],[-89.1765,47.8926],[-89.1732,47.8953],[-89.1652,47.8968],[-89.152,47.9041],[-89.149,47.9041],[-89.1351,47.9093],[-89.1338,47.9079],[-89.1316,47.9096],[-89.1286,47.9085],[-89.1321,47.9077],[-89.1309,47.9068],[-89.127,47.9074],[-89.1254,47.9098],[-89.1191,47.9135],[-89.1126,47.9139],[-89.1073,47.9169],[-89.1118,47.9122],[-89.1178,47.9131],[-89.124,47.9087],[-89.122,47.9095],[-89.1215,47.9085],[-89.124,47.9081],[-89.1199,47.9072],[-89.1167,47.9076],[-89.1156,47.9095],[-89.1158,47.9083],[-89.114,47.9085],[-89.1147,47.9077],[-89.1131,47.9073],[-89.1179,47.9072],[-89.1192,47.9056],[-89.1225,47.9069],[-89.1243,47.9058],[-89.1239,47.9048],[-89.1217,47.9056],[-89.1225,47.9049],[-89.1273,47.9041],[-89.1294,47.9022],[-89.1377,47.9041],[-89.1333,47.9018],[-89.1381,47.903],[-89.1485,47.8992],[-89.1485,47.8981],[-89.1585,47.8983],[-89.1584,47.8969],[-89.1606,47.8975],[-89.167,47.8953],[-89.167,47.894],[-89.1665,47.8938],[-89.1666,47.8934],[-89.1681,47.8954],[-89.1691,47.8945],[-89.1687,47.8917],[-89.1641,47.8937],[-89.1616,47.8941],[-89.1598,47.8938],[-89.1616,47.8917],[-89.1643,47.8923],[-89.1674,47.8903],[-89.1687,47.8915],[-89.1716,47.8913],[-89.1739,47.8878],[-89.177,47.8863],[-89.1793,47.886],[-89.1798,47.8866],[-89.1796,47.8872]],[[-89.1751,47.8891],[-89.1754,47.8892],[-89.176,47.8897],[-89.1759,47.8894],[-89.1753,47.8891],[-89.1751,47.8891]],[[-89.1738,47.88995],[-89.1758,47.8902],[-89.1752,47.8895],[-89.1738,47.88995]],[[-89.1795,47.8867],[-89.179,47.8872],[-89.1792,47.8873],[-89.1795,47.8867]],[[-89.1724,47.8921],[-89.1721,47.8916],[-89.1721,47.8918],[-89.1724,47.8921]],[[-89.1721,47.8923],[-89.171,47.8924],[-89.1707,47.8927],[-89.1721,47.8923]],[[-89.1706,47.8931],[-89.1705,47.893],[-89.1703,47.8932],[-89.1706,47.8931]],[[-89.1703,47.8937],[-89.1699,47.8934],[-89.1701,47.894],[-89.1703,47.8937]],[[-89.1701,47.8943],[-89.1698,47.8943],[-89.1698,47.8945],[-89.1701,47.8943]],[[-89.1698,47.8945],[-89.1696,47.8945],[-89.1694,47.8948],[-89.1698,47.8945]],[[-89.1272,47.906],[-89.1259,47.9071],[-89.123,47.9073],[-89.1254,47.9076],[-89.1296,47.9065],[-89.1272,47.906]],[[-89.1353,47.9065],[-89.1346,47.9073],[-89.1375,47.9069],[-89.1353,47.9065]],[[-89.1582,47.8997],[-89.161,47.8982],[-89.1611,47.8978],[-89.1622,47.8978],[-89.1625,47.8974],[-89.1633,47.8975],[-89.1635,47.8974],[-89.1636,47.897],[-89.1595,47.8982],[-89.1582,47.8997]],[[-89.1639,47.8968],[-89.1639,47.897],[-89.1641,47.8971],[-89.1639,47.8968]],[[-89.1384,47.9052],[-89.1399,47.9057],[-89.14,47.9049],[-89.1384,47.9052]],[[-89.1339,47.9046],[-89.1299,47.9051],[-89.1345,47.9052],[-89.1339,47.9046]],[[-89.1372,47.9043],[-89.1343,47.904],[-89.1375,47.9055],[-89.1372,47.9043]],[[-89.1519,47.9024],[-89.1498,47.9036],[-89.153,47.9032],[-89.1519,47.9024]],[[-89.1763,47.8878],[-89.1777,47.8878],[-89.1765,47.8872],[-89.1763,47.8878]]]},{"type":"Polygon","coordinates":[[[-89.1955,47.9003],[-89.2024,47.9003],[-89.1957,47.9027],[-89.1891,47.9037],[-89.1959,47.9022],[-89.1972,47.9005],[-89.1955,47.9003]]]},{"type":"Polygon","coordinates":[[[-89.2135,47.9001],[-89.2169,47.9001],[-89.2122,47.9016],[-89.2134,47.9035],[-89.2117,47.9074],[-89.2119,47.9077],[-89.2147,47.908],[-89.2151,47.9083],[-89.2117,47.9079],[-89.2113,47.9088],[-89.209,47.9102],[-89.2023,47.9113],[-89.2034,47.9094],[-89.2061,47.9106],[-89.2109,47.9088],[-89.2106,47.9065],[-89.2064,47.9084],[-89.208,47.9068],[-89.2111,47.9051],[-89.2121,47.9029],[-89.2085,47.9047],[-89.207,47.9048],[-89.2066,47.9053],[-89.2055,47.9048],[-89.2119,47.9027],[-89.2119,47.9014],[-89.2072,47.903],[-89.2135,47.9001]],[[-89.2094,47.9064],[-89.2103,47.9064],[-89.2105,47.9061],[-89.2094,47.9064]]]},{"type":"Polygon","coordinates":[[[-89.1887,47.9073],[-89.192,47.9065],[-89.1889,47.9076],[-89.1864,47.9074],[-89.1877,47.9063],[-89.1887,47.9073]]]},{"type":"Polygon","coordinates":[[[-89.1704,47.907],[-89.1701,47.9078],[-89.1686,47.9081],[-89.1704,47.907]]]},{"type":"Polygon","coordinates":[[[-89.193,47.9058],[-89.1978,47.9038],[-89.1988,47.9053],[-89.2045,47.9038],[-89.205,47.9063],[-89.2027,47.9072],[-89.2034,47.9052],[-89.1996,47.9059],[-89.1997,47.9076],[-89.1974,47.9069],[-89.1935,47.9096],[-89.1906,47.9101],[-89.1908,47.9108],[-89.188,47.9103],[-89.1855,47.9119],[-89.1858,47.9132],[-89.1809,47.9117],[-89.185,47.912],[-89.1871,47.9105],[-89.1813,47.9104],[-89.1821,47.9093],[-89.1952,47.9083],[-89.1943,47.9075],[-89.1965,47.907],[-89.1955,47.9065],[-89.1973,47.905],[-89.1969,47.9047],[-89.194,47.9059],[-89.193,47.9058]]]},{"type":"Polygon","coordinates":[[[-89.2179,47.9099],[-89.2191,47.9106],[-89.2176,47.9105],[-89.2179,47.9099]]]},{"type":"Polygon","coordinates":[[[-89.2001,47.9113],[-89.1974,47.9136],[-89.1966,47.9134],[-89.1979,47.9116],[-89.1956,47.9121],[-89.1982,47.9099],[-89.1997,47.91],[-89.2024,47.9085],[-89.2047,47.9082],[-89.1993,47.9104],[-89.2001,47.9113]]]},{"type":"Polygon","coordinates":[[[-89.1787,47.9115],[-89.18,47.9113],[-89.1798,47.9117],[-89.1787,47.9115]]]},{"type":"Polygon","coordinates":[[[-89.2093,47.9124],[-89.2101,47.9114],[-89.2105,47.9115],[-89.2093,47.9124]]]},{"type":"Polygon","coordinates":[[[-89.213,47.9122],[-89.2113,47.9121],[-89.2113,47.9112],[-89.213,47.9122]]]},{"type":"Polygon","coordinates":[[[-89.2093,47.914],[-89.2059,47.9149],[-89.204,47.9154],[-89.2088,47.9131],[-89.2093,47.914]]]},{"type":"Polygon","coordinates":[[[-89.1901,47.9162],[-89.1868,47.9168],[-89.1885,47.9143],[-89.185,47.9153],[-89.1881,47.9132],[-89.1902,47.9148],[-89.1901,47.9162]]]},{"type":"Polygon","coordinates":[[[-89.1711,47.917],[-89.1688,47.9161],[-89.172,47.9159],[-89.1711,47.917]]]},{"type":"Polygon","coordinates":[[[-89.152,47.917],[-89.1524,47.918],[-89.1507,47.9169],[-89.152,47.917]]]},{"type":"Polygon","coordinates":[[[-89.1515,47.9177],[-89.151,47.9186],[-89.1509,47.9187],[-89.1515,47.9177]]]},{"type":"Polygon","coordinates":[[[-89.158,47.9201],[-89.1615,47.9178],[-89.1647,47.9183],[-89.158,47.9201]]]},{"type":"Polygon","coordinates":[[[-89.1685,47.9193],[-89.1681,47.9202],[-89.1667,47.9186],[-89.1669,47.9184],[-89.1685,47.9193]]]},{"type":"Polygon","coordinates":[[[-89.1803,47.9224],[-89.1897,47.9189],[-89.1972,47.917],[-89.1983,47.9157],[-89.2006,47.9159],[-89.1905,47.9194],[-89.1904,47.9223],[-89.1818,47.9258],[-89.1894,47.9218],[-89.1897,47.9197],[-89.1803,47.9224]]]},{"type":"Polygon","coordinates":[[[-89.1962,47.9195],[-89.1941,47.9216],[-89.1921,47.9221],[-89.1951,47.9196],[-89.1962,47.9195]]]},{"type":"Polygon","coordinates":[[[-89.1707,47.9207],[-89.1767,47.9196],[-89.1758,47.9184],[-89.1787,47.9132],[-89.1776,47.9307],[-89.1771,47.932],[-89.1772,47.9309],[-89.1761,47.9309],[-89.1764,47.9315],[-89.1763,47.9328],[-89.1756,47.9311],[-89.1734,47.9322],[-89.1727,47.9319],[-89.1764,47.9301],[-89.1777,47.92],[-89.1722,47.9205],[-89.1713,47.9224],[-89.1664,47.9231],[-89.171,47.9222],[-89.1707,47.9207]]]},{"type":"Polygon","coordinates":[[[-89.1631,47.9248],[-89.1623,47.9243],[-89.1637,47.9225],[-89.1636,47.9236],[-89.1631,47.9248]]]},{"type":"Polygon","coordinates":[[[-89.1717,47.9241],[-89.1719,47.9255],[-89.167,47.9269],[-89.1676,47.9259],[-89.1717,47.9241]]]},{"type":"Polygon","coordinates":[[[-89.1938,47.9257],[-89.1908,47.9264],[-89.19,47.9269],[-89.1925,47.9251],[-89.1938,47.9257]]]},{"type":"Polygon","coordinates":[[[-89.1478,47.9295],[-89.1559,47.9227],[-89.1552,47.9252],[-89.1582,47.9253],[-89.1559,47.9262],[-89.1546,47.9253],[-89.1509,47.927],[-89.152,47.9277],[-89.1508,47.9288],[-89.1478,47.9295]]]},{"type":"Polygon","coordinates":[[[-89.145,47.9273],[-89.1477,47.9261],[-89.1485,47.9262],[-89.145,47.9273]]]},{"type":"Polygon","coordinates":[[[-89.1838,47.9283],[-89.1864,47.9272],[-89.1866,47.9273],[-89.1838,47.9283]]]},{"type":"Polygon","coordinates":[[[-89.1709,47.9296],[-89.1711,47.9284],[-89.1736,47.9275],[-89.1715,47.9287],[-89.1709,47.9296]]]},{"type":"Polygon","coordinates":[[[-89.1864,47.9288],[-89.1834,47.9302],[-89.1828,47.9303],[-89.1824,47.9302],[-89.1864,47.9288]]]},{"type":"Polygon","coordinates":[[[-89.1349,47.932],[-89.1452,47.9289],[-89.1465,47.9299],[-89.1363,47.9328],[-89.1349,47.932]]]},{"type":"Polygon","coordinates":[[[-89.1643,47.9315],[-89.1659,47.9305],[-89.1663,47.9307],[-89.1643,47.9315]]]},{"type":"Polygon","coordinates":[[[-89.1494,47.9315],[-89.1495,47.9333],[-89.1454,47.934],[-89.1494,47.9315]]]},{"type":"Polygon","coordinates":[[[-89.1534,47.9336],[-89.1576,47.9323],[-89.1608,47.9322],[-89.1542,47.9341],[-89.1534,47.9336]]]},{"type":"Polygon","coordinates":[[[-89.159,47.9333],[-89.1606,47.9332],[-89.1583,47.9338],[-89.159,47.9333]]]},{"type":"Polygon","coordinates":[[[-89.1672,47.9331],[-89.1642,47.9343],[-89.1631,47.9341],[-89.1672,47.9331]]]},{"type":"Polygon","coordinates":[[[-89.149,47.9348],[-89.1496,47.9362],[-89.1473,47.9366],[-89.1465,47.9363],[-89.149,47.9348]]]},{"type":"Polygon","coordinates":[[[-89.1666,47.9358],[-89.1658,47.9356],[-89.1669,47.9355],[-89.1666,47.9358]]]},{"type":"Polygon","coordinates":[[[-89.1623,47.9294],[-89.1556,47.9308],[-89.1621,47.9289],[-89.1632,47.9271],[-89.162,47.9324],[-89.1629,47.9334],[-89.1615,47.934],[-89.1623,47.9344],[-89.1613,47.9378],[-89.1578,47.9391],[-89.1572,47.9383],[-89.1592,47.9364],[-89.1574,47.9366],[-89.1491,47.9401],[-89.148,47.9396],[-89.1394,47.9433],[-89.134,47.9448],[-89.137,47.9426],[-89.1388,47.9431],[-89.1433,47.9415],[-89.1446,47.9403],[-89.1432,47.9402],[-89.145,47.9395],[-89.1596,47.9358],[-89.1613,47.934],[-89.1623,47.9294]],[[-89.1599,47.9381],[-89.1601,47.9374],[-89.1595,47.9379],[-89.1599,47.9381]]]},{"type":"Polygon","coordinates":[[[-89.1682,47.9361],[-89.1633,47.9375],[-89.1687,47.9357],[-89.1682,47.9361]]]},{"type":"Polygon","coordinates":[[[-89.1702,47.9377],[-89.1662,47.9394],[-89.165,47.9395],[-89.1702,47.9377]]]},{"type":"Polygon","coordinates":[[[-89.1636,47.9397],[-89.1606,47.9395],[-89.1641,47.9394],[-89.1636,47.9397]]]},{"type":"Polygon","coordinates":[[[-89.1505,47.9421],[-89.1538,47.9417],[-89.1525,47.9422],[-89.1505,47.9421]]]},{"type":"Polygon","coordinates":[[[-89.1565,47.943],[-89.1512,47.9446],[-89.1573,47.9423],[-89.1565,47.943]]]},{"type":"Polygon","coordinates":[[[-89.1412,47.9435],[-89.1396,47.9446],[-89.1391,47.9443],[-89.1397,47.9439],[-89.1412,47.9435]]]},{"type":"Polygon","coordinates":[[[-89.1404,47.9465],[-89.1421,47.9459],[-89.1376,47.9479],[-89.1399,47.9468],[-89.1401,47.9454],[-89.1404,47.9465]]]},{"type":"Polygon","coordinates":[[[-89.1443,47.9474],[-89.1411,47.9482],[-89.1448,47.9469],[-89.1443,47.9474]]]},{"type":"Polygon","coordinates":[[[-89.1257,47.833],[-89.1229,47.8346],[-89.119,47.8342],[-89.1214,47.8328],[-89.122,47.8312],[-89.1208,47.8306],[-89.1218,47.8296],[-89.1243,47.8309],[-89.1224,47.831],[-89.1218,47.832],[-89.1266,47.8311],[-89.1257,47.833]],[[-89.1258,47.8316],[-89.1244,47.832],[-89.1245,47.8325],[-89.1251,47.8328],[-89.1258,47.8316]]]},{"type":"Polygon","coordinates":[[[-89.1194,47.8328],[-89.1181,47.8321],[-89.1198,47.832],[-89.1194,47.8328]]]},{"type":"Polygon","coordinates":[[[-89.1159,47.835],[-89.1172,47.8364],[-89.1155,47.8376],[-89.1098,47.8375],[-89.1104,47.8365],[-89.1089,47.8358],[-89.1159,47.835]]]},{"type":"Polygon","coordinates":[[[-89.1171,47.8383],[-89.1157,47.838],[-89.1176,47.8365],[-89.1179,47.8351],[-89.1194,47.8355],[-89.1171,47.8383]]]},{"type":"Polygon","coordinates":[[[-89.1022,47.8374],[-89.1061,47.8368],[-89.1072,47.8365],[-89.1055,47.8379],[-89.1036,47.8379],[-89.1022,47.8374]]]},{"type":"Polygon","coordinates":[[[-89.1083,47.8405],[-89.1109,47.8401],[-89.1121,47.8399],[-89.1103,47.8405],[-89.1083,47.8405]]]},{"type":"Polygon","coordinates":[[[-89.139,47.8499],[-89.133,47.8487],[-89.1393,47.8496],[-89.139,47.8499]]]},{"type":"Polygon","coordinates":[[[-89.0988,47.848],[-89.0944,47.8512],[-89.0931,47.8504],[-89.0922,47.8515],[-89.0878,47.8515],[-89.0894,47.8497],[-89.0988,47.848]]]},{"type":"Polygon","coordinates":[[[-89.0898,47.8532],[-89.0898,47.8545],[-89.0869,47.8571],[-89.0857,47.8556],[-89.0898,47.8532]]]},{"type":"Polygon","coordinates":[[[-89.071,47.8559],[-89.0717,47.8548],[-89.0721,47.8555],[-89.071,47.8559]]]},{"type":"Polygon","coordinates":[[[-89.0855,47.8598],[-89.0866,47.8582],[-89.0869,47.8584],[-89.0861,47.8596],[-89.0855,47.8598]]]},{"type":"Polygon","coordinates":[[[-89.0978,47.8615],[-89.1008,47.8606],[-89.1,47.8614],[-89.0978,47.8615]]]},{"type":"Polygon","coordinates":[[[-89.0861,47.8623],[-89.0851,47.8618],[-89.0862,47.862],[-89.0861,47.8623]]]},{"type":"Polygon","coordinates":[[[-89.0716,47.8638],[-89.0711,47.863],[-89.0719,47.863],[-89.0716,47.8638]]]},{"type":"Polygon","coordinates":[[[-89.1114,47.8655],[-89.1082,47.8691],[-89.1052,47.8697],[-89.1077,47.8669],[-89.1114,47.8655]]]},{"type":"Polygon","coordinates":[[[-89.0583,47.8678],[-89.0553,47.8678],[-89.059,47.8674],[-89.0583,47.8678]]]},{"type":"Polygon","coordinates":[[[-89.0684,47.8697],[-89.0607,47.8706],[-89.062,47.87],[-89.0602,47.8687],[-89.0619,47.8684],[-89.0608,47.8691],[-89.0624,47.8696],[-89.0631,47.8685],[-89.0604,47.8669],[-89.0612,47.8651],[-89.0626,47.8657],[-89.0628,47.8674],[-89.0632,47.8648],[-89.0656,47.8683],[-89.0663,47.867],[-89.0674,47.868],[-89.0697,47.8669],[-89.07,47.8688],[-89.0759,47.8708],[-89.0684,47.8697]],[[-89.065,47.8689],[-89.0637,47.8668],[-89.0632,47.8695],[-89.065,47.8689]]]},{"type":"Polygon","coordinates":[[[-89.1136,47.8656],[-89.1172,47.8664],[-89.1135,47.8681],[-89.1191,47.8687],[-89.1018,47.8728],[-89.108,47.8705],[-89.1136,47.8656]]]},{"type":"Polygon","coordinates":[[[-89.0576,47.8703],[-89.0582,47.8695],[-89.0598,47.8695],[-89.0589,47.8706],[-89.0576,47.8703]]]},{"type":"Polygon","coordinates":[[[-89.0677,47.8702],[-89.0686,47.8713],[-89.0666,47.8705],[-89.0677,47.8702]]]},{"type":"Polygon","coordinates":[[[-89.0528,47.872],[-89.0542,47.871],[-89.0569,47.8712],[-89.0528,47.872]]]},{"type":"Polygon","coordinates":[[[-89.0629,47.8711],[-89.0643,47.8719],[-89.062,47.8728],[-89.0606,47.8724],[-89.0626,47.8723],[-89.0629,47.8711]]]},{"type":"Polygon","coordinates":[[[-89.1137,47.8725],[-89.1144,47.8718],[-89.115,47.872],[-89.1147,47.8724],[-89.1137,47.8725]]]},{"type":"Polygon","coordinates":[[[-89.0584,47.8726],[-89.0568,47.8721],[-89.0594,47.8714],[-89.0584,47.8726]]]},{"type":"Polygon","coordinates":[[[-89.1245,47.8736],[-89.123,47.8736],[-89.1222,47.8732],[-89.1245,47.8736]]]},{"type":"Polygon","coordinates":[[[-89.2127,47.8708],[-89.2071,47.8668],[-89.2094,47.8727],[-89.2004,47.8756],[-89.2018,47.8733],[-89.2055,47.8734],[-89.2084,47.8719],[-89.2079,47.8708],[-89.205,47.8693],[-89.1961,47.8724],[-89.1912,47.8728],[-89.1909,47.8737],[-89.1879,47.8733],[-89.1871,47.8755],[-89.1863,47.8752],[-89.1872,47.8745],[-89.1858,47.8745],[-89.188,47.873],[-89.1957,47.872],[-89.199,47.8694],[-89.2041,47.8683],[-89.2043,47.8688],[-89.2058,47.865],[-89.2006,47.8667],[-89.19,47.8683],[-89.1806,47.8724],[-89.179,47.8718],[-89.1794,47.8736],[-89.1838,47.874],[-89.1794,47.8739],[-89.183,47.8748],[-89.1784,47.8767],[-89.1688,47.8778],[-89.1688,47.8787],[-89.1652,47.8789],[-89.1607,47.8813],[-89.1638,47.8832],[-89.1657,47.8827],[-89.1682,47.8831],[-89.1633,47.8834],[-89.1557,47.8816],[-89.1485,47.8823],[-89.1501,47.8816],[-89.1493,47.8817],[-89.1479,47.8808],[-89.158,47.8813],[-89.1631,47.8797],[-89.1627,47.8789],[-89.1671,47.8765],[-89.174,47.8753],[-89.1779,47.8701],[-89.1743,47.8712],[-89.156,47.8704],[-89.1539,47.8657],[-89.153,47.867],[-89.1463,47.8682],[-89.146,47.8658],[-89.1436,47.8662],[-89.146,47.8652],[-89.1438,47.8637],[-89.1429,47.8671],[-89.141,47.8669],[-89.1422,47.8677],[-89.1416,47.8685],[-89.1343,47.8679],[-89.1362,47.8709],[-89.1402,47.8715],[-89.1369,47.8716],[-89.1353,47.8706],[-89.1359,47.8716],[-89.1335,47.8685],[-89.12,47.8703],[-89.1173,47.8727],[-89.1207,47.8736],[-89.1196,47.8742],[-89.1135,47.8739],[-89.1119,47.8758],[-89.1015,47.8792],[-89.0893,47.8798],[-89.088,47.8815],[-89.075,47.8824],[-89.0786,47.8816],[-89.0796,47.8786],[-89.0746,47.8805],[-89.0743,47.8824],[-89.0705,47.8848],[-89.079,47.8855],[-89.0874,47.8877],[-89.0862,47.8861],[-89.0843,47.886],[-89.0799,47.884],[-89.0769,47.884],[-89.0796,47.8836],[-89.0843,47.8858],[-89.0861,47.8851],[-89.0888,47.8874],[-89.0923,47.8876],[-89.0911,47.8889],[-89.0937,47.8881],[-89.095,47.8885],[-89.0925,47.8889],[-89.0927,47.8896],[-89.0963,47.8885],[-89.0987,47.8897],[-89.0964,47.8884],[-89.0991,47.8872],[-89.0964,47.8874],[-89.0971,47.8868],[-89.1076,47.8864],[-89.1137,47.8845],[-89.1174,47.8855],[-89.1173,47.884],[-89.1187,47.8854],[-89.1187,47.8841],[-89.1203,47.8835],[-89.1199,47.8847],[-89.1214,47.8848],[-89.1214,47.8831],[-89.1223,47.8848],[-89.1232,47.8826],[-89.1259,47.882],[-89.125,47.8837],[-89.1286,47.883],[-89.1286,47.8816],[-89.131,47.88],[-89.1332,47.8805],[-89.14,47.8777],[-89.1458,47.8773],[-89.1443,47.8758],[-89.1481,47.875],[-89.1475,47.8738],[-89.1485,47.873],[-89.1477,47.8739],[-89.1488,47.8749],[-89.1478,47.8758],[-89.1486,47.8773],[-89.1579,47.8766],[-89.1642,47.8773],[-89.1463,47.8779],[-89.1492,47.8787],[-89.1361,47.8825],[-89.1342,47.8826],[-89.1355,47.8821],[-89.1342,47.8816],[-89.1239,47.8855],[-89.1272,47.8864],[-89.1349,47.8862],[-89.1354,47.8866],[-89.1272,47.8871],[-89.1161,47.8862],[-89.1133,47.8849],[-89.1084,47.887],[-89.1112,47.8901],[-89.113,47.8877],[-89.1143,47.8881],[-89.1132,47.8892],[-89.1159,47.889],[-89.114,47.8905],[-89.116,47.8914],[-89.1198,47.8911],[-89.121,47.8917],[-89.1212,47.8905],[-89.1215,47.8917],[-89.1248,47.8929],[-89.1235,47.8913],[-89.1282,47.8926],[-89.1251,47.894],[-89.1236,47.8932],[-89.1201,47.8941],[-89.1206,47.8964],[-89.1225,47.8974],[-89.1205,47.8975],[-89.119,47.8951],[-89.1173,47.8949],[-89.1122,47.8953],[-89.1147,47.8968],[-89.1141,47.8985],[-89.1102,47.8969],[-89.1086,47.8979],[-89.1066,47.8973],[-89.1062,47.8991],[-89.1051,47.8974],[-89.0957,47.8972],[-89.0945,47.8947],[-89.1086,47.8956],[-89.0985,47.894],[-89.0971,47.8927],[-89.0984,47.8929],[-89.0984,47.891],[-89.0963,47.8895],[-89.0962,47.891],[-89.0929,47.8898],[-89.0909,47.8903],[-89.0907,47.8917],[-89.0885,47.8917],[-89.0891,47.8946],[-89.0913,47.8952],[-89.0869,47.8942],[-89.0865,47.8926],[-89.0892,47.8903],[-89.0865,47.8901],[-89.0819,47.8918],[-89.0685,47.8907],[-89.067,47.8913],[-89.0661,47.8943],[-89.0613,47.8931],[-89.06,47.8955],[-89.0646,47.8969],[-89.0636,47.8986],[-89.0676,47.8999],[-89.0656,47.9003],[-89.0662,47.9012],[-89.0778,47.9018],[-89.0813,47.9009],[-89.0881,47.9026],[-89.0929,47.902],[-89.1029,47.903],[-89.1048,47.9041],[-89.0911,47.9024],[-89.0876,47.9033],[-89.08,47.9017],[-89.0772,47.9026],[-89.0773,47.9037],[-89.0957,47.905],[-89.0718,47.9043],[-89.0697,47.904],[-89.069,47.903],[-89.0764,47.9033],[-89.0697,47.9018],[-89.0663,47.9032],[-89.0702,47.905],[-89.0804,47.9049],[-89.0701,47.9052],[-89.062,47.9019],[-89.0645,47.9044],[-89.0617,47.9034],[-89.0628,47.908],[-89.0608,47.907],[-89.0606,47.9015],[-89.0575,47.9009],[-89.0546,47.9038],[-89.0591,47.9047],[-89.0597,47.9074],[-89.057,47.9088],[-89.0574,47.9066],[-89.0589,47.9061],[-89.0544,47.9042],[-89.0546,47.9017],[-89.0529,47.9019],[-89.053,47.9044],[-89.0513,47.906],[-89.0513,47.9015],[-89.0467,47.9027],[-89.0472,47.9041],[-89.04,47.9038],[-89.0334,47.9052],[-89.0337,47.902],[-89.0297,47.9018],[-89.0339,47.899],[-89.0273,47.9002],[-89.0272,47.8992],[-89.026,47.8996],[-89.0267,47.8986],[-89.0239,47.8983],[-89.0231,47.8968],[-89.0219,47.8981],[-89.0251,47.8997],[-89.0213,47.9011],[-89.0239,47.9007],[-89.0253,47.9011],[-89.0239,47.9011],[-89.0175,47.904],[-89.0143,47.9035],[-89.0068,47.9089],[-89.003,47.9082],[-89.0046,47.9043],[-89.0013,47.901],[-89.0053,47.9011],[-89.0052,47.8992],[-89.0035,47.899],[-89.0053,47.8986],[-89.005,47.894],[-89.0079,47.8935],[-89.008,47.8929],[-89.0095,47.8926],[-89.0099,47.8919],[-89.0048,47.8939],[-89.004,47.8925],[-89.0061,47.893],[-89.0055,47.8917],[-89.006,47.8918],[-89.0064,47.8917],[-89.0052,47.8913],[-89.0047,47.8919],[-89.0025,47.89],[-89.0068,47.8914],[-89.0111,47.891],[-89.011,47.8898],[-89.013,47.8901],[-89.011,47.8884],[-89.0122,47.8872],[-89.0214,47.8852],[-89.0216,47.8862],[-89.0246,47.8868],[-89.0228,47.8856],[-89.0246,47.8852],[-89.0228,47.8848],[-89.0256,47.8846],[-89.0244,47.8838],[-89.0268,47.883],[-89.0273,47.884],[-89.0293,47.8838],[-89.0306,47.8858],[-89.0308,47.8871],[-89.0299,47.8859],[-89.03,47.8873],[-89.0288,47.8865],[-89.0295,47.8879],[-89.0279,47.8877],[-89.0299,47.8886],[-89.0332,47.8868],[-89.0292,47.8832],[-89.0365,47.8825],[-89.0302,47.8819],[-89.0322,47.8809],[-89.0362,47.8806],[-89.0418,47.8841],[-89.0405,47.8843],[-89.043,47.8844],[-89.0368,47.88],[-89.033,47.8795],[-89.0399,47.8791],[-89.0434,47.8781],[-89.0433,47.8769],[-89.0479,47.8756],[-89.0529,47.8753],[-89.0546,47.8739],[-89.0612,47.8748],[-89.0598,47.8732],[-89.0646,47.8732],[-89.0621,47.8741],[-89.0634,47.8749],[-89.0628,47.8758],[-89.0617,47.8764],[-89.0625,47.8769],[-89.0654,47.8755],[-89.0648,47.8737],[-89.066,47.8727],[-89.0649,47.8723],[-89.0674,47.8714],[-89.0682,47.8719],[-89.0669,47.8737],[-89.0684,47.8724],[-89.068,47.875],[-89.0689,47.8753],[-89.0742,47.8742],[-89.0742,47.8731],[-89.0872,47.8729],[-89.0885,47.8721],[-89.084,47.8711],[-89.1001,47.869],[-89.0997,47.8675],[-89.0935,47.8679],[-89.0953,47.8674],[-89.0929,47.8665],[-89.0943,47.8656],[-89.0924,47.8663],[-89.0917,47.8681],[-89.0881,47.868],[-89.0846,47.8698],[-89.0775,47.8688],[-89.0755,47.8703],[-89.0758,47.8685],[-89.0781,47.8667],[-89.0767,47.8662],[-89.0744,47.8682],[-89.0748,47.8661],[-89.0917,47.8658],[-89.1163,47.8593],[-89.1264,47.8585],[-89.127,47.8568],[-89.13,47.8572],[-89.131,47.8591],[-89.133,47.8594],[-89.1303,47.8617],[-89.1312,47.8628],[-89.1353,47.8634],[-89.1345,47.8622],[-89.1358,47.8611],[-89.1378,47.8621],[-89.1386,47.8611],[-89.1417,47.8616],[-89.1389,47.8621],[-89.1381,47.8637],[-89.1425,47.8633],[-89.144,47.8611],[-89.1352,47.8599],[-89.1349,47.859],[-89.1379,47.8578],[-89.1351,47.8573],[-89.1367,47.8559],[-89.151,47.8551],[-89.1567,47.8561],[-89.1584,47.8546],[-89.1589,47.8557],[-89.156,47.8567],[-89.1497,47.8562],[-89.1515,47.8576],[-89.1526,47.8569],[-89.1531,47.8584],[-89.1513,47.8586],[-89.1499,47.858],[-89.1493,47.8582],[-89.1594,47.8613],[-89.1749,47.8583],[-89.1733,47.86],[-89.1664,47.8618],[-89.156,47.8628],[-89.1569,47.8624],[-89.1564,47.8611],[-89.1555,47.8629],[-89.1528,47.8639],[-89.1599,47.8645],[-89.1576,47.865],[-89.158,47.8665],[-89.1546,47.8667],[-89.1565,47.87],[-89.1722,47.8706],[-89.177,47.869],[-89.1764,47.8674],[-89.1802,47.8674],[-89.1774,47.8709],[-89.1778,47.872],[-89.1871,47.8694],[-89.186,47.869],[-89.1902,47.8669],[-89.1987,47.8652],[-89.2028,47.8655],[-89.2107,47.8629],[-89.2075,47.8653],[-89.209,47.8673],[-89.2102,47.8642],[-89.2152,47.8612],[-89.2153,47.8621],[-89.2121,47.8632],[-89.2118,47.8655],[-89.2121,47.8669],[-89.2129,47.8678],[-89.2123,47.8651],[-89.2133,47.8644],[-89.213,47.8682],[-89.2149,47.8687],[-89.2132,47.8694],[-89.2148,47.8699],[-89.2127,47.8708]],[[-89.1993,47.8695],[-89.197,47.8714],[-89.2042,47.8692],[-89.1993,47.8695]],[[-89.1973,47.8667],[-89.1982,47.8658],[-89.1967,47.8661],[-89.1973,47.8667]],[[-89.146,47.8598],[-89.1427,47.8597],[-89.1459,47.8604],[-89.146,47.8598]],[[-89.142,47.8583],[-89.1479,47.858],[-89.1439,47.8566],[-89.142,47.8583]],[[-89.1393,47.8587],[-89.1395,47.8578],[-89.1381,47.8576],[-89.138,47.858],[-89.1393,47.8587]],[[-89.1404,47.8639],[-89.1279,47.8632],[-89.123,47.8639],[-89.1225,47.8654],[-89.1246,47.8671],[-89.1374,47.8674],[-89.1424,47.8655],[-89.1427,47.8639],[-89.1404,47.8639]],[[-89.1495,47.8627],[-89.1517,47.8644],[-89.1522,47.8633],[-89.1495,47.8627]],[[-89.1542,47.8626],[-89.1551,47.8617],[-89.1547,47.8613],[-89.1536,47.8618],[-89.1542,47.8626]],[[-89.1518,47.8619],[-89.1509,47.8622],[-89.151,47.8625],[-89.1518,47.8619]],[[-89.135,47.8806],[-89.1347,47.8804],[-89.1348,47.8805],[-89.135,47.8806]],[[-89.1311,47.882],[-89.131,47.8821],[-89.1312,47.882],[-89.1311,47.882]],[[-89.1224,47.8635],[-89.122,47.8648],[-89.1229,47.8638],[-89.1224,47.8635]],[[-89.073,47.8817],[-89.0676,47.8828],[-89.0664,47.8813],[-89.0693,47.8802],[-89.0678,47.8788],[-89.0701,47.8768],[-89.0674,47.8774],[-89.0664,47.8771],[-89.067,47.8762],[-89.0647,47.8766],[-89.0672,47.8761],[-89.0674,47.8757],[-89.0655,47.876],[-89.0641,47.8767],[-89.0659,47.8785],[-89.06,47.8801],[-89.0601,47.8814],[-89.061,47.8805],[-89.0607,47.8816],[-89.0622,47.8818],[-89.0603,47.8828],[-89.0611,47.8834],[-89.0593,47.8843],[-89.0581,47.8824],[-89.0576,47.8841],[-89.0533,47.8853],[-89.0559,47.8875],[-89.0546,47.8897],[-89.0537,47.8876],[-89.0523,47.8885],[-89.0536,47.8899],[-89.0506,47.8903],[-89.0521,47.8897],[-89.0518,47.8888],[-89.0484,47.8899],[-89.0483,47.8901],[-89.049,47.8906],[-89.0489,47.8908],[-89.0467,47.8908],[-89.0483,47.8916],[-89.0474,47.8923],[-89.0391,47.8941],[-89.0464,47.8901],[-89.0451,47.8885],[-89.0455,47.8855],[-89.0445,47.8871],[-89.0439,47.8861],[-89.0423,47.8866],[-89.043,47.8874],[-89.0425,47.8877],[-89.0394,47.8876],[-89.0436,47.8888],[-89.0437,47.8864],[-89.0443,47.8898],[-89.0413,47.8925],[-89.0323,47.8959],[-89.0347,47.8974],[-89.0345,47.8988],[-89.0396,47.8971],[-89.0352,47.8995],[-89.0341,47.9016],[-89.0347,47.9033],[-89.0455,47.9034],[-89.0454,47.9024],[-89.0425,47.9019],[-89.0536,47.9003],[-89.0542,47.8987],[-89.0597,47.8981],[-89.0549,47.8977],[-89.06,47.8968],[-89.0587,47.895],[-89.0571,47.8964],[-89.0583,47.8947],[-89.0567,47.8914],[-89.0555,47.8917],[-89.0567,47.8938],[-89.054,47.8952],[-89.0551,47.8912],[-89.0625,47.8868],[-89.0626,47.8911],[-89.0594,47.8922],[-89.0624,47.8926],[-89.0662,47.8906],[-89.0715,47.8908],[-89.0665,47.888],[-89.0653,47.8892],[-89.0637,47.8883],[-89.0665,47.8865],[-89.0642,47.8864],[-89.0657,47.8849],[-89.0729,47.8828],[-89.073,47.8817]],[[-89.0728,47.8759],[-89.0711,47.8756],[-89.0707,47.876],[-89.0728,47.8759]],[[-89.0854,47.8755],[-89.0867,47.8755],[-89.0879,47.8749],[-89.0855,47.8743],[-89.0854,47.8755]],[[-89.0907,47.8741],[-89.0921,47.8731],[-89.0889,47.8729],[-89.0907,47.8741]],[[-89.0957,47.8737],[-89.1,47.8732],[-89.1046,47.8756],[-89.1094,47.8751],[-89.1059,47.8765],[-89.0985,47.8765],[-89.099,47.8774],[-89.0957,47.878],[-89.1078,47.8766],[-89.1161,47.872],[-89.115,47.8707],[-89.1252,47.8695],[-89.1206,47.8686],[-89.1269,47.868],[-89.1186,47.8664],[-89.1175,47.8652],[-89.1086,47.8656],[-89.1018,47.8674],[-89.1037,47.8679],[-89.1039,47.8697],[-89.1012,47.873],[-89.0969,47.873],[-89.0957,47.8737]],[[-89.0913,47.8788],[-89.0963,47.8789],[-89.0965,47.8787],[-89.0913,47.8788]],[[-89.1135,47.8632],[-89.1104,47.8632],[-89.108,47.865],[-89.1141,47.8646],[-89.1135,47.8632]],[[-89.1025,47.867],[-89.1011,47.8668],[-89.1006,47.8673],[-89.1025,47.867]],[[-89.1164,47.8612],[-89.1172,47.8622],[-89.1186,47.8615],[-89.1164,47.8612]],[[-89.1152,47.8731],[-89.1167,47.8728],[-89.1163,47.8722],[-89.1152,47.8731]],[[-89.0788,47.8665],[-89.0798,47.8675],[-89.0816,47.8664],[-89.0788,47.8665]],[[-89.0821,47.878],[-89.0806,47.8783],[-89.0802,47.8791],[-89.082,47.879],[-89.0821,47.878]],[[-89.0727,47.8793],[-89.0753,47.8787],[-89.075,47.8778],[-89.0729,47.8783],[-89.0727,47.8793]],[[-89.0786,47.8753],[-89.0806,47.8759],[-89.0808,47.8754],[-89.0786,47.8753]],[[-89.082,47.8798],[-89.0824,47.8806],[-89.0861,47.8803],[-89.0878,47.8794],[-89.082,47.8798]],[[-89.0934,47.877],[-89.0925,47.8761],[-89.0912,47.8772],[-89.0934,47.877]],[[-89.0658,47.8754],[-89.0669,47.8748],[-89.0657,47.8741],[-89.0658,47.8754]],[[-89.0622,47.8759],[-89.059,47.8753],[-89.0602,47.8762],[-89.0584,47.8775],[-89.0617,47.877],[-89.0614,47.8763],[-89.0622,47.8759]],[[-89.0514,47.876],[-89.0497,47.8766],[-89.0541,47.879],[-89.052,47.8783],[-89.0508,47.8811],[-89.0515,47.8798],[-89.0548,47.8804],[-89.0572,47.8779],[-89.0514,47.876]],[[-89.0686,47.876],[-89.0679,47.8771],[-89.0697,47.876],[-89.0686,47.876]],[[-89.0573,47.8792],[-89.0585,47.8779],[-89.0565,47.879],[-89.0573,47.8792]],[[-89.0576,47.881],[-89.0562,47.8805],[-89.0569,47.8813],[-89.0576,47.881]],[[-89.0758,47.8872],[-89.0681,47.8862],[-89.0665,47.8878],[-89.0775,47.8905],[-89.0853,47.8897],[-89.0832,47.8875],[-89.0824,47.8886],[-89.0811,47.8886],[-89.0808,47.8878],[-89.0823,47.8879],[-89.0794,47.8863],[-89.0746,47.886],[-89.0786,47.8868],[-89.0758,47.8872]],[[-89.1095,47.8904],[-89.1095,47.892],[-89.112,47.8932],[-89.1108,47.8902],[-89.1095,47.8904]],[[-89.1191,47.8914],[-89.1206,47.8926],[-89.1212,47.8925],[-89.1191,47.8914]],[[-89.058,47.9001],[-89.0658,47.9019],[-89.0608,47.8976],[-89.0605,47.8982],[-89.0551,47.8991],[-89.0535,47.9008],[-89.058,47.9001]],[[-89.1058,47.8886],[-89.1054,47.8896],[-89.1068,47.8899],[-89.1058,47.8886]],[[-89.1111,47.8959],[-89.11,47.8951],[-89.1093,47.8954],[-89.1111,47.8959]],[[-89.0995,47.8907],[-89.1003,47.892],[-89.1009,47.8915],[-89.0995,47.8907]],[[-89.0824,47.8913],[-89.0813,47.8909],[-89.0813,47.891],[-89.0824,47.8913]],[[-89.0808,47.8913],[-89.0792,47.8907],[-89.0789,47.8909],[-89.0808,47.8913]],[[-89.0479,47.8768],[-89.0467,47.8762],[-89.0463,47.8764],[-89.0479,47.8768]],[[-89.0436,47.8781],[-89.0456,47.8814],[-89.0465,47.8803],[-89.047,47.8808],[-89.0458,47.883],[-89.048,47.8827],[-89.0496,47.884],[-89.0504,47.8809],[-89.0458,47.8782],[-89.0436,47.8781]],[[-89.0433,47.883],[-89.0418,47.8817],[-89.041,47.8824],[-89.0433,47.883]],[[-89.0463,47.8849],[-89.0491,47.8854],[-89.0471,47.8858],[-89.0488,47.8875],[-89.0503,47.8871],[-89.05,47.885],[-89.0472,47.8832],[-89.0463,47.8849]],[[-89.0402,47.8852],[-89.0396,47.884],[-89.0386,47.8842],[-89.0395,47.8852],[-89.0386,47.8856],[-89.0402,47.8852]],[[-89.0474,47.8873],[-89.0475,47.8864],[-89.0469,47.8861],[-89.0464,47.8862],[-89.0474,47.8873]],[[-89.0503,47.8848],[-89.0528,47.8852],[-89.0519,47.8846],[-89.0536,47.8822],[-89.0528,47.8809],[-89.0543,47.8806],[-89.0528,47.8805],[-89.0505,47.8823],[-89.0516,47.8836],[-89.0503,47.8848]],[[-89.0558,47.8818],[-89.0562,47.8833],[-89.0565,47.8832],[-89.0558,47.8818]],[[-89.0538,47.8863],[-89.0537,47.8875],[-89.0544,47.8868],[-89.0538,47.8863]],[[-89.0242,47.8889],[-89.0219,47.8878],[-89.0241,47.8894],[-89.0242,47.8889]],[[-89.01566,47.89034],[-89.0142,47.8899],[-89.0168,47.8913],[-89.01566,47.89034]],[[-89.0251,47.8853],[-89.0253,47.8862],[-89.0267,47.8866],[-89.0251,47.8853]],[[-89.0171,47.8877],[-89.0148,47.8873],[-89.0143,47.8882],[-89.0153,47.8884],[-89.0171,47.8877]],[[-89.0182,47.8877],[-89.0188,47.8895],[-89.02,47.8874],[-89.0182,47.8877]],[[-89.0409,47.8869],[-89.0417,47.8876],[-89.0426,47.8873],[-89.0409,47.8869]],[[-89.0372,47.8915],[-89.0315,47.888],[-89.0317,47.8897],[-89.0348,47.891],[-89.0339,47.8919],[-89.0327,47.8905],[-89.0336,47.8925],[-89.0324,47.8937],[-89.0354,47.8938],[-89.0372,47.8915]],[[-89.038,47.8914],[-89.039,47.8902],[-89.0374,47.8902],[-89.038,47.8914]],[[-89.0303,47.8982],[-89.0313,47.899],[-89.0338,47.898],[-89.0325,47.8976],[-89.0303,47.8982]],[[-89.0205,47.8959],[-89.0238,47.8927],[-89.0185,47.8945],[-89.0205,47.8959]],[[-89.0273,47.8948],[-89.0283,47.8966],[-89.0301,47.8947],[-89.0273,47.8948]],[[-89.0316,47.8947],[-89.0307,47.8949],[-89.032,47.8956],[-89.0316,47.8947]],[[-89.0135,47.8945],[-89.0091,47.8933],[-89.0075,47.8948],[-89.0083,47.8954],[-89.007,47.8956],[-89.0091,47.8964],[-89.0135,47.8945]],[[-89.0104,47.8916],[-89.0122,47.8917],[-89.0123,47.8914],[-89.0104,47.8916]],[[-89.0104,47.8918],[-89.0102,47.8918],[-89.01,47.8919],[-89.0104,47.8918]],[[-89.0114,47.8932],[-89.0129,47.8939],[-89.0151,47.8926],[-89.0136,47.8933],[-89.0114,47.8932]],[[-89.0085,47.8993],[-89.0064,47.9003],[-89.0096,47.8989],[-89.0085,47.8993]],[[-89.0205,47.899],[-89.0215,47.8981],[-89.0212,47.8975],[-89.02,47.898],[-89.0205,47.899]],[[-89.2111,47.865],[-89.2108,47.8664],[-89.2114,47.8666],[-89.2111,47.865]],[[-89.0467,47.8775],[-89.0444,47.8771],[-89.044,47.8775],[-89.0467,47.8775]],[[-89.0383,47.8842],[-89.0366,47.8852],[-89.0352,47.8859],[-89.0373,47.8858],[-89.0383,47.8842]],[[-89.0091,47.8971],[-89.0099,47.8972],[-89.0105,47.8969],[-89.0091,47.8971]],[[-89.0068,47.9047],[-89.0069,47.9046],[-89.0068,47.9046],[-89.0068,47.9047]],[[-89.0068,47.9046],[-89.0065,47.9044],[-89.0064,47.9044],[-89.0068,47.9046]],[[-89.0063,47.9044],[-89.0062,47.9042],[-89.0061,47.9042],[-89.0063,47.9044]],[[-89.0061,47.9042],[-89.0058,47.9041],[-89.0057,47.9043],[-89.0061,47.9042]],[[-89.0056,47.9043],[-89.0045,47.9046],[-89.005,47.9054],[-89.0054,47.9053],[-89.0056,47.9043]]]},{"type":"Polygon","coordinates":[[[-89.0518,47.8822],[-89.0516,47.8832],[-89.0512,47.8824],[-89.0518,47.8822]]]},{"type":"Polygon","coordinates":[[[-89.0623,47.883],[-89.0631,47.8822],[-89.0636,47.8823],[-89.0632,47.8834],[-89.0623,47.883]]]},{"type":"Polygon","coordinates":[[[-89.0921,47.8849],[-89.0917,47.8842],[-89.0927,47.8851],[-89.0921,47.8852],[-89.0921,47.8851],[-89.0921,47.8849]]]},{"type":"Polygon","coordinates":[[[-89.0611,47.8851],[-89.063,47.8846],[-89.0619,47.8852],[-89.0611,47.8851]]]},{"type":"Polygon","coordinates":[[[-89.1276,47.8851],[-89.1261,47.885],[-89.1278,47.8848],[-89.1276,47.8851]]]},{"type":"Polygon","coordinates":[[[-89.0545,47.8853],[-89.0586,47.8842],[-89.0595,47.8859],[-89.0585,47.8873],[-89.0558,47.889],[-89.0587,47.8855],[-89.0559,47.8864],[-89.0545,47.8853]]]},{"type":"Polygon","coordinates":[[[-89.0694,47.8876],[-89.0766,47.8886],[-89.0769,47.889],[-89.0694,47.8876]]]},{"type":"Polygon","coordinates":[[[-89.1218,47.8893],[-89.1152,47.8877],[-89.1318,47.8913],[-89.1241,47.8911],[-89.1218,47.8893]]]},{"type":"Polygon","coordinates":[[[-89.0544,47.8904],[-89.0559,47.8892],[-89.057,47.8892],[-89.0561,47.8904],[-89.0544,47.8904]]]},{"type":"Polygon","coordinates":[[[-89.08,47.8932],[-89.082,47.8928],[-89.0836,47.8929],[-89.08,47.8932]]]},{"type":"Polygon","coordinates":[[[-89.0693,47.8938],[-89.0698,47.8934],[-89.0704,47.8942],[-89.0693,47.8938]]]},{"type":"Polygon","coordinates":[[[-89.0754,47.8959],[-89.064,47.8957],[-89.0753,47.8954],[-89.0707,47.8931],[-89.0783,47.8954],[-89.0773,47.896],[-89.0792,47.8978],[-89.0773,47.8978],[-89.0754,47.8959]]]},{"type":"Polygon","coordinates":[[[-89.1166,47.8959],[-89.1175,47.8959],[-89.1187,47.8979],[-89.1166,47.8959]]]},{"type":"Polygon","coordinates":[[[-89.0473,47.8973],[-89.0532,47.8973],[-89.0465,47.8979],[-89.0499,47.8992],[-89.0491,47.8996],[-89.0452,47.8986],[-89.0473,47.8973]]]},{"type":"Polygon","coordinates":[[[-89.0715,47.8993],[-89.0726,47.8989],[-89.076,47.8987],[-89.0731,47.8994],[-89.0715,47.8993]]]},{"type":"Polygon","coordinates":[[[-89.0847,47.8991],[-89.0897,47.8996],[-89.0847,47.8995],[-89.0847,47.8991]]]},{"type":"Polygon","coordinates":[[[-89.1195,47.9029],[-89.1233,47.9019],[-89.1255,47.9031],[-89.1224,47.9037],[-89.1195,47.9029]]]},{"type":"Polygon","coordinates":[[[-89.1143,47.9036],[-89.1179,47.9044],[-89.1097,47.9066],[-89.1119,47.9044],[-89.1143,47.9036]]]},{"type":"Polygon","coordinates":[[[-89.1086,47.908],[-89.1093,47.9073],[-89.1096,47.9075],[-89.1086,47.908]]]},{"type":"Polygon","coordinates":[[[-89.0537,47.9089],[-89.0503,47.9109],[-89.0529,47.9091],[-89.0513,47.9064],[-89.0535,47.9067],[-89.0557,47.91],[-89.0542,47.9107],[-89.0545,47.9092],[-89.0537,47.9089]]]},{"type":"Polygon","coordinates":[[[-89.0821,47.9081],[-89.076,47.9097],[-89.0655,47.9086],[-89.079,47.9089],[-89.0769,47.9081],[-89.0821,47.9081]]]},{"type":"Polygon","coordinates":[[[-89.1113,47.9093],[-89.1093,47.9097],[-89.1112,47.9086],[-89.1113,47.9093]]]},{"type":"Polygon","coordinates":[[[-89.0889,47.9111],[-89.0917,47.9105],[-89.0932,47.9108],[-89.0936,47.9121],[-89.091,47.9131],[-89.0884,47.9133],[-89.088,47.9129],[-89.0884,47.9116],[-89.0889,47.9111]],[[-89.092,47.9109],[-89.089,47.9113],[-89.0885,47.913],[-89.0925,47.9124],[-89.092,47.9109]]]},{"type":"Polygon","coordinates":[[[-89.094,47.91],[-89.0989,47.9147],[-89.0928,47.9131],[-89.0861,47.9145],[-89.0881,47.9116],[-89.0878,47.913],[-89.0885,47.9136],[-89.0904,47.9135],[-89.0924,47.9128],[-89.094,47.913],[-89.094,47.91]]]},{"type":"Polygon","coordinates":[[[-89.0684,47.9137],[-89.0597,47.9135],[-89.0666,47.9128],[-89.0684,47.9137]]]},{"type":"Polygon","coordinates":[[[-89.1394,47.9139],[-89.1373,47.9149],[-89.1364,47.9145],[-89.1381,47.9134],[-89.1394,47.9139]]]},{"type":"Polygon","coordinates":[[[-89.1265,47.9133],[-89.1134,47.9182],[-89.1082,47.9177],[-89.1115,47.9176],[-89.1139,47.9153],[-89.1184,47.9159],[-89.1239,47.9128],[-89.1265,47.9133]]]},{"type":"Polygon","coordinates":[[[-89.0581,47.9162],[-89.0514,47.9173],[-89.0504,47.9169],[-89.0552,47.9147],[-89.0581,47.9162]]]},{"type":"Polygon","coordinates":[[[-89.1313,47.917],[-89.1313,47.9156],[-89.1331,47.916],[-89.1313,47.917]]]},{"type":"Polygon","coordinates":[[[-89.1108,47.9129],[-89.1031,47.9137],[-89.1018,47.9153],[-89.104,47.9172],[-89.1033,47.919],[-89.0965,47.917],[-89.0958,47.9206],[-89.0917,47.9205],[-89.0919,47.9223],[-89.0881,47.9228],[-89.0904,47.9212],[-89.0862,47.9233],[-89.0837,47.9236],[-89.0815,47.9232],[-89.0867,47.9227],[-89.0872,47.9202],[-89.0912,47.9205],[-89.0915,47.92],[-89.0915,47.9191],[-89.0911,47.9188],[-89.0912,47.9186],[-89.0934,47.9193],[-89.0949,47.9184],[-89.0919,47.9179],[-89.0875,47.9195],[-89.0733,47.9201],[-89.0747,47.9187],[-89.0835,47.9175],[-89.0863,47.9154],[-89.101,47.9156],[-89.1027,47.913],[-89.1126,47.9098],[-89.1094,47.9117],[-89.1108,47.9129]],[[-89.0894,47.9179],[-89.092,47.9163],[-89.0868,47.9165],[-89.0894,47.9179]]]},{"type":"Polygon","coordinates":[[[-89.119,47.9238],[-89.1141,47.9248],[-89.115,47.9259],[-89.1128,47.9278],[-89.0972,47.928],[-89.1245,47.9226],[-89.1261,47.9212],[-89.1334,47.9207],[-89.1546,47.9095],[-89.1538,47.9114],[-89.1468,47.9144],[-89.1464,47.9163],[-89.1392,47.9184],[-89.1305,47.9229],[-89.1269,47.9223],[-89.1246,47.9248],[-89.119,47.9238]]]},{"type":"Polygon","coordinates":[[[-89.0676,47.9206],[-89.0683,47.9195],[-89.0692,47.9201],[-89.0676,47.9206]]]},{"type":"Polygon","coordinates":[[[-89.0994,47.9217],[-89.1049,47.9194],[-89.1054,47.9197],[-89.0994,47.9217]]]},{"type":"Polygon","coordinates":[[[-89.0671,47.9211],[-89.0652,47.9217],[-89.0652,47.9215],[-89.0671,47.9211]]]},{"type":"Polygon","coordinates":[[[-89.0631,47.923],[-89.0615,47.9225],[-89.0649,47.9222],[-89.0631,47.923]]]},{"type":"Polygon","coordinates":[[[-89.0676,47.923],[-89.0616,47.925],[-89.0601,47.9251],[-89.0656,47.9228],[-89.0676,47.923]]]},{"type":"Polygon","coordinates":[[[-89.0488,47.9244],[-89.0484,47.924],[-89.0491,47.924],[-89.0488,47.9244]]]},{"type":"Polygon","coordinates":[[[-89.0507,47.9251],[-89.0612,47.9234],[-89.0579,47.9241],[-89.0567,47.9256],[-89.0515,47.9253],[-89.047,47.927],[-89.0527,47.9232],[-89.0507,47.9251]]]},{"type":"Polygon","coordinates":[[[-89.0871,47.9259],[-89.0863,47.9255],[-89.0882,47.9247],[-89.0871,47.9259]]]},{"type":"Polygon","coordinates":[[[-89.1507,47.9199],[-89.1566,47.9174],[-89.1519,47.9199],[-89.1465,47.9211],[-89.1433,47.9238],[-89.1398,47.9245],[-89.139,47.9268],[-89.1394,47.9242],[-89.1375,47.9244],[-89.1351,47.9268],[-89.1334,47.927],[-89.1324,47.9286],[-89.1311,47.928],[-89.1298,47.9301],[-89.129,47.9304],[-89.1308,47.9315],[-89.1307,47.9328],[-89.1284,47.9306],[-89.1251,47.9318],[-89.1259,47.9306],[-89.1293,47.9302],[-89.1299,47.9284],[-89.1239,47.9297],[-89.1176,47.9292],[-89.1101,47.9323],[-89.1087,47.9316],[-89.1,47.9336],[-89.1044,47.9318],[-89.1099,47.9315],[-89.1118,47.9295],[-89.1295,47.9284],[-89.1335,47.9261],[-89.1265,47.9274],[-89.1251,47.9263],[-89.1323,47.9248],[-89.1337,47.9229],[-89.138,47.9229],[-89.1346,47.9239],[-89.1358,47.9248],[-89.1376,47.9239],[-89.1434,47.9235],[-89.1458,47.9212],[-89.1494,47.9197],[-89.1505,47.9183],[-89.1507,47.9199]],[[-89.1358,47.9251],[-89.1327,47.9255],[-89.1338,47.9258],[-89.1342,47.9267],[-89.1358,47.9251]]]},{"type":"Polygon","coordinates":[[[-89.0704,47.9262],[-89.071,47.9252],[-89.0718,47.9257],[-89.0704,47.9262]]]},{"type":"Polygon","coordinates":[[[-89.0711,47.9272],[-89.0745,47.927],[-89.0681,47.9277],[-89.07,47.9263],[-89.0711,47.9272]]]},{"type":"Polygon","coordinates":[[[-89.0537,47.9267],[-89.0551,47.9269],[-89.0536,47.9282],[-89.0512,47.9281],[-89.0537,47.9267]],[[-89.0533,47.9281],[-89.0543,47.9273],[-89.0528,47.9279],[-89.0533,47.9281]]]},{"type":"Polygon","coordinates":[[[-89.136,47.9285],[-89.1389,47.9269],[-89.1386,47.9291],[-89.1375,47.9283],[-89.1352,47.9292],[-89.1348,47.9281],[-89.136,47.9285]]]},{"type":"Polygon","coordinates":[[[-89.0511,47.9294],[-89.0522,47.9287],[-89.0536,47.929],[-89.0529,47.9294],[-89.0511,47.9294]]]},{"type":"Polygon","coordinates":[[[-89.064,47.9285],[-89.0625,47.9306],[-89.0598,47.9305],[-89.0599,47.9285],[-89.0622,47.9292],[-89.0617,47.928],[-89.0631,47.9274],[-89.064,47.9285]]]},{"type":"Polygon","coordinates":[[[-89.0579,47.9304],[-89.0572,47.93],[-89.0578,47.9298],[-89.0579,47.9304]]]},{"type":"Polygon","coordinates":[[[-89.0568,47.9335],[-89.0578,47.9318],[-89.0578,47.9331],[-89.0568,47.9335]]]},{"type":"Polygon","coordinates":[[[-89.0524,47.9337],[-89.0515,47.9339],[-89.0523,47.9333],[-89.0524,47.9337]]]},{"type":"Polygon","coordinates":[[[-89.0489,47.9341],[-89.0478,47.9354],[-89.0471,47.9351],[-89.0489,47.9341]]]},{"type":"Polygon","coordinates":[[[-89.1241,47.9347],[-89.1214,47.9369],[-89.1222,47.9349],[-89.1211,47.9336],[-89.1209,47.9352],[-89.1166,47.9364],[-89.1202,47.935],[-89.1199,47.9342],[-89.1216,47.9329],[-89.1241,47.9347]]]},{"type":"Polygon","coordinates":[[[-89.139,47.9353],[-89.1443,47.9335],[-89.1331,47.9374],[-89.1377,47.9351],[-89.138,47.9329],[-89.139,47.9353]]]},{"type":"Polygon","coordinates":[[[-89.0948,47.9399],[-89.095,47.9371],[-89.0989,47.9368],[-89.0948,47.9399]]]},{"type":"Polygon","coordinates":[[[-89.0535,47.9381],[-89.0731,47.933],[-89.0794,47.9325],[-89.0696,47.9345],[-89.0607,47.9385],[-89.0576,47.9383],[-89.0552,47.9402],[-89.0564,47.9414],[-89.0502,47.9447],[-89.0451,47.9457],[-89.0456,47.9444],[-89.0509,47.9441],[-89.0539,47.941],[-89.0514,47.9401],[-89.0468,47.9419],[-89.0433,47.9417],[-89.0483,47.9391],[-89.0516,47.9393],[-89.0501,47.9381],[-89.0446,47.9386],[-89.0462,47.9379],[-89.0535,47.9381]]]},{"type":"Polygon","coordinates":[[[-89.1246,47.94],[-89.1271,47.9384],[-89.1285,47.9383],[-89.1263,47.9397],[-89.1246,47.94]]]},{"type":"Polygon","coordinates":[[[-89.1319,47.941],[-89.1345,47.9391],[-89.1347,47.9393],[-89.1326,47.9412],[-89.1319,47.941]]]},{"type":"Polygon","coordinates":[[[-89.1312,47.9359],[-89.1291,47.9481],[-89.1279,47.9485],[-89.1312,47.9359]]]},{"type":"Polygon","coordinates":[[[-89.1219,47.9438],[-89.1205,47.9448],[-89.121,47.9504],[-89.1199,47.9529],[-89.1189,47.9517],[-89.1208,47.9389],[-89.1219,47.9438]]]},{"type":"Polygon","coordinates":[[[-89.1309,47.9481],[-89.1305,47.9475],[-89.1316,47.947],[-89.1309,47.9481]]]},{"type":"Polygon","coordinates":[[[-89.1227,47.9501],[-89.1258,47.9489],[-89.1266,47.9489],[-89.1254,47.95],[-89.1227,47.9501]]]},{"type":"Polygon","coordinates":[[[-89.1234,47.9518],[-89.1218,47.9514],[-89.1273,47.9502],[-89.1234,47.9518]]]},{"type":"Polygon","coordinates":[[[-89.1142,47.9363],[-89.1091,47.939],[-89.1135,47.9394],[-89.113,47.9405],[-89.1144,47.942],[-89.1121,47.9448],[-89.1116,47.9489],[-89.1107,47.948],[-89.1073,47.9492],[-89.1115,47.9473],[-89.1113,47.945],[-89.1026,47.948],[-89.1041,47.9497],[-89.1024,47.9515],[-89.102,47.9544],[-89.1036,47.9556],[-89.1018,47.9567],[-89.1031,47.958],[-89.1021,47.9598],[-89.1006,47.9599],[-89.102,47.958],[-89.1002,47.9572],[-89.0948,47.9597],[-89.0964,47.9608],[-89.0991,47.9594],[-89.0974,47.9621],[-89.0942,47.9603],[-89.0876,47.9617],[-89.0876,47.9629],[-89.0907,47.9621],[-89.0913,47.9629],[-89.0873,47.9643],[-89.0806,47.9645],[-89.0798,47.9662],[-89.0792,47.9651],[-89.0768,47.9658],[-89.0759,47.9647],[-89.0742,47.9658],[-89.0754,47.9641],[-89.0793,47.9641],[-89.0823,47.9616],[-89.084,47.9623],[-89.0852,47.9608],[-89.0937,47.96],[-89.0949,47.9566],[-89.0956,47.9582],[-89.1012,47.9568],[-89.1024,47.9497],[-89.1006,47.9481],[-89.1021,47.9455],[-89.0982,47.9466],[-89.0936,47.9457],[-89.1008,47.9448],[-89.1085,47.9406],[-89.1077,47.9391],[-89.1034,47.9415],[-89.1032,47.9402],[-89.1099,47.9374],[-89.1142,47.9363]],[[-89.1111,47.9403],[-89.1064,47.9426],[-89.1033,47.945],[-89.1054,47.9449],[-89.1041,47.9458],[-89.1049,47.9463],[-89.1113,47.9445],[-89.1127,47.9436],[-89.111,47.943],[-89.1114,47.9422],[-89.1134,47.9412],[-89.1111,47.9403]],[[-89.0838,47.9625],[-89.0839,47.9625],[-89.084,47.9624],[-89.0838,47.9625]]]},{"type":"Polygon","coordinates":[[[-89.1102,47.9529],[-89.111,47.951],[-89.1163,47.9502],[-89.1151,47.9509],[-89.116,47.9513],[-89.1111,47.9536],[-89.1115,47.9563],[-89.1099,47.9566],[-89.1102,47.9529]],[[-89.1141,47.9513],[-89.1116,47.9515],[-89.1108,47.9526],[-89.1125,47.9525],[-89.1141,47.9513]]]},{"type":"Polygon","coordinates":[[[-89.1276,47.9528],[-89.1247,47.9543],[-89.122,47.9551],[-89.1276,47.9528]]]},{"type":"Polygon","coordinates":[[[-89.1142,47.9553],[-89.1173,47.9538],[-89.1191,47.9528],[-89.1186,47.9534],[-89.1142,47.9553]]]},{"type":"Polygon","coordinates":[[[-89.1093,47.9546],[-89.1081,47.9551],[-89.1078,47.9548],[-89.1093,47.9546]]]},{"type":"Polygon","coordinates":[[[-89.0501,47.9534],[-89.053,47.954],[-89.0513,47.9559],[-89.0449,47.9568],[-89.0501,47.9534]]]},{"type":"Polygon","coordinates":[[[-89.094,47.9557],[-89.0934,47.9565],[-89.0921,47.9563],[-89.0927,47.9558],[-89.094,47.9557]]]},{"type":"Polygon","coordinates":[[[-89.104,47.9577],[-89.1084,47.9558],[-89.1058,47.9575],[-89.104,47.9577]]]},{"type":"Polygon","coordinates":[[[-89.0588,47.956],[-89.0592,47.9578],[-89.0585,47.9581],[-89.0576,47.9567],[-89.0588,47.956]]]},{"type":"Polygon","coordinates":[[[-89.1053,47.9585],[-89.1039,47.9591],[-89.103,47.9585],[-89.1053,47.9585]]]},{"type":"Polygon","coordinates":[[[-89.1139,47.9584],[-89.1114,47.9599],[-89.11,47.9598],[-89.1139,47.9584]]]},{"type":"Polygon","coordinates":[[[-89.0594,47.9609],[-89.0614,47.96],[-89.0614,47.9602],[-89.0594,47.9609]]]},{"type":"Polygon","coordinates":[[[-89.0478,47.9653],[-89.0588,47.9609],[-89.0576,47.9618],[-89.0515,47.9647],[-89.0478,47.9653]]]},{"type":"Polygon","coordinates":[[[-89.0587,47.9619],[-89.0533,47.9652],[-89.0519,47.9653],[-89.0587,47.9619]]]},{"type":"Polygon","coordinates":[[[-89.0934,47.9653],[-89.0952,47.9648],[-89.0956,47.965],[-89.0943,47.966],[-89.0934,47.9653]]]},{"type":"Polygon","coordinates":[[[-89.0857,47.9667],[-89.083,47.9671],[-89.0811,47.9682],[-89.0821,47.9668],[-89.0857,47.9667]]]},{"type":"Polygon","coordinates":[[[-89.0753,47.9695],[-89.0736,47.9714],[-89.0696,47.9721],[-89.076,47.9688],[-89.0774,47.9699],[-89.0753,47.9695]]]},{"type":"Polygon","coordinates":[[[-89.0653,47.9701],[-89.069,47.9698],[-89.0708,47.9708],[-89.0664,47.9727],[-89.0688,47.9708],[-89.0615,47.9723],[-89.0626,47.971],[-89.0654,47.9709],[-89.0642,47.9698],[-89.0658,47.9687],[-89.0653,47.9701]]]},{"type":"Polygon","coordinates":[[[-89.0551,47.9722],[-89.0562,47.9714],[-89.0566,47.9718],[-89.0551,47.9722]]]},{"type":"Polygon","coordinates":[[[-89.0758,47.9717],[-89.0719,47.9738],[-89.0701,47.9742],[-89.0758,47.9717]]]},{"type":"Polygon","coordinates":[[[-89.0586,47.9748],[-89.0568,47.9755],[-89.0587,47.9739],[-89.0586,47.9748]]]},{"type":"Polygon","coordinates":[[[-89.0594,47.9756],[-89.058,47.9753],[-89.0596,47.9749],[-89.0594,47.9756]]]},{"type":"Polygon","coordinates":[[[-89.0551,47.9758],[-89.052,47.9783],[-89.0506,47.9782],[-89.0551,47.9758]]]},{"type":"Polygon","coordinates":[[[-89.0334,47.8568],[-89.0343,47.8572],[-89.0333,47.857],[-89.0334,47.8568]]]},{"type":"Polygon","coordinates":[[[-89.0313,47.8569],[-89.0318,47.8584],[-89.0249,47.8595],[-89.0313,47.8569]]]},{"type":"Polygon","coordinates":[[[-89.0207,47.8599],[-89.021,47.8605],[-89.0201,47.8603],[-89.0207,47.8599]]]},{"type":"Polygon","coordinates":[[[-89.0642,47.8571],[-89.0594,47.8583],[-89.0502,47.8587],[-89.0484,47.8582],[-89.0439,47.8589],[-89.0422,47.8605],[-89.0268,47.864],[-89.0232,47.8623],[-89.0228,47.8642],[-89.0206,47.8655],[-89.0194,47.8652],[-89.021,47.8644],[-89.0194,47.8636],[-89.0213,47.8625],[-89.0237,47.8619],[-89.027,47.862],[-89.0354,47.859],[-89.0405,47.8592],[-89.0432,47.8573],[-89.0439,47.8585],[-89.0459,47.8576],[-89.0457,47.8565],[-89.0512,47.8586],[-89.0582,47.8581],[-89.0635,47.8561],[-89.0642,47.8571]],[[-89.0429,47.8591],[-89.0422,47.8586],[-89.0407,47.86],[-89.0414,47.8603],[-89.0429,47.8591]],[[-89.0282,47.8621],[-89.0311,47.8615],[-89.0318,47.8612],[-89.029,47.8613],[-89.0282,47.8621]]]},{"type":"Polygon","coordinates":[[[-89.0342,47.8652],[-89.0352,47.8641],[-89.0355,47.8642],[-89.0356,47.8647],[-89.0342,47.8652]]]},{"type":"Polygon","coordinates":[[[-89.0304,47.8653],[-89.0324,47.8641],[-89.0329,47.8646],[-89.0325,47.8653],[-89.0304,47.8653]]]},{"type":"Polygon","coordinates":[[[-89.0481,47.8656],[-89.0469,47.8662],[-89.0467,47.8651],[-89.0475,47.8651],[-89.0481,47.8656]]]},{"type":"Polygon","coordinates":[[[-89.0032,47.8653],[-89.0032,47.8663],[-89.0013,47.8663],[-89.0032,47.8653]]]},{"type":"Polygon","coordinates":[[[-89.0095,47.8678],[-89.0124,47.8643],[-89.015,47.8657],[-89.0145,47.8639],[-89.0192,47.8636],[-89.0162,47.8653],[-89.0185,47.8666],[-89.0041,47.8699],[-89.0012,47.8688],[-89.0058,47.8669],[-89.0063,47.8677],[-89.0079,47.8662],[-89.009,47.8665],[-89.0087,47.8682],[-89.0124,47.8672],[-89.0095,47.8678]]]},{"type":"Polygon","coordinates":[[[-89.0043,47.8667],[-89.0029,47.8677],[-89.0015,47.8672],[-89.0043,47.8667]]]},{"type":"Polygon","coordinates":[[[-89.0503,47.8674],[-89.0447,47.87],[-89.0471,47.8687],[-89.0477,47.8661],[-89.0503,47.8674]]]},{"type":"Polygon","coordinates":[[[-89.027,47.8669],[-89.0306,47.867],[-89.0282,47.8696],[-89.0233,47.8699],[-89.0241,47.8702],[-89.0244,47.8709],[-89.0307,47.8701],[-89.0297,47.8686],[-89.0319,47.8663],[-89.0368,47.8647],[-89.0425,47.8671],[-89.039,47.8642],[-89.0398,47.864],[-89.045,47.8645],[-89.0446,47.8663],[-89.0465,47.8662],[-89.0455,47.869],[-89.0239,47.8731],[-89.024,47.8704],[-89.023,47.87],[-89.0225,47.8687],[-89.027,47.8669]],[[-89.0267,47.8686],[-89.0281,47.8679],[-89.0261,47.8681],[-89.0267,47.8686]],[[-89.0416,47.8692],[-89.0428,47.8678],[-89.0396,47.8694],[-89.0416,47.8692]]]},{"type":"Polygon","coordinates":[[[-89.015,47.8701],[-89.0094,47.8716],[-89.009,47.8716],[-89.0098,47.871],[-89.015,47.8701]]]},{"type":"Polygon","coordinates":[[[-88.9892,47.8733],[-88.9929,47.8718],[-88.9933,47.8731],[-88.9892,47.8733]]]},{"type":"Polygon","coordinates":[[[-89.0495,47.8735],[-89.0405,47.8742],[-89.0398,47.8751],[-89.0384,47.875],[-89.0361,47.8761],[-89.0346,47.8763],[-89.0342,47.8761],[-89.0366,47.8752],[-89.0359,47.8742],[-89.0399,47.8741],[-89.0386,47.8738],[-89.0404,47.8733],[-89.0391,47.8729],[-89.0422,47.8713],[-89.052,47.8716],[-89.0495,47.8735]],[[-89.0468,47.8722],[-89.0483,47.8725],[-89.0485,47.8721],[-89.0468,47.8722]],[[-89.0458,47.8722],[-89.0436,47.8717],[-89.0423,47.8727],[-89.0458,47.8722]],[[-89.0378,47.8747],[-89.0369,47.8744],[-89.0368,47.8748],[-89.0378,47.8747]]]},{"type":"Polygon","coordinates":[[[-88.9946,47.8752],[-89.0052,47.8722],[-89.0062,47.8723],[-88.9946,47.8752]]]},{"type":"Polygon","coordinates":[[[-88.9905,47.874],[-88.994,47.8734],[-88.9921,47.874],[-88.9906,47.8742],[-88.9905,47.874]]]},{"type":"Polygon","coordinates":[[[-89.0302,47.8744],[-89.0355,47.8732],[-89.0361,47.8739],[-89.0316,47.8747],[-89.0302,47.8744]]]},{"type":"Polygon","coordinates":[[[-89.0429,47.8743],[-89.0438,47.8745],[-89.0452,47.8744],[-89.0452,47.8745],[-89.0436,47.8748],[-89.0429,47.8743]]]},{"type":"Polygon","coordinates":[[[-88.9868,47.8742],[-88.9884,47.8746],[-88.9841,47.876],[-88.9864,47.8752],[-88.9868,47.8742]]]},{"type":"Polygon","coordinates":[[[-89.0298,47.8769],[-89.0279,47.8759],[-89.0317,47.8753],[-89.0294,47.8761],[-89.0298,47.8769]]]},{"type":"Polygon","coordinates":[[[-89.0125,47.8767],[-89.0137,47.8768],[-89.0119,47.8772],[-89.0125,47.8767]]]},{"type":"Polygon","coordinates":[[[-89.0316,47.878],[-89.0351,47.8772],[-89.0313,47.8783],[-89.0316,47.878]]]},{"type":"Polygon","coordinates":[[[-89.0201,47.8808],[-89.0281,47.8796],[-89.0288,47.8793],[-89.0283,47.879],[-89.0275,47.8775],[-89.0249,47.8768],[-89.0263,47.8762],[-89.0216,47.8767],[-89.0197,47.8773],[-89.0195,47.8772],[-89.0293,47.8746],[-89.0276,47.8753],[-89.0277,47.8763],[-89.029,47.8766],[-89.028,47.8779],[-89.0288,47.8791],[-89.0292,47.878],[-89.0306,47.8786],[-89.0268,47.8808],[-89.0201,47.8808]],[[-89.0265,47.8762],[-89.0282,47.877],[-89.0285,47.8767],[-89.0265,47.8762]]]},{"type":"Polygon","coordinates":[[[-89.024,47.878],[-89.0227,47.8788],[-89.0223,47.8782],[-89.024,47.878]]]},{"type":"Polygon","coordinates":[[[-89.0033,47.8786],[-88.9798,47.8853],[-88.979,47.8835],[-88.9764,47.8827],[-88.981,47.8826],[-88.9747,47.882],[-88.9822,47.8801],[-88.9852,47.8807],[-88.9876,47.878],[-88.9907,47.8768],[-88.9879,47.8763],[-88.9922,47.8755],[-88.9912,47.8767],[-88.9945,47.8764],[-88.9929,47.8794],[-88.9953,47.8763],[-89.0044,47.8738],[-89.0012,47.8753],[-89.0033,47.8786]],[[-88.991,47.8803],[-88.9871,47.8804],[-88.9861,47.8813],[-88.9817,47.8825],[-88.991,47.8803]],[[-88.9867,47.8802],[-88.9851,47.881],[-88.9857,47.8811],[-88.9867,47.8802]]]},{"type":"Polygon","coordinates":[[[-89.019,47.8788],[-89.0026,47.8828],[-89.0039,47.8819],[-89.0022,47.8816],[-89.0005,47.8823],[-89.0014,47.8831],[-88.9963,47.885],[-88.9998,47.8826],[-88.9987,47.8817],[-89.019,47.8788]]]},{"type":"Polygon","coordinates":[[[-89.0212,47.8816],[-89.0166,47.883],[-89.016,47.8827],[-89.0182,47.8813],[-89.0212,47.8816]]]},{"type":"Polygon","coordinates":[[[-89.0114,47.8844],[-89.0114,47.8832],[-89.0135,47.8836],[-89.0114,47.8844]]]},{"type":"Polygon","coordinates":[[[-89.0074,47.884],[-89.0066,47.885],[-89.0003,47.8859],[-89.0074,47.884]]]},{"type":"Polygon","coordinates":[[[-88.9867,47.8854],[-88.9935,47.883],[-88.9956,47.884],[-88.9888,47.8876],[-88.9869,47.8868],[-88.9867,47.8854]]]},{"type":"Polygon","coordinates":[[[-88.9852,47.8873],[-88.9853,47.8856],[-88.9863,47.887],[-88.9852,47.8873]]]},{"type":"Polygon","coordinates":[[[-88.9952,47.8877],[-88.9921,47.887],[-88.9992,47.8854],[-89.0009,47.8862],[-88.9988,47.8859],[-88.9952,47.8877]]]},{"type":"Polygon","coordinates":[[[-89.0527,47.8915],[-89.0514,47.8941],[-89.043,47.8941],[-89.0489,47.8933],[-89.0527,47.8915]]]},{"type":"Polygon","coordinates":[[[-89.036,47.8948],[-89.0368,47.8955],[-89.0358,47.8953],[-89.036,47.8948]]]},{"type":"Polygon","coordinates":[[[-89.0386,47.8961],[-89.0382,47.8948],[-89.0407,47.8949],[-89.0386,47.8961]]]},{"type":"Polygon","coordinates":[[[-89.0355,47.896],[-89.0348,47.8967],[-89.0352,47.8959],[-89.0355,47.896]]]},{"type":"Polygon","coordinates":[[[-89.045,47.8968],[-89.0404,47.8979],[-89.0401,47.8977],[-89.0414,47.8961],[-89.045,47.8968]]]},{"type":"Polygon","coordinates":[[[-88.9994,47.8998],[-88.9988,47.9008],[-88.9975,47.9007],[-88.9979,47.9002],[-88.9994,47.8998]]]},{"type":"Polygon","coordinates":[[[-89.0374,47.9014],[-89.0377,47.8999],[-89.0403,47.8996],[-89.0398,47.9007],[-89.0374,47.9014]]]},{"type":"Polygon","coordinates":[[[-89.0406,47.901],[-89.0433,47.9],[-89.0452,47.9006],[-89.0406,47.901]]]},{"type":"Polygon","coordinates":[[[-89.0269,47.9017],[-89.028,47.9009],[-89.029,47.9013],[-89.0277,47.902],[-89.0269,47.9017]]]},{"type":"Polygon","coordinates":[[[-89.0202,47.903],[-89.0229,47.902],[-89.0239,47.9021],[-89.0217,47.9031],[-89.0202,47.903]]]},{"type":"Polygon","coordinates":[[[-89.0313,47.9067],[-89.0329,47.9083],[-89.0278,47.9094],[-89.0286,47.9078],[-89.033,47.9054],[-89.0313,47.9067]]]},{"type":"Polygon","coordinates":[[[-89.0089,47.9094],[-89.0126,47.9084],[-89.0132,47.9082],[-89.012,47.9088],[-89.0089,47.9094]]]},{"type":"Polygon","coordinates":[[[-89.0136,47.9091],[-89.0086,47.9098],[-89.0126,47.9088],[-89.0136,47.9091]]]},{"type":"Polygon","coordinates":[[[-89.0269,47.9045],[-89.0312,47.9037],[-89.0304,47.9043],[-89.0316,47.9049],[-89.0277,47.9073],[-89.027,47.9091],[-89.0215,47.9107],[-89.02,47.9126],[-89.0177,47.913],[-89.0182,47.9123],[-89.0168,47.9122],[-89.0191,47.9117],[-89.0176,47.9111],[-89.0152,47.9118],[-89.0172,47.9128],[-89.0193,47.9171],[-89.0171,47.914],[-89.0136,47.914],[-89.0148,47.9126],[-89.0141,47.9111],[-89.0156,47.9113],[-89.0171,47.9097],[-89.0164,47.9077],[-89.0173,47.9072],[-89.0158,47.9073],[-89.0167,47.9066],[-89.0266,47.9052],[-89.0215,47.9052],[-89.024,47.9034],[-89.0264,47.9034],[-89.0269,47.9045]]]},{"type":"Polygon","coordinates":[[[-89.0129,47.9101],[-89.0103,47.9122],[-89.0084,47.9112],[-89.0129,47.9101]]]},{"type":"Polygon","coordinates":[[[-89.0288,47.9152],[-89.0226,47.9134],[-89.0266,47.9128],[-89.0288,47.9146],[-89.0435,47.9138],[-89.0288,47.9152]]]},{"type":"Polygon","coordinates":[[[-88.9887,47.9163],[-88.9964,47.9117],[-88.9971,47.9136],[-89.0003,47.9138],[-89.0072,47.9119],[-89.0132,47.9142],[-88.9944,47.9203],[-88.9883,47.9196],[-88.9887,47.9163]],[[-88.9951,47.9142],[-88.9957,47.9133],[-88.9944,47.9138],[-88.9951,47.9142]],[[-88.9936,47.9162],[-88.995,47.9157],[-88.994,47.9152],[-88.9936,47.9162]]]},{"type":"Polygon","coordinates":[[[-89.0447,47.9193],[-89.0441,47.9185],[-89.0457,47.9183],[-89.0447,47.9193]]]},{"type":"Polygon","coordinates":[[[-89.0113,47.9198],[-89.0103,47.9188],[-89.0098,47.9187],[-89.0109,47.9185],[-89.0113,47.9198]]]},{"type":"Polygon","coordinates":[[[-89.0082,47.9195],[-89.0034,47.9192],[-89.0022,47.9198],[-88.9992,47.9197],[-89.0033,47.919],[-89.0082,47.9195]]]},{"type":"Polygon","coordinates":[[[-89.0371,47.9204],[-89.0401,47.9199],[-89.041,47.9202],[-89.0376,47.9213],[-89.0371,47.9204]]]},{"type":"Polygon","coordinates":[[[-89.0116,47.9217],[-89.0139,47.9207],[-89.0141,47.9208],[-89.0116,47.9217]]]},{"type":"Polygon","coordinates":[[[-88.9916,47.9223],[-88.9909,47.9232],[-88.9901,47.9227],[-88.9906,47.9223],[-88.9916,47.9223]]]},{"type":"Polygon","coordinates":[[[-89.0314,47.9243],[-89.0288,47.9253],[-89.028,47.9251],[-89.0306,47.924],[-89.0314,47.9243]]]},{"type":"Polygon","coordinates":[[[-89.0339,47.9249],[-89.0345,47.9245],[-89.0357,47.9245],[-89.0339,47.9249]]]},{"type":"Polygon","coordinates":[[[-89.005,47.9248],[-89.0037,47.9251],[-89.0016,47.925],[-89.0029,47.9245],[-89.005,47.9248]]]},{"type":"Polygon","coordinates":[[[-88.9987,47.9261],[-88.9945,47.9277],[-88.9914,47.9275],[-88.9987,47.9261]]]},{"type":"Polygon","coordinates":[[[-89.0345,47.9277],[-89.0357,47.9263],[-89.0369,47.9268],[-89.037,47.9275],[-89.0345,47.9277]],[[-89.0361,47.9266],[-89.0361,47.9271],[-89.0363,47.9267],[-89.0361,47.9266]]]},{"type":"Polygon","coordinates":[[[-89.0221,47.9286],[-89.0228,47.928],[-89.0235,47.9281],[-89.0221,47.9286]]]},{"type":"Polygon","coordinates":[[[-89.0293,47.9231],[-89.0194,47.9269],[-89.02,47.9272],[-89.0236,47.9267],[-89.0246,47.9269],[-89.0218,47.9274],[-89.0194,47.9273],[-89.0185,47.9267],[-89.0175,47.9269],[-89.0148,47.9289],[-89.0197,47.9283],[-89.0151,47.9301],[-89.0101,47.9296],[-88.9997,47.9346],[-89.0018,47.9321],[-89.0169,47.9255],[-89.0293,47.9231]],[[-89.0155,47.9272],[-89.0121,47.9282],[-89.0166,47.9273],[-89.0155,47.9272]],[[-89.0144,47.9291],[-89.0144,47.9283],[-89.0131,47.9292],[-89.0144,47.9291]]]},{"type":"Polygon","coordinates":[[[-89.0039,47.9295],[-89.0057,47.9293],[-89.0059,47.9296],[-89.0039,47.9295]]]},{"type":"Polygon","coordinates":[[[-89.0021,47.9291],[-89.0024,47.9301],[-89.0015,47.9295],[-89.0021,47.9291]]]},{"type":"Polygon","coordinates":[[[-88.9954,47.9324],[-88.9977,47.9321],[-88.997,47.9325],[-88.9954,47.9324]]]},{"type":"Polygon","coordinates":[[[-89.0059,47.937],[-89.0034,47.9392],[-89.0053,47.9374],[-89.006,47.9337],[-89.018,47.9306],[-89.0071,47.9345],[-89.0065,47.9359],[-89.0107,47.9358],[-89.0107,47.9364],[-89.0053,47.938],[-89.0085,47.9365],[-89.0058,47.936],[-89.0059,47.937]]]},{"type":"Polygon","coordinates":[[[-88.994,47.9355],[-88.9975,47.9338],[-88.9952,47.9358],[-88.9975,47.9367],[-88.9936,47.937],[-88.995,47.9367],[-88.994,47.9355]]]},{"type":"Polygon","coordinates":[[[-88.9907,47.9373],[-88.9927,47.9363],[-88.9932,47.9366],[-88.9907,47.9373]]]},{"type":"Polygon","coordinates":[[[-89.035,47.9412],[-89.0297,47.9421],[-89.029,47.9419],[-89.035,47.9412]]]},{"type":"Polygon","coordinates":[[[-89.0355,47.944],[-89.037,47.9445],[-89.0352,47.9444],[-89.0355,47.944]]]},{"type":"Polygon","coordinates":[[[-89.0091,47.9463],[-89.0112,47.947],[-88.9944,47.9512],[-88.9997,47.9485],[-89.0091,47.9463]]]},{"type":"Polygon","coordinates":[[[-89.0823,47.9345],[-89.081,47.934],[-89.085,47.9336],[-89.0907,47.9344],[-89.0952,47.9333],[-89.096,47.9332],[-89.0965,47.9333],[-89.0901,47.9356],[-89.0879,47.9386],[-89.0893,47.94],[-89.0822,47.9431],[-89.0773,47.9441],[-89.0742,47.9464],[-89.087,47.9453],[-89.0901,47.9475],[-89.0889,47.9493],[-89.0915,47.9483],[-89.0932,47.9479],[-89.094,47.9478],[-89.0943,47.9479],[-89.0889,47.9494],[-89.0884,47.9504],[-89.0894,47.9508],[-89.0983,47.9486],[-89.0945,47.9508],[-89.0888,47.9519],[-89.0881,47.9532],[-89.0882,47.9551],[-89.0963,47.9526],[-89.097,47.9534],[-89.0946,47.9547],[-89.0977,47.9545],[-89.0939,47.9555],[-89.0913,47.9547],[-89.0882,47.956],[-89.0917,47.9569],[-89.0914,47.9575],[-89.0852,47.9576],[-89.0834,47.9566],[-89.0878,47.9552],[-89.0878,47.9532],[-89.0817,47.9552],[-89.0842,47.9537],[-89.0809,47.9533],[-89.0774,47.9557],[-89.0711,47.9572],[-89.0718,47.9581],[-89.073,47.9581],[-89.0745,47.9574],[-89.0747,47.9575],[-89.0717,47.9588],[-89.0717,47.9603],[-89.0793,47.9592],[-89.0805,47.9605],[-89.0779,47.9598],[-89.077,47.9615],[-89.07556666666666,47.960233333333335],[-89.0716,47.9616],[-89.0695,47.9676],[-89.0684,47.966],[-89.0694,47.9643],[-89.0682,47.9645],[-89.067,47.9661],[-89.0666,47.9659],[-89.07,47.9619],[-89.0665,47.9632],[-89.0651,47.9663],[-89.0624,47.9668],[-89.0653,47.9645],[-89.064,47.9626],[-89.0661,47.963],[-89.0707,47.9595],[-89.0618,47.9612],[-89.0623,47.9553],[-89.0587,47.9547],[-89.0616,47.9529],[-89.0615,47.9516],[-89.0591,47.9512],[-89.0536,47.9542],[-89.0519,47.9526],[-89.0572,47.949],[-89.0684,47.9475],[-89.0673,47.9491],[-89.0693,47.9485],[-89.0715,47.9462],[-89.0855,47.9407],[-89.0885,47.9364],[-89.0769,47.9385],[-89.0593,47.9471],[-89.0458,47.9507],[-89.0458,47.9525],[-89.0342,47.9553],[-89.0322,47.9566],[-89.0329,47.9571],[-89.0311,47.9595],[-89.0314,47.9611],[-89.0337,47.9614],[-89.0328,47.9625],[-89.0328,47.9616],[-89.0314,47.9613],[-89.0309,47.9609],[-89.0303,47.9591],[-89.0274,47.9626],[-89.0241,47.9629],[-89.0224,47.9634],[-89.0244,47.9631],[-89.0221,47.9653],[-89.0247,47.9636],[-89.0259,47.9636],[-89.0264,47.9643],[-89.025,47.9639],[-89.0243,47.9651],[-89.0253,47.9646],[-89.027,47.9644],[-89.0278,47.9646],[-89.0301,47.9637],[-89.0304,47.9638],[-89.0286,47.9648],[-89.0227,47.9659],[-89.0163,47.965],[-89.0216,47.9629],[-89.0271,47.9622],[-89.0292,47.9583],[-89.0266,47.9581],[-89.0072,47.9634],[-89.0038,47.9659],[-89.0078,47.9662],[-89.0092,47.965],[-89.0081,47.9669],[-89.0048,47.9677],[-89.0018,47.9664],[-89.0,47.9674],[-88.997,47.9666],[-88.9928,47.9681],[-88.992,47.9671],[-89.0033,47.9651],[-89.0071,47.9622],[-89.0326,47.955],[-89.0463,47.9488],[-89.0519,47.9483],[-89.0666,47.9413],[-89.074,47.9391],[-89.0767,47.9368],[-89.0819,47.9361],[-89.0823,47.9345]],[[-89.0895,47.9354],[-89.0854,47.9339],[-89.0837,47.935],[-89.0843,47.9355],[-89.0895,47.9354]],[[-89.0877,47.9493],[-89.0827,47.9502],[-89.0871,47.9474],[-89.08,47.9482],[-89.0817,47.9505],[-89.0735,47.9531],[-89.073,47.9541],[-89.0745,47.9547],[-89.0687,47.9565],[-89.0727,47.9543],[-89.0696,47.9547],[-89.072,47.9526],[-89.0685,47.952],[-89.0658,47.9543],[-89.0685,47.9552],[-89.0628,47.9579],[-89.0645,47.959],[-89.0675,47.9577],[-89.0774,47.9555],[-89.081,47.953],[-89.0773,47.9531],[-89.079,47.9523],[-89.0858,47.953],[-89.0876,47.9503],[-89.0845,47.9514],[-89.0832,47.9516],[-89.0829,47.9514],[-89.0877,47.9493]],[[-89.077,47.9469],[-89.0682,47.9493],[-89.0675,47.9501],[-89.0755,47.9489],[-89.077,47.9469]],[[-89.0673,47.9509],[-89.0651,47.949],[-89.0605,47.9504],[-89.0673,47.9509]],[[-89.0771,47.9492],[-89.0795,47.9492],[-89.0792,47.9482],[-89.0768,47.9476],[-89.0771,47.9492]],[[-89.074,47.9527],[-89.0738,47.9518],[-89.0726,47.9522],[-89.0727,47.9525],[-89.074,47.9527]],[[-89.0631,47.9548],[-89.0638,47.9554],[-89.0654,47.9545],[-89.0645,47.9543],[-89.0631,47.9548]],[[-89.0876,47.9563],[-89.0868,47.9567],[-89.0876,47.9569],[-89.0876,47.9563]]]},{"type":"Polygon","coordinates":[[[-89.0035,47.958],[-89.0043,47.9585],[-89.0034,47.9585],[-89.0035,47.958]]]},{"type":"Polygon","coordinates":[[[-89.0438,47.9588],[-89.0415,47.9609],[-89.0398,47.9597],[-89.0438,47.9588]]]},{"type":"Polygon","coordinates":[[[-89.0324,47.9618],[-89.0312,47.9616],[-89.0301,47.9613],[-89.0324,47.9618]]]},{"type":"Polygon","coordinates":[[[-89.0295,47.962],[-89.0309,47.9628],[-89.0283,47.9625],[-89.0295,47.962]]]},{"type":"Polygon","coordinates":[[[-89.0277,47.9639],[-89.0266,47.9636],[-89.0284,47.9632],[-89.0277,47.9639]]]},{"type":"Polygon","coordinates":[[[-89.0496,47.9672],[-89.0603,47.962],[-89.0622,47.9625],[-89.0606,47.9635],[-89.0619,47.9649],[-89.0572,47.967],[-89.0581,47.9689],[-89.0486,47.9722],[-89.0468,47.9747],[-89.0405,47.973],[-89.0427,47.9713],[-89.0439,47.9734],[-89.0502,47.9714],[-89.053,47.9684],[-89.0605,47.9635],[-89.0459,47.9686],[-89.0402,47.9692],[-89.0381,47.971],[-89.0344,47.9701],[-89.0428,47.9673],[-89.0446,47.9654],[-89.0366,47.9656],[-89.0321,47.9675],[-89.0351,47.9653],[-89.039,47.965],[-89.0415,47.9616],[-89.0575,47.9551],[-89.0557,47.9584],[-89.0492,47.9605],[-89.0501,47.9612],[-89.0531,47.9599],[-89.0536,47.9611],[-89.0482,47.9625],[-89.0496,47.9629],[-89.0457,47.9648],[-89.0456,47.9659],[-89.0496,47.9672]],[[-89.0549,47.9696],[-89.057,47.9682],[-89.0571,47.9678],[-89.0533,47.9688],[-89.0549,47.9696]],[[-89.0471,47.9614],[-89.0422,47.9646],[-89.0446,47.965],[-89.0475,47.9636],[-89.048,47.9621],[-89.0471,47.9614]],[[-89.0409,47.963],[-89.0452,47.9618],[-89.0415,47.962],[-89.0409,47.963]]]},{"type":"Polygon","coordinates":[[[-89.0276,47.9676],[-89.0297,47.9661],[-89.0316,47.9685],[-89.0277,47.9691],[-89.0295,47.968],[-89.0276,47.9676]]]},{"type":"Polygon","coordinates":[[[-89.0176,47.9685],[-89.018,47.968],[-89.0188,47.9678],[-89.0176,47.9685]]]},{"type":"Polygon","coordinates":[[[-89.0322,47.9687],[-89.033,47.9698],[-89.0315,47.9697],[-89.0322,47.9687]]]},{"type":"Polygon","coordinates":[[[-89.0247,47.9695],[-89.0248,47.9686],[-89.0254,47.97],[-89.0247,47.9695]]]},{"type":"Polygon","coordinates":[[[-89.0239,47.9701],[-89.0228,47.9712],[-89.0225,47.9701],[-89.0239,47.9701]]]},{"type":"Polygon","coordinates":[[[-89.0311,47.9705],[-89.0319,47.9706],[-89.0306,47.9712],[-89.0311,47.9705]]]},{"type":"Polygon","coordinates":[[[-89.0298,47.9705],[-89.0302,47.9712],[-89.0295,47.9712],[-89.0298,47.9705]]]},{"type":"Polygon","coordinates":[[[-89.0346,47.9716],[-89.0355,47.9718],[-89.0344,47.9722],[-89.0346,47.9716]]]},{"type":"Polygon","coordinates":[[[-89.0314,47.9736],[-89.0325,47.9727],[-89.0329,47.9733],[-89.0325,47.9742],[-89.0314,47.9736]]]},{"type":"Polygon","coordinates":[[[-89.0254,47.9722],[-89.0243,47.9747],[-89.0161,47.977],[-89.015,47.9739],[-89.0129,47.9728],[-89.0204,47.9704],[-89.0194,47.9736],[-89.0254,47.9722]],[[-89.0175,47.9761],[-89.0187,47.9747],[-89.016,47.9752],[-89.0175,47.9761]]]},{"type":"Polygon","coordinates":[[[-89.0347,47.9765],[-89.0349,47.9751],[-89.0368,47.9759],[-89.0363,47.9768],[-89.0347,47.9765]]]},{"type":"Polygon","coordinates":[[[-89.0375,47.9758],[-89.0374,47.9774],[-89.037,47.9775],[-89.0375,47.9758]]]},{"type":"Polygon","coordinates":[[[-88.9863,47.9866],[-88.9948,47.9831],[-88.9983,47.9824],[-88.9935,47.9859],[-88.9859,47.9877],[-88.9863,47.9866]]]},{"type":"Polygon","coordinates":[[[-89.036,47.9852],[-89.0339,47.9856],[-89.0345,47.9849],[-89.0352,47.9847],[-89.036,47.9852]]]},{"type":"Polygon","coordinates":[[[-89.014,47.9846],[-89.0099,47.986],[-89.0111,47.9845],[-89.014,47.9846]]]},{"type":"Polygon","coordinates":[[[-89.0299,47.9866],[-89.0302,47.986],[-89.0317,47.9858],[-89.0299,47.9866]]]},{"type":"Polygon","coordinates":[[[-89.0051,47.9875],[-89.0071,47.9865],[-89.0071,47.9867],[-89.0051,47.9875]]]},{"type":"Polygon","coordinates":[[[-89.0273,47.9871],[-89.0231,47.9882],[-89.0259,47.9871],[-89.0273,47.9871]]]},{"type":"Polygon","coordinates":[[[-89.0345,47.9828],[-89.0334,47.9845],[-89.0329,47.9831],[-89.021,47.9854],[-89.0184,47.9881],[-89.0188,47.9853],[-89.0155,47.9851],[-89.0082,47.9886],[-89.0069,47.9925],[-89.0061,47.9926],[-89.0081,47.9876],[-88.9999,47.9909],[-88.9925,47.9932],[-88.9918,47.993],[-89.0045,47.9877],[-89.0073,47.9876],[-89.0088,47.9854],[-89.0105,47.9866],[-89.0163,47.9843],[-89.0183,47.984],[-89.0198,47.9853],[-89.0345,47.9828]],[[-89.0193,47.9854],[-89.0187,47.9866],[-89.0187,47.987],[-89.0194,47.9865],[-89.0193,47.9854]]]},{"type":"Polygon","coordinates":[[[-88.9987,47.9881],[-88.998,47.9881],[-88.9973,47.9874],[-88.9987,47.9881]]]},{"type":"Polygon","coordinates":[[[-88.997,47.9874],[-88.9931,47.9896],[-88.992,47.9892],[-88.9945,47.9869],[-88.9956,47.988],[-88.997,47.9874]]]},{"type":"Polygon","coordinates":[[[-89.0177,47.9889],[-89.0184,47.9895],[-89.0171,47.9895],[-89.0177,47.9889]]]},{"type":"Polygon","coordinates":[[[-89.0061,47.9886],[-89.0049,47.9896],[-89.0035,47.9901],[-89.0052,47.9889],[-89.0061,47.9886]]]},{"type":"Polygon","coordinates":[[[-89.0096,47.9908],[-89.0141,47.9893],[-89.0123,47.9907],[-89.0164,47.9895],[-89.0168,47.9897],[-89.0109,47.992],[-89.0114,47.9908],[-89.0096,47.9908]]]},{"type":"Polygon","coordinates":[[[-88.9986,47.9917],[-89.002,47.9905],[-89.0035,47.9901],[-89.0009,47.9913],[-88.9986,47.9917]]]},{"type":"Polygon","coordinates":[[[-88.9919,47.9937],[-88.9917,47.9942],[-88.9905,47.9947],[-88.9919,47.9937]]]},{"type":"Polygon","coordinates":[[[-89.001,47.9945],[-89.0051,47.9939],[-89.001,47.9949],[-89.001,47.9945]]]},{"type":"Polygon","coordinates":[[[-88.9942,47.9973],[-89.0006,47.9945],[-88.9998,47.9953],[-89.0011,47.9951],[-89.0024,47.9962],[-89.0002,47.9965],[-88.9999,47.9954],[-88.9942,47.9973]]]},{"type":"Polygon","coordinates":[[[-88.9898,47.9963],[-88.9941,47.9954],[-88.9932,47.9961],[-88.9945,47.9961],[-88.9919,47.9972],[-88.9898,47.9963]]]},{"type":"Polygon","coordinates":[[[-88.9885,48.0006],[-88.9893,48.0009],[-88.9884,48.0009],[-88.9885,48.0006]]]},{"type":"Polygon","coordinates":[[[-88.9882,48.0009],[-88.9875,48.0008],[-88.9882,48.0004],[-88.9882,48.0009]]]},{"type":"Polygon","coordinates":[[[-88.9849,47.8799],[-88.9837,47.8788],[-88.9857,47.88],[-88.9849,47.8799]]]},{"type":"Polygon","coordinates":[[[-88.9437,47.883],[-88.9429,47.8829],[-88.9439,47.8828],[-88.9437,47.883]]]},{"type":"Polygon","coordinates":[[[-88.9419,47.8835],[-88.9406,47.8841],[-88.9392,47.8843],[-88.9409,47.8836],[-88.9419,47.8835]]]},{"type":"Polygon","coordinates":[[[-88.9339,47.8861],[-88.9337,47.8862],[-88.9337,47.8861],[-88.9339,47.8861]]]},{"type":"Polygon","coordinates":[[[-88.9329,47.8866],[-88.9333,47.8864],[-88.9336,47.8866],[-88.9351,47.8862],[-88.9337,47.8867],[-88.9329,47.8866]]]},{"type":"Polygon","coordinates":[[[-88.9842,47.8873],[-88.9839,47.886],[-88.9846,47.8874],[-88.9842,47.8873]]]},{"type":"Polygon","coordinates":[[[-88.9826,47.8866],[-88.9834,47.8884],[-88.9822,47.8887],[-88.9806,47.8869],[-88.9826,47.8866]]]},{"type":"Polygon","coordinates":[[[-88.9615,47.8862],[-88.9687,47.8842],[-88.9701,47.8849],[-88.974,47.8824],[-88.977,47.8839],[-88.9778,47.886],[-88.9623,47.8907],[-88.976,47.888],[-88.9805,47.8888],[-88.9787,47.8901],[-88.9742,47.8914],[-88.9724,47.891],[-88.9772,47.8891],[-88.9575,47.8935],[-88.9567,47.8914],[-88.959,47.8919],[-88.9612,47.8906],[-88.9584,47.89],[-88.9615,47.8862]],[[-88.9604,47.8889],[-88.962,47.8903],[-88.9644,47.8894],[-88.9623,47.8884],[-88.9604,47.8889]],[[-88.9711,47.8858],[-88.9724,47.885],[-88.9723,47.8848],[-88.9711,47.8858]],[[-88.9641,47.8909],[-88.9702,47.8903],[-88.973,47.8894],[-88.9641,47.8909]],[[-88.9782,47.8894],[-88.9794,47.8894],[-88.9782,47.8892],[-88.9782,47.8894]]]},{"type":"Polygon","coordinates":[[[-88.9297,47.886],[-88.933,47.8868],[-88.9178,47.8904],[-88.9297,47.886]]]},{"type":"Polygon","coordinates":[[[-88.9199,47.8914],[-88.919,47.8911],[-88.9203,47.8911],[-88.9199,47.8914]]]},{"type":"Polygon","coordinates":[[[-88.9155,47.8924],[-88.9141,47.8926],[-88.9168,47.8919],[-88.9155,47.8924]]]},{"type":"Polygon","coordinates":[[[-88.9119,47.8942],[-88.9111,47.8949],[-88.9107,47.8943],[-88.9119,47.8942]]]},{"type":"Polygon","coordinates":[[[-88.9822,47.9186],[-88.9845,47.9184],[-88.9862,47.92],[-88.9866,47.9206],[-88.9863,47.9212],[-88.9856,47.9196],[-88.9831,47.9186],[-88.9857,47.9207],[-88.9856,47.923],[-88.9648,47.9286],[-88.9651,47.9278],[-88.9643,47.9275],[-88.9626,47.9298],[-88.9614,47.9275],[-88.9531,47.9272],[-88.9595,47.9245],[-88.9649,47.926],[-88.969,47.924],[-88.9672,47.9247],[-88.9639,47.924],[-88.9741,47.9201],[-88.9779,47.9208],[-88.9822,47.9186]],[[-88.9784,47.9242],[-88.9789,47.9226],[-88.9778,47.9238],[-88.9784,47.9242]],[[-88.9769,47.9213],[-88.9776,47.9226],[-88.9786,47.9221],[-88.9769,47.9213]],[[-88.9752,47.9223],[-88.9743,47.9237],[-88.9722,47.9223],[-88.9705,47.9244],[-88.9746,47.9252],[-88.9751,47.9239],[-88.9758,47.925],[-88.9752,47.9223]],[[-88.9703,47.9255],[-88.9666,47.9267],[-88.9683,47.927],[-88.9703,47.9255]],[[-88.9805,47.9235],[-88.9815,47.9221],[-88.9793,47.9219],[-88.9805,47.9235]],[[-88.9834,47.9226],[-88.9848,47.922],[-88.9845,47.9206],[-88.9823,47.9194],[-88.9834,47.9226]],[[-88.9591,47.9265],[-88.9604,47.9268],[-88.961,47.9264],[-88.9591,47.9265]]]},{"type":"Polygon","coordinates":[[[-88.9745,47.9282],[-88.9757,47.9277],[-88.9777,47.9272],[-88.9757,47.9283],[-88.9745,47.9282]]]},{"type":"Polygon","coordinates":[[[-88.9455,47.9314],[-88.9435,47.9318],[-88.9423,47.9323],[-88.9441,47.9314],[-88.9455,47.9314]]]},{"type":"Polygon","coordinates":[[[-88.9632,47.9325],[-88.9636,47.9325],[-88.9654,47.9324],[-88.9638,47.933],[-88.9632,47.9325]]]},{"type":"Polygon","coordinates":[[[-88.9414,47.9364],[-88.9425,47.9356],[-88.944,47.9361],[-88.9437,47.9365],[-88.943,47.9368],[-88.9414,47.9364]]]},{"type":"Polygon","coordinates":[[[-88.9416,47.9417],[-88.9373,47.9432],[-88.9362,47.945],[-88.9365,47.9432],[-88.9345,47.9432],[-88.9416,47.9417]]]},{"type":"Polygon","coordinates":[[[-88.9297,47.9447],[-88.9318,47.9448],[-88.9286,47.9457],[-88.9297,47.9447]]]},{"type":"Polygon","coordinates":[[[-88.946,47.9465],[-88.9423,47.9475],[-88.942,47.9467],[-88.946,47.9465]]]},{"type":"Polygon","coordinates":[[[-88.9249,47.9474],[-88.919,47.9499],[-88.9166,47.95],[-88.9249,47.9474]]]},{"type":"Polygon","coordinates":[[[-88.9446,47.9497],[-88.9431,47.9505],[-88.943,47.9504],[-88.9446,47.9497]]]},{"type":"Polygon","coordinates":[[[-88.9326,47.9546],[-88.9327,47.954],[-88.9343,47.9539],[-88.9326,47.9546]]]},{"type":"Polygon","coordinates":[[[-88.9571,47.9546],[-88.9615,47.954],[-88.957,47.9552],[-88.9571,47.9546]]]},{"type":"Polygon","coordinates":[[[-88.9538,47.9554],[-88.9525,47.9551],[-88.9515,47.9542],[-88.9518,47.9541],[-88.9538,47.9554]]]},{"type":"Polygon","coordinates":[[[-88.9253,47.9555],[-88.9252,47.9557],[-88.9246,47.9556],[-88.9253,47.9555]]]},{"type":"Polygon","coordinates":[[[-88.9246,47.9556],[-88.9224,47.9561],[-88.9197,47.9564],[-88.9203,47.956],[-88.9223,47.956],[-88.9228,47.9556],[-88.9238,47.9555],[-88.9246,47.9556]]]},{"type":"Polygon","coordinates":[[[-88.9315,47.957],[-88.9321,47.9559],[-88.9323,47.9567],[-88.9315,47.957]]]},{"type":"Polygon","coordinates":[[[-88.973,47.9568],[-88.9721,47.9564],[-88.9706,47.9571],[-88.9721,47.956],[-88.973,47.9568]]]},{"type":"Polygon","coordinates":[[[-89.0357,47.9341],[-89.038,47.932],[-89.0428,47.9328],[-89.0381,47.9333],[-89.0269,47.9382],[-89.0216,47.939],[-89.0153,47.9429],[-89.028,47.9421],[-89.0256,47.9433],[-89.0123,47.9459],[-89.0086,47.9454],[-89.0013,47.9468],[-88.9976,47.9472],[-88.9966,47.947],[-89.0052,47.9455],[-89.0105,47.9432],[-89.0116,47.9412],[-89.0158,47.9414],[-89.0173,47.9405],[-89.0168,47.9385],[-89.0107,47.9409],[-89.0096,47.9408],[-89.0117,47.9398],[-89.0101,47.9395],[-89.0091,47.9408],[-89.0016,47.943],[-89.0009,47.9429],[-88.9992,47.9434],[-88.9987,47.9432],[-88.9942,47.9457],[-88.992,47.9457],[-88.9907,47.947],[-88.9938,47.9475],[-88.981,47.9528],[-88.9829,47.9542],[-88.9913,47.9517],[-88.9901,47.9527],[-88.9596,47.9635],[-88.9633,47.9636],[-88.9661,47.9657],[-88.9648,47.9675],[-88.9641,47.9671],[-88.9655,47.966],[-88.964,47.9651],[-88.9561,47.9693],[-88.9538,47.9694],[-88.9536,47.9674],[-88.9563,47.9681],[-88.9601,47.9667],[-88.961,47.9644],[-88.9585,47.9639],[-88.9497,47.9672],[-88.9449,47.9675],[-88.9441,47.9681],[-88.9439,47.969],[-88.9428,47.97],[-88.9341,47.974],[-88.9354,47.9747],[-88.9342,47.9766],[-88.9336,47.9751],[-88.9296,47.9758],[-88.9294,47.9768],[-88.9277,47.9761],[-88.9292,47.9741],[-88.9425,47.9699],[-88.9442,47.9669],[-88.9466,47.9667],[-88.9462,47.9651],[-88.9479,47.9645],[-88.9434,47.9651],[-88.9134,47.9804],[-88.9152,47.9803],[-88.9177,47.9811],[-88.919,47.9802],[-88.9236,47.9796],[-88.9163,47.9821],[-88.9196,47.9818],[-88.9199,47.9822],[-88.9137,47.9829],[-88.9161,47.9808],[-88.9123,47.9812],[-88.9018,47.9848],[-88.9092,47.9812],[-88.9105,47.9784],[-88.912,47.9788],[-88.9119,47.9804],[-88.9146,47.9795],[-88.9127,47.9792],[-88.9209,47.9762],[-88.9286,47.9714],[-88.9309,47.9713],[-88.9327,47.9688],[-88.9418,47.9642],[-88.9479,47.9626],[-88.9476,47.9605],[-88.9492,47.9592],[-88.9479,47.9594],[-88.9477,47.9592],[-88.9496,47.9575],[-88.9479,47.9562],[-88.9488,47.9548],[-88.9478,47.954],[-88.9488,47.9527],[-88.9481,47.9512],[-88.9458,47.9529],[-88.9456,47.9545],[-88.943,47.9548],[-88.943,47.9564],[-88.9309,47.9601],[-88.9259,47.963],[-88.9267,47.9635],[-88.9254,47.9652],[-88.9207,47.9656],[-88.9196,47.9671],[-88.9116,47.9656],[-88.9213,47.9653],[-88.9202,47.9647],[-88.9258,47.9629],[-88.933,47.9582],[-88.9395,47.9554],[-88.9379,47.955],[-88.9453,47.9534],[-88.9459,47.9519],[-88.9418,47.9529],[-88.939,47.9526],[-88.9482,47.9507],[-88.9489,47.9492],[-88.9452,47.9495],[-88.9479,47.9479],[-88.9494,47.9493],[-88.951,47.9478],[-88.9542,47.9474],[-88.9541,47.9462],[-88.9522,47.9457],[-88.9518,47.9453],[-88.9542,47.9434],[-88.9532,47.9401],[-88.951,47.9399],[-88.9505,47.9414],[-88.9422,47.9447],[-88.9474,47.9444],[-88.95,47.9421],[-88.9496,47.9444],[-88.9427,47.9459],[-88.9403,47.9448],[-88.9364,47.9467],[-88.9362,47.9482],[-88.9351,47.9488],[-88.9282,47.9517],[-88.9109,47.9559],[-88.8986,47.9625],[-88.9002,47.9602],[-88.8989,47.9592],[-88.913,47.955],[-88.9132,47.9536],[-88.9261,47.951],[-88.9215,47.9511],[-88.9208,47.9504],[-88.9318,47.9493],[-88.9407,47.9439],[-88.9457,47.9417],[-88.9423,47.9414],[-88.959,47.936],[-88.9571,47.935],[-88.9561,47.9316],[-88.9523,47.9327],[-88.9543,47.9309],[-88.952,47.9323],[-88.9463,47.9311],[-88.952,47.93],[-88.9521,47.929],[-88.9601,47.9286],[-88.9608,47.9303],[-88.9581,47.9295],[-88.9587,47.9308],[-88.9564,47.9313],[-88.9573,47.9348],[-88.9626,47.9349],[-88.9761,47.929],[-88.977,47.9292],[-88.9735,47.931],[-88.9822,47.9301],[-88.9777,47.9311],[-88.9636,47.9386],[-88.9538,47.9392],[-88.9544,47.9435],[-88.9521,47.9452],[-88.9543,47.9461],[-88.9547,47.9467],[-88.9594,47.9457],[-88.9553,47.9469],[-88.9551,47.9482],[-88.9596,47.9475],[-88.9608,47.9478],[-88.95,47.9493],[-88.9494,47.9505],[-88.9524,47.9496],[-88.9512,47.9509],[-88.9535,47.9512],[-88.9502,47.9511],[-88.949,47.9522],[-88.949,47.9551],[-88.9482,47.9562],[-88.9529,47.9569],[-88.9501,47.9578],[-88.9559,47.9577],[-88.9681,47.954],[-88.9646,47.9528],[-88.9693,47.9532],[-88.9756,47.9509],[-88.9777,47.9511],[-88.9582,47.9586],[-88.9617,47.9599],[-88.9652,47.9583],[-88.9686,47.959],[-88.9808,47.9542],[-88.9808,47.9525],[-88.9815,47.9521],[-88.9763,47.9536],[-88.9811,47.9507],[-88.9873,47.9494],[-88.992,47.9454],[-89.0087,47.939],[-89.021,47.9372],[-89.0229,47.936],[-89.0204,47.9353],[-89.0211,47.9349],[-89.0335,47.9308],[-89.0291,47.9339],[-89.0275,47.9345],[-89.0269,47.9335],[-89.024,47.9352],[-89.0279,47.9363],[-89.0313,47.9342],[-89.0357,47.9341]],[[-89.0265,47.9378],[-89.0262,47.9366],[-89.0241,47.9382],[-89.0265,47.9378]],[[-89.0208,47.9376],[-89.0199,47.9376],[-89.0174,47.9385],[-89.0187,47.9387],[-89.0208,47.9376]],[[-89.0134,47.9437],[-89.0136,47.9449],[-89.0149,47.9442],[-89.0134,47.9437]],[[-88.9563,47.9602],[-88.957,47.9611],[-88.9569,47.9615],[-88.9575,47.9606],[-88.9563,47.9602]],[[-88.9526,47.9592],[-88.9527,47.9593],[-88.9527,47.9592],[-88.9526,47.9592]],[[-88.9387,47.9561],[-88.9414,47.9567],[-88.9425,47.9562],[-88.9403,47.955],[-88.9387,47.9561]],[[-88.9556,47.9624],[-88.9556,47.9623],[-88.9555,47.9625],[-88.9556,47.9624]],[[-89.0012,47.9429],[-89.0019,47.9422],[-89.0009,47.9425],[-89.0012,47.9429]],[[-89.0019,47.9422],[-89.0028,47.942],[-89.003,47.9416],[-89.0019,47.9422]],[[-89.0031,47.9416],[-89.0035,47.9416],[-89.0036,47.9415],[-89.003,47.9416],[-89.0031,47.9416]],[[-89.0036,47.9415],[-89.0039,47.9414],[-89.0039,47.9413],[-89.0036,47.9415]]]},{"type":"Polygon","coordinates":[[[-88.9432,47.9587],[-88.9433,47.9578],[-88.944,47.958],[-88.9432,47.9587]]]},{"type":"Polygon","coordinates":[[[-88.9077,47.9611],[-88.9045,47.9619],[-88.9043,47.9617],[-88.9073,47.9609],[-88.9077,47.9611]]]},{"type":"Polygon","coordinates":[[[-88.9744,47.9635],[-88.9791,47.9602],[-88.9811,47.9604],[-88.9789,47.9609],[-88.9779,47.963],[-88.9744,47.9635]]]},{"type":"Polygon","coordinates":[[[-88.9187,47.963],[-88.9201,47.9624],[-88.9207,47.9624],[-88.9187,47.963]]]},{"type":"Polygon","coordinates":[[[-88.9043,47.9662],[-88.9065,47.9658],[-88.9071,47.9661],[-88.9059,47.9666],[-88.9043,47.9662]]]},{"type":"Polygon","coordinates":[[[-88.9031,47.9663],[-88.9002,47.9675],[-88.9016,47.9661],[-88.9031,47.9663]]]},{"type":"Polygon","coordinates":[[[-88.887,47.9636],[-88.8928,47.9628],[-88.8922,47.9646],[-88.8941,47.9644],[-88.8891,47.9664],[-88.8915,47.9666],[-88.8985,47.9626],[-88.901,47.964],[-88.9049,47.9626],[-88.9092,47.9625],[-88.9115,47.9612],[-88.915,47.9606],[-88.9173,47.9591],[-88.909,47.96],[-88.9078,47.9599],[-88.9074,47.9596],[-88.9074,47.9595],[-88.918,47.9583],[-88.9174,47.9594],[-88.9152,47.9607],[-88.9102,47.9624],[-88.9061,47.963],[-88.9046,47.9628],[-88.9021,47.9639],[-88.8993,47.9642],[-88.9,47.9658],[-88.8978,47.9675],[-88.8964,47.9673],[-88.8959,47.9679],[-88.8931,47.9681],[-88.8919,47.9679],[-88.8837,47.9717],[-88.8827,47.971],[-88.8772,47.9726],[-88.8767,47.9743],[-88.8757,47.9735],[-88.874,47.9753],[-88.8728,47.9727],[-88.8794,47.9708],[-88.8756,47.9697],[-88.8815,47.9686],[-88.8812,47.9671],[-88.8834,47.9667],[-88.8827,47.9657],[-88.8841,47.9666],[-88.8847,47.9656],[-88.8899,47.965],[-88.887,47.9636]],[[-88.8916,47.9636],[-88.8899,47.9642],[-88.8895,47.9644],[-88.8911,47.9644],[-88.8916,47.9636]],[[-88.8994,47.965],[-88.8953,47.9666],[-88.8919,47.9677],[-88.8986,47.9664],[-88.8994,47.965]],[[-88.8915,47.9675],[-88.8916,47.9675],[-88.8918,47.9674],[-88.8915,47.9675]],[[-88.8834,47.9706],[-88.8786,47.9712],[-88.8766,47.9722],[-88.8834,47.9706]],[[-88.8761,47.9719],[-88.8758,47.9721],[-88.8762,47.9721],[-88.8761,47.9719]],[[-88.8762,47.9721],[-88.8763,47.9722],[-88.8765,47.9722],[-88.8762,47.9721]],[[-88.8859,47.9688],[-88.8832,47.9699],[-88.8831,47.9703],[-88.8859,47.9688]]]},{"type":"Polygon","coordinates":[[[-88.9599,47.9698],[-88.9611,47.9681],[-88.9613,47.9683],[-88.9599,47.9698]]]},{"type":"Polygon","coordinates":[[[-88.9205,47.9712],[-88.9215,47.97],[-88.922,47.9707],[-88.9205,47.9712]]]},{"type":"Polygon","coordinates":[[[-88.8968,47.9729],[-88.8957,47.9724],[-88.8957,47.9719],[-88.8966,47.9724],[-88.8968,47.9729]]]},{"type":"Polygon","coordinates":[[[-88.9481,47.9734],[-88.9458,47.9741],[-88.9483,47.973],[-88.9481,47.9734]]]},{"type":"Polygon","coordinates":[[[-88.9196,47.9736],[-88.9183,47.9744],[-88.9175,47.9745],[-88.9187,47.9734],[-88.9196,47.9736]]]},{"type":"Polygon","coordinates":[[[-88.9151,47.9749],[-88.9132,47.9762],[-88.9117,47.9758],[-88.9151,47.9749]]]},{"type":"Polygon","coordinates":[[[-88.9576,47.9754],[-88.9583,47.9759],[-88.955,47.9765],[-88.9555,47.9749],[-88.9585,47.9752],[-88.9576,47.9754]]]},{"type":"Polygon","coordinates":[[[-88.9655,47.9758],[-88.964,47.9759],[-88.9635,47.9765],[-88.9629,47.9765],[-88.9635,47.9757],[-88.9655,47.9758]]]},{"type":"Polygon","coordinates":[[[-88.9328,47.9774],[-88.9338,47.977],[-88.9347,47.9776],[-88.9339,47.9778],[-88.9328,47.9774]]]},{"type":"Polygon","coordinates":[[[-88.9386,47.9777],[-88.9257,47.9845],[-88.9243,47.9842],[-88.9253,47.9832],[-88.9225,47.9839],[-88.9238,47.9839],[-88.9233,47.9842],[-88.9251,47.9846],[-88.9248,47.9848],[-88.919,47.9843],[-88.9176,47.9852],[-88.915,47.9851],[-88.9219,47.9834],[-88.9219,47.9824],[-88.9275,47.9829],[-88.9296,47.981],[-88.9337,47.9798],[-88.9343,47.9781],[-88.9386,47.9777]]]},{"type":"Polygon","coordinates":[[[-88.9249,47.9813],[-88.9249,47.9823],[-88.9222,47.982],[-88.9229,47.9811],[-88.9249,47.9813]]]},{"type":"Polygon","coordinates":[[[-88.9373,47.9832],[-88.9361,47.9835],[-88.9359,47.9832],[-88.9373,47.9832]]]},{"type":"Polygon","coordinates":[[[-88.9298,47.9837],[-88.9288,47.9842],[-88.9273,47.9839],[-88.9284,47.984],[-88.9298,47.9837]]]},{"type":"Polygon","coordinates":[[[-88.9348,47.9842],[-88.9357,47.9851],[-88.9335,47.9844],[-88.9348,47.9842]]]},{"type":"Polygon","coordinates":[[[-88.9241,47.9866],[-88.9328,47.9862],[-88.9338,47.987],[-88.9241,47.9866]]]},{"type":"Polygon","coordinates":[[[-88.9674,47.9862],[-88.9624,47.986],[-88.9567,47.9888],[-88.9584,47.9884],[-88.9582,47.9899],[-88.9547,47.9911],[-88.9573,47.9894],[-88.9541,47.9884],[-88.9478,47.9909],[-88.9514,47.9885],[-88.9601,47.9868],[-88.9624,47.9851],[-88.96,47.9847],[-88.9619,47.9834],[-88.9654,47.9829],[-88.9683,47.9847],[-88.9674,47.9862]]]},{"type":"Polygon","coordinates":[[[-88.9216,47.9874],[-88.9147,47.9893],[-88.9119,47.9896],[-88.9227,47.9854],[-88.9212,47.9863],[-88.9216,47.9874]]]},{"type":"Polygon","coordinates":[[[-88.9003,47.9855],[-88.8957,47.9883],[-88.8892,47.9894],[-88.8917,47.99],[-88.8908,47.9905],[-88.887,47.9904],[-88.8867,47.9898],[-88.8872,47.989],[-88.8889,47.9892],[-88.8884,47.9878],[-88.8894,47.989],[-88.8951,47.9882],[-88.8951,47.987],[-88.8995,47.9858],[-88.898,47.9854],[-88.8975,47.9848],[-88.9003,47.9855]],[[-88.8877,47.9893],[-88.8873,47.9899],[-88.8884,47.9899],[-88.8877,47.9893]]]},{"type":"Polygon","coordinates":[[[-88.9245,47.9885],[-88.9262,47.9872],[-88.925,47.989],[-88.9245,47.9885]]]},{"type":"Polygon","coordinates":[[[-88.951,47.9826],[-88.948,47.9857],[-88.9452,47.986],[-88.9305,47.9945],[-88.9345,47.9957],[-88.9283,47.9971],[-88.9268,47.9954],[-88.9294,47.9928],[-88.9389,47.9895],[-88.9553,47.9792],[-88.9566,47.9811],[-88.951,47.9826]],[[-88.9307,47.9959],[-88.9293,47.995],[-88.9279,47.9954],[-88.9307,47.9959]]]},{"type":"Polygon","coordinates":[[[-88.9333,47.9891],[-88.9303,47.99],[-88.9299,47.9892],[-88.9314,47.9887],[-88.9289,47.9882],[-88.9316,47.988],[-88.9333,47.9891]]]},{"type":"Polygon","coordinates":[[[-88.9113,47.991],[-88.9152,47.9896],[-88.9144,47.9904],[-88.9175,47.9902],[-88.9184,47.9908],[-88.9113,47.991]]]},{"type":"Polygon","coordinates":[[[-88.8959,47.9895],[-88.9059,47.987],[-88.8987,47.9914],[-88.8894,47.9943],[-88.8858,47.9943],[-88.8964,47.9914],[-88.8974,47.9902],[-88.8959,47.9895]]]},{"type":"Polygon","coordinates":[[[-88.9107,47.9925],[-88.9149,47.9917],[-88.912,47.9926],[-88.9107,47.9925]]]},{"type":"Polygon","coordinates":[[[-88.9515,47.991],[-88.9545,47.9923],[-88.9488,47.9938],[-88.9515,47.991]]]},{"type":"Polygon","coordinates":[[[-88.9789,47.9862],[-88.9466,48.0003],[-88.9483,47.9983],[-88.9304,48.0017],[-88.9313,48.0024],[-88.9276,48.0041],[-88.9203,48.0057],[-88.9213,48.0035],[-88.9285,48.0009],[-88.9438,47.9989],[-88.9561,47.9935],[-88.9658,47.9912],[-88.9728,47.9874],[-88.9751,47.9844],[-88.9749,47.9823],[-88.9797,47.9802],[-88.9763,47.9822],[-88.9773,47.9832],[-88.9823,47.9827],[-88.9789,47.9862]],[[-88.9256,48.0036],[-88.9292,48.0026],[-88.9296,48.0021],[-88.9256,48.0036]]]},{"type":"Polygon","coordinates":[[[-88.9764,47.9947],[-88.983,47.9924],[-88.9764,47.995],[-88.9764,47.9947]]]},{"type":"Polygon","coordinates":[[[-88.9186,47.9939],[-88.9194,47.9939],[-88.9179,47.9943],[-88.9186,47.9939]]]},{"type":"Polygon","coordinates":[[[-88.9038,47.9964],[-88.905,47.9958],[-88.8973,47.9968],[-88.9063,47.9933],[-88.9037,47.9931],[-88.9101,47.992],[-88.9074,47.9931],[-88.9086,47.9941],[-88.9057,47.9952],[-88.9065,47.9963],[-88.9038,47.9964]]]},{"type":"Polygon","coordinates":[[[-88.9744,47.9932],[-88.9731,47.9966],[-88.9726,47.9969],[-88.9744,47.9932]]]},{"type":"Polygon","coordinates":[[[-88.9258,47.9963],[-88.9254,47.9958],[-88.9262,47.996],[-88.9258,47.9963]]]},{"type":"Polygon","coordinates":[[[-88.9198,47.995],[-88.9147,47.9975],[-88.9129,47.9977],[-88.9198,47.995]]]},{"type":"Polygon","coordinates":[[[-88.9223,47.9972],[-88.9211,47.9967],[-88.9211,47.9964],[-88.9226,47.9959],[-88.9223,47.9972]]]},{"type":"Polygon","coordinates":[[[-88.9855,47.9957],[-88.9835,47.9974],[-88.9802,47.9989],[-88.9766,47.9991],[-88.9784,47.9978],[-88.9766,47.9985],[-88.9763,47.9984],[-88.9794,47.9972],[-88.9785,47.9987],[-88.9804,47.9987],[-88.9855,47.9957]]]},{"type":"Polygon","coordinates":[[[-88.8997,47.9972],[-88.899,47.998],[-88.8985,47.9978],[-88.8997,47.9972]]]},{"type":"Polygon","coordinates":[[[-88.9774,47.9973],[-88.9755,47.998],[-88.9758,47.9974],[-88.9774,47.9973]]]},{"type":"Polygon","coordinates":[[[-88.9113,47.9951],[-88.9117,47.9983],[-88.911,47.9965],[-88.9081,47.9968],[-88.9087,47.9996],[-88.9077,47.999],[-88.9042,48.0018],[-88.9082,47.9985],[-88.9077,47.9971],[-88.9057,47.9968],[-88.9109,47.9964],[-88.9113,47.9951]]]},{"type":"Polygon","coordinates":[[[-88.9677,47.9989],[-88.9647,48.0],[-88.9695,47.9978],[-88.9677,47.9989]]]},{"type":"Polygon","coordinates":[[[-88.9857,47.9992],[-88.9828,47.9999],[-88.986,47.9988],[-88.9857,47.9992]]]},{"type":"Polygon","coordinates":[[[-88.9825,47.9889],[-88.9721,47.9929],[-88.9546,48.0016],[-88.9595,47.9987],[-88.9556,48.0004],[-88.954,48.0],[-88.9551,47.999],[-88.9548,47.9988],[-88.9481,48.002],[-88.949,48.0034],[-88.9478,48.004],[-88.926,48.0116],[-88.9323,48.0083],[-88.9414,48.0058],[-88.9428,48.0045],[-88.957,47.9975],[-88.9825,47.9889]]]},{"type":"Polygon","coordinates":[[[-88.9758,48.0014],[-88.9775,48.0006],[-88.9785,48.0011],[-88.9768,48.001],[-88.9758,48.0014]]]},{"type":"Polygon","coordinates":[[[-88.9204,48.0018],[-88.9191,48.0014],[-88.9214,48.0011],[-88.9204,48.0018]]]},{"type":"Polygon","coordinates":[[[-88.9815,48.0034],[-88.9819,48.0016],[-88.9833,48.001],[-88.9822,48.0016],[-88.9815,48.0034]]]},{"type":"Polygon","coordinates":[[[-88.9139,48.0021],[-88.9054,48.0045],[-88.9054,48.0035],[-88.9163,48.0],[-88.9139,48.0021]]]},{"type":"Polygon","coordinates":[[[-88.9371,48.0046],[-88.9424,48.0014],[-88.9441,48.001],[-88.9371,48.0046]]]},{"type":"Polygon","coordinates":[[[-88.961,48.0045],[-88.9666,48.0025],[-88.9705,48.0017],[-88.9628,48.0052],[-88.961,48.0045]]]},{"type":"Polygon","coordinates":[[[-88.9723,48.0035],[-88.9709,48.0043],[-88.9704,48.0042],[-88.9723,48.0035]]]},{"type":"Polygon","coordinates":[[[-88.9077,48.006],[-88.9131,48.0039],[-88.918,48.0038],[-88.915,48.0054],[-88.9077,48.006]]]},{"type":"Polygon","coordinates":[[[-88.9557,48.0028],[-88.9663,48.0011],[-88.9601,48.0038],[-88.9581,48.0031],[-88.9528,48.0047],[-88.9533,48.0061],[-88.9517,48.0081],[-88.9619,48.0055],[-88.9665,48.0053],[-88.9661,48.0066],[-88.9694,48.0053],[-88.9709,48.0058],[-88.97,48.0071],[-88.9759,48.0057],[-88.9653,48.0096],[-88.9699,48.0062],[-88.9657,48.0081],[-88.9654,48.0071],[-88.9619,48.0084],[-88.9611,48.0081],[-88.9654,48.0068],[-88.965,48.0062],[-88.9601,48.008],[-88.9594,48.0071],[-88.9586,48.0084],[-88.9455,48.0103],[-88.9517,48.0073],[-88.9384,48.0099],[-88.9414,48.0082],[-88.9508,48.0066],[-88.9511,48.0056],[-88.9495,48.0059],[-88.9557,48.0028]]]},{"type":"Polygon","coordinates":[[[-88.9724,48.0053],[-88.9713,48.006],[-88.9708,48.0055],[-88.9724,48.0053]]]},{"type":"Polygon","coordinates":[[[-88.928,48.0083],[-88.9371,48.0051],[-88.9298,48.0085],[-88.9223,48.0099],[-88.9291,48.0068],[-88.928,48.0083]]]},{"type":"Polygon","coordinates":[[[-88.9578,48.0098],[-88.9557,48.0108],[-88.9551,48.0106],[-88.9558,48.0102],[-88.9578,48.0098]]]},{"type":"Polygon","coordinates":[[[-88.895,48.0121],[-88.8985,48.0109],[-88.898,48.0115],[-88.895,48.0121]]]},{"type":"Polygon","coordinates":[[[-88.9494,48.0112],[-88.9474,48.0125],[-88.9461,48.0124],[-88.9433,48.0139],[-88.943,48.0138],[-88.9414,48.0143],[-88.9411,48.0142],[-88.9494,48.0112]]]},{"type":"Polygon","coordinates":[[[-88.9233,48.011],[-88.9219,48.0114],[-88.9208,48.011],[-88.9176,48.0129],[-88.9043,48.0169],[-88.9206,48.0105],[-88.9233,48.011]]]},{"type":"Polygon","coordinates":[[[-88.939,48.0137],[-88.9403,48.0133],[-88.9411,48.0147],[-88.9406,48.0148],[-88.939,48.0137]]]},{"type":"Polygon","coordinates":[[[-88.8939,48.0154],[-88.8954,48.0141],[-88.8995,48.0133],[-88.8939,48.0154]]]},{"type":"Polygon","coordinates":[[[-88.9362,48.0113],[-88.937,48.0135],[-88.9296,48.0176],[-88.9265,48.0174],[-88.9268,48.0163],[-88.928,48.0171],[-88.9295,48.016],[-88.9296,48.0173],[-88.9314,48.0162],[-88.9307,48.0153],[-88.9325,48.0128],[-88.9339,48.0136],[-88.9362,48.0113]],[[-88.9354,48.0139],[-88.9334,48.0146],[-88.9326,48.0149],[-88.9354,48.0139]]]},{"type":"Polygon","coordinates":[[[-88.9166,48.0175],[-88.9116,48.0178],[-88.9151,48.0154],[-88.9197,48.0141],[-88.9242,48.0121],[-88.926,48.0116],[-88.91415,48.0165],[-88.9166,48.0164],[-88.9166,48.0175]]]},{"type":"Polygon","coordinates":[[[-88.938,48.0162],[-88.9375,48.0146],[-88.9388,48.015],[-88.938,48.0162]]]},{"type":"Polygon","coordinates":[[[-88.934,48.0167],[-88.9359,48.0164],[-88.935,48.0168],[-88.934,48.0167]]]},{"type":"Polygon","coordinates":[[[-88.9376,48.017],[-88.9389,48.0167],[-88.9378,48.0175],[-88.9376,48.017]]]},{"type":"Polygon","coordinates":[[[-88.9055,48.0106],[-88.8923,48.0108],[-88.8889,48.0133],[-88.859,48.021],[-88.8607,48.0193],[-88.8669,48.0181],[-88.8678,48.0178],[-88.8689,48.0169],[-88.871,48.0169],[-88.8714,48.0167],[-88.8716,48.0158],[-88.8729,48.0157],[-88.873,48.0155],[-88.8715,48.0157],[-88.8712,48.0167],[-88.8688,48.0168],[-88.867,48.0179],[-88.858,48.0197],[-88.8719,48.0141],[-88.8795,48.0146],[-88.8867,48.0131],[-88.8886,48.0114],[-88.9011,48.0069],[-88.9047,48.0065],[-88.9073,48.0086],[-88.914,48.0077],[-88.9126,48.009],[-88.9137,48.0095],[-88.9249,48.0069],[-88.919,48.0095],[-88.9103,48.0112],[-88.9127,48.0113],[-88.9103,48.0135],[-88.9104,48.0115],[-88.9056,48.0133],[-88.908,48.0116],[-88.9036,48.0125],[-88.9024,48.0148],[-88.8751,48.0239],[-88.8725,48.0258],[-88.8757,48.0254],[-88.8754,48.0257],[-88.869,48.0279],[-88.8721,48.0262],[-88.8714,48.0248],[-88.87236666666666,48.023133333333334],[-88.8708,48.0234],[-88.8719,48.0222],[-88.8702,48.0225],[-88.8711,48.0215],[-88.8764,48.0203],[-88.878,48.0201],[-88.8786,48.0203],[-88.8723,48.0222],[-88.874,48.0224],[-88.8829,48.0199],[-88.8873,48.0171],[-88.8889,48.0174],[-88.9004,48.0136],[-88.9015,48.0144],[-88.9019,48.0122],[-88.9055,48.0106]],[[-88.8992,48.0147],[-88.8961,48.0159],[-88.8999,48.0148],[-88.8992,48.0147]],[[-88.8757,48.0229],[-88.8823,48.0202],[-88.8736,48.0229],[-88.8757,48.0229]]]},{"type":"Polygon","coordinates":[[[-88.908,48.0177],[-88.9121,48.0166],[-88.9077,48.018],[-88.908,48.0177]]]},{"type":"Polygon","coordinates":[[[-88.937,48.0174],[-88.9335,48.0182],[-88.937,48.0172],[-88.937,48.0174]]]},{"type":"Polygon","coordinates":[[[-88.9112,48.0179],[-88.9103,48.0186],[-88.9099,48.0182],[-88.9104,48.0178],[-88.9112,48.0179]]]},{"type":"Polygon","coordinates":[[[-88.9081,48.0185],[-88.9096,48.0195],[-88.9092,48.0199],[-88.9081,48.0185]]]},{"type":"Polygon","coordinates":[[[-88.8951,48.0184],[-88.8935,48.0197],[-88.8913,48.0199],[-88.8951,48.0184]]]},{"type":"Polygon","coordinates":[[[-88.9333,48.0186],[-88.9289,48.0201],[-88.9296,48.0193],[-88.9333,48.0186]]]},{"type":"Polygon","coordinates":[[[-88.925,48.0143],[-88.9251,48.0164],[-88.9222,48.0172],[-88.925,48.0171],[-88.9243,48.0179],[-88.9196,48.0195],[-88.9167,48.0189],[-88.9186,48.0197],[-88.9171,48.0205],[-88.9159,48.0196],[-88.9061,48.0244],[-88.9047,48.0243],[-88.8961,48.0278],[-88.8933,48.0284],[-88.8927,48.0295],[-88.8897,48.0304],[-88.8891,48.0299],[-88.8908,48.0299],[-88.8909,48.0285],[-88.8928,48.0277],[-88.8919,48.0273],[-88.8974,48.025],[-88.897,48.0224],[-88.8994,48.024],[-88.902,48.0217],[-88.9048,48.0222],[-88.9045,48.0211],[-88.9069,48.0218],[-88.9108,48.0198],[-88.9136,48.0206],[-88.9171,48.0184],[-88.9191,48.0184],[-88.9225,48.0162],[-88.9245,48.0162],[-88.9247,48.0143],[-88.9226,48.0146],[-88.9283,48.0126],[-88.925,48.0143]],[[-88.8991,48.0253],[-88.9002,48.0245],[-88.899,48.0245],[-88.8991,48.0253]],[[-88.9007,48.0251],[-88.9018,48.0251],[-88.9012,48.0234],[-88.9008,48.0237],[-88.9007,48.0251]],[[-88.9096,48.0209],[-88.911,48.0216],[-88.9124,48.0208],[-88.9104,48.0202],[-88.9096,48.0209]],[[-88.8949,48.0271],[-88.8944,48.0276],[-88.8962,48.0276],[-88.8968,48.0268],[-88.8959,48.0266],[-88.8949,48.0271]]]},{"type":"Polygon","coordinates":[[[-88.8921,48.0221],[-88.8935,48.0216],[-88.8936,48.0217],[-88.8929,48.0222],[-88.8921,48.0221]]]},{"type":"Polygon","coordinates":[[[-88.9127,48.0235],[-88.9131,48.0228],[-88.9148,48.0224],[-88.9148,48.0225],[-88.9127,48.0235]]]},{"type":"Polygon","coordinates":[[[-88.8963,48.0268],[-88.8953,48.0275],[-88.8949,48.0275],[-88.8963,48.0268]]]},{"type":"Polygon","coordinates":[[[-88.8882,47.9544],[-88.8896,47.9526],[-88.89,47.9537],[-88.8882,47.9544]]]},{"type":"Polygon","coordinates":[[[-88.8827,47.9539],[-88.8868,47.9536],[-88.8871,47.9548],[-88.8822,47.9549],[-88.8827,47.9539]]]},{"type":"Polygon","coordinates":[[[-88.8885,47.9581],[-88.8882,47.9594],[-88.8879,47.9583],[-88.8885,47.9581]]]},{"type":"Polygon","coordinates":[[[-88.8735,47.9607],[-88.8751,47.9609],[-88.8775,47.9603],[-88.8748,47.9611],[-88.8735,47.9607]]]},{"type":"Polygon","coordinates":[[[-88.8896,47.9547],[-88.8958,47.9542],[-88.8939,47.9554],[-88.8957,47.9555],[-88.8922,47.9587],[-88.8905,47.957],[-88.8824,47.9591],[-88.8835,47.9606],[-88.8824,47.9615],[-88.8635,47.9656],[-88.8636,47.9666],[-88.865,47.9663],[-88.8664,47.9665],[-88.8604,47.9693],[-88.8584,47.9689],[-88.8592,47.967],[-88.856,47.967],[-88.8581,47.9653],[-88.8645,47.9643],[-88.8655,47.9629],[-88.8808,47.9611],[-88.8795,47.9596],[-88.8709,47.9597],[-88.8851,47.9563],[-88.8857,47.9572],[-88.8902,47.9566],[-88.8896,47.9547]],[[-88.8599,47.9668],[-88.8624,47.9671],[-88.8626,47.9668],[-88.8599,47.9668]]]},{"type":"Polygon","coordinates":[[[-88.8529,47.9672],[-88.8556,47.9667],[-88.8524,47.9678],[-88.8529,47.9672]]]},{"type":"Polygon","coordinates":[[[-88.8562,47.9676],[-88.8582,47.9683],[-88.8544,47.9683],[-88.8562,47.9676]]]},{"type":"Polygon","coordinates":[[[-88.8508,47.9693],[-88.853,47.9693],[-88.8509,47.9702],[-88.8508,47.9693]]]},{"type":"Polygon","coordinates":[[[-88.8597,47.9714],[-88.8622,47.9705],[-88.8636,47.9698],[-88.8629,47.9705],[-88.8597,47.9714]]]},{"type":"Polygon","coordinates":[[[-88.8707,47.971],[-88.8693,47.9714],[-88.8688,47.9713],[-88.8692,47.9703],[-88.8707,47.971]]]},{"type":"Polygon","coordinates":[[[-88.8902,47.9717],[-88.8893,47.9716],[-88.8908,47.9709],[-88.8902,47.9717]]]},{"type":"Polygon","coordinates":[[[-88.874,47.9717],[-88.8696,47.9725],[-88.8698,47.9719],[-88.874,47.9717]]]},{"type":"Polygon","coordinates":[[[-88.8885,47.9716],[-88.8824,47.9749],[-88.879,47.9755],[-88.8811,47.9751],[-88.8813,47.9734],[-88.8806,47.9736],[-88.8804,47.9734],[-88.8818,47.9724],[-88.8885,47.9716]]]},{"type":"Polygon","coordinates":[[[-88.8574,47.9736],[-88.8543,47.9741],[-88.8565,47.9735],[-88.8574,47.9736]]]},{"type":"Polygon","coordinates":[[[-88.8424,47.9762],[-88.8442,47.9767],[-88.8459,47.9762],[-88.8446,47.9772],[-88.8424,47.9762]]]},{"type":"Polygon","coordinates":[[[-88.8772,47.9773],[-88.8762,47.9778],[-88.8754,47.978],[-88.8753,47.9779],[-88.8772,47.9773]]]},{"type":"Polygon","coordinates":[[[-88.8407,47.9777],[-88.8426,47.9775],[-88.8405,47.9781],[-88.8407,47.9777]]]},{"type":"Polygon","coordinates":[[[-88.8793,47.9768],[-88.8825,47.9788],[-88.8815,47.9786],[-88.8793,47.9768]]]},{"type":"Polygon","coordinates":[[[-88.8439,47.9779],[-88.8416,47.9794],[-88.8456,47.9787],[-88.8468,47.9792],[-88.8475,47.9782],[-88.8466,47.98],[-88.8485,47.9793],[-88.8474,47.9806],[-88.8447,47.9803],[-88.8464,47.9797],[-88.8456,47.9791],[-88.8422,47.9798],[-88.8405,47.9794],[-88.8439,47.9779]]]},{"type":"Polygon","coordinates":[[[-88.8513,47.9803],[-88.8487,47.98],[-88.8531,47.9795],[-88.8513,47.9803]]]},{"type":"Polygon","coordinates":[[[-88.8664,47.98],[-88.8695,47.9794],[-88.8659,47.9803],[-88.8664,47.98]]]},{"type":"Polygon","coordinates":[[[-88.8585,47.9827],[-88.86,47.982],[-88.8612,47.9818],[-88.8601,47.9823],[-88.8585,47.9827]]]},{"type":"Polygon","coordinates":[[[-88.8465,47.9828],[-88.846,47.9818],[-88.8466,47.9818],[-88.8465,47.9828]]]},{"type":"Polygon","coordinates":[[[-88.8604,47.9816],[-88.8549,47.9839],[-88.8544,47.9838],[-88.8597,47.9813],[-88.8604,47.9816]]]},{"type":"Polygon","coordinates":[[[-88.8333,47.9842],[-88.8372,47.9829],[-88.8367,47.9833],[-88.8337,47.9843],[-88.8333,47.9842]]]},{"type":"Polygon","coordinates":[[[-88.8639,47.9823],[-88.8642,47.9831],[-88.8569,47.985],[-88.8556,47.9841],[-88.8639,47.9823]]]},{"type":"Polygon","coordinates":[[[-88.8272,47.9854],[-88.8289,47.9848],[-88.8294,47.9836],[-88.8317,47.9842],[-88.8272,47.9854]]]},{"type":"Polygon","coordinates":[[[-88.8363,47.9844],[-88.8351,47.985],[-88.8345,47.9844],[-88.8363,47.9844]]]},{"type":"Polygon","coordinates":[[[-88.8658,47.9875],[-88.8697,47.9858],[-88.87,47.986],[-88.8658,47.9875]]]},{"type":"Polygon","coordinates":[[[-88.886,47.9847],[-88.8958,47.984],[-88.8867,47.9867],[-88.8873,47.9877],[-88.8834,47.9895],[-88.8825,47.9879],[-88.8806,47.989],[-88.8825,47.9875],[-88.8814,47.9871],[-88.8861,47.9856],[-88.886,47.9847]]]},{"type":"Polygon","coordinates":[[[-88.8786,47.9865],[-88.88,47.9877],[-88.8774,47.9872],[-88.8786,47.9865]]]},{"type":"Polygon","coordinates":[[[-88.8589,47.9892],[-88.8584,47.9885],[-88.8591,47.9881],[-88.8589,47.9892]]]},{"type":"Polygon","coordinates":[[[-88.8744,47.9902],[-88.8782,47.9891],[-88.8791,47.9892],[-88.8744,47.9902]]]},{"type":"Polygon","coordinates":[[[-88.8556,47.9896],[-88.8497,47.9915],[-88.8488,47.9912],[-88.8525,47.9895],[-88.8556,47.9896]]]},{"type":"Polygon","coordinates":[[[-88.8824,47.9913],[-88.8788,47.9928],[-88.878,47.9924],[-88.8819,47.9908],[-88.8824,47.9913]]]},{"type":"Polygon","coordinates":[[[-88.8807,47.9941],[-88.8812,47.9934],[-88.8863,47.9908],[-88.8877,47.992],[-88.8807,47.9941]],[[-88.8857,47.9918],[-88.8857,47.9917],[-88.8856,47.9917],[-88.8857,47.9918]]]},{"type":"Polygon","coordinates":[[[-88.8492,47.9935],[-88.8513,47.9922],[-88.8508,47.9931],[-88.8492,47.9935]]]},{"type":"Polygon","coordinates":[[[-88.8477,47.9929],[-88.8491,47.993],[-88.8477,47.9937],[-88.8477,47.9929]]]},{"type":"Polygon","coordinates":[[[-88.8571,47.9935],[-88.8555,47.9938],[-88.8529,47.9935],[-88.8571,47.9935]]]},{"type":"Polygon","coordinates":[[[-88.848,47.9958],[-88.8465,47.9958],[-88.8462,47.9956],[-88.8468,47.9953],[-88.848,47.9958]]]},{"type":"Polygon","coordinates":[[[-88.8596,47.999],[-88.8568,47.9982],[-88.8664,47.9944],[-88.8713,47.9942],[-88.8732,47.9922],[-88.8759,47.993],[-88.8596,47.999]],[[-88.8674,47.9949],[-88.8673,47.995],[-88.8674,47.995],[-88.8674,47.9949]],[[-88.8684,47.9955],[-88.8676,47.9952],[-88.8669,47.9959],[-88.8684,47.9955]]]},{"type":"Polygon","coordinates":[[[-88.8791,47.9959],[-88.8777,47.9963],[-88.8753,47.9973],[-88.8773,47.9959],[-88.8791,47.9959]]]},{"type":"Polygon","coordinates":[[[-88.8428,47.9985],[-88.843,47.9979],[-88.8433,47.9965],[-88.8433,47.9978],[-88.8428,47.9985]]]},{"type":"Polygon","coordinates":[[[-88.8687,47.9976],[-88.8688,47.9981],[-88.8679,47.9979],[-88.8687,47.9976]]]},{"type":"Polygon","coordinates":[[[-88.843,47.9983],[-88.8504,48.0014],[-88.845,47.9997],[-88.843,47.9983]]]},{"type":"Polygon","coordinates":[[[-88.8699,47.9998],[-88.8699,48.0007],[-88.8693,47.9999],[-88.8699,47.9998]]]},{"type":"Polygon","coordinates":[[[-88.8638,48.0029],[-88.891,47.9941],[-88.8682,48.0022],[-88.8616,48.0038],[-88.858,48.0036],[-88.8569,48.0046],[-88.8596,48.0046],[-88.8559,48.0053],[-88.8575,48.0076],[-88.8553,48.0061],[-88.8513,48.0065],[-88.855,48.0049],[-88.8552,48.004],[-88.8531,48.0039],[-88.8573,48.0027],[-88.8558,48.0015],[-88.8519,48.0022],[-88.8511,48.0021],[-88.8537,48.0012],[-88.8679,47.9979],[-88.8611,48.0005],[-88.856,48.0012],[-88.8638,48.0029]],[[-88.8582,48.0033],[-88.8589,48.0021],[-88.8576,48.0023],[-88.8582,48.0033]],[[-88.8607,47.9997],[-88.8612,48.0004],[-88.8617,47.9996],[-88.8607,47.9997]]]},{"type":"Polygon","coordinates":[[[-88.8355,48.0011],[-88.8343,48.001],[-88.836,48.0011],[-88.8355,48.0011]]]},{"type":"Polygon","coordinates":[[[-88.887,48.0006],[-88.8914,48.0003],[-88.8931,48.0017],[-88.8896,48.003],[-88.8888,48.0023],[-88.8906,48.001],[-88.8886,48.0013],[-88.887,48.0006]]]},{"type":"Polygon","coordinates":[[[-88.8533,48.0024],[-88.8554,48.0019],[-88.8556,48.002],[-88.8533,48.0024]]]},{"type":"Polygon","coordinates":[[[-88.8846,48.0029],[-88.8867,48.0025],[-88.8903,48.0034],[-88.886,48.0044],[-88.8839,48.0035],[-88.8846,48.0029]],[[-88.8848,48.003],[-88.8865,48.0035],[-88.887,48.0031],[-88.8848,48.003]]]},{"type":"Polygon","coordinates":[[[-88.829,48.0039],[-88.8306,48.003],[-88.8311,48.003],[-88.829,48.0039]]]},{"type":"Polygon","coordinates":[[[-88.845,48.0053],[-88.8454,48.0045],[-88.8506,48.0029],[-88.8523,48.0032],[-88.845,48.0053]]]},{"type":"Polygon","coordinates":[[[-88.8277,48.004],[-88.8263,48.0043],[-88.8244,48.0046],[-88.8277,48.004]]]},{"type":"Polygon","coordinates":[[[-88.8714,48.0055],[-88.8623,48.0083],[-88.8598,48.0083],[-88.8708,48.0053],[-88.8787,48.0041],[-88.8758,48.0058],[-88.8714,48.0055]]]},{"type":"Polygon","coordinates":[[[-88.8385,48.0063],[-88.8387,48.0063],[-88.838,48.0065],[-88.8382,48.0063],[-88.8385,48.0063]]]},{"type":"Polygon","coordinates":[[[-88.8777,48.0063],[-88.8772,48.0067],[-88.876,48.0066],[-88.8777,48.0063]]]},{"type":"Polygon","coordinates":[[[-88.8749,48.0078],[-88.8709,48.007],[-88.8762,48.0071],[-88.8749,48.0078]]]},{"type":"Polygon","coordinates":[[[-88.8478,48.0093],[-88.8493,48.0089],[-88.8494,48.0093],[-88.8478,48.0093]]]},{"type":"Polygon","coordinates":[[[-88.8473,48.0106],[-88.8559,48.0078],[-88.8462,48.0121],[-88.8473,48.0106]]]},{"type":"Polygon","coordinates":[[[-88.8644,48.0104],[-88.8605,48.0111],[-88.8622,48.0106],[-88.8627,48.0098],[-88.8635,48.0105],[-88.8635,48.0096],[-88.8644,48.0104]]]},{"type":"Polygon","coordinates":[[[-88.8403,48.0109],[-88.8425,48.0105],[-88.8414,48.0111],[-88.8403,48.0109]]]},{"type":"Polygon","coordinates":[[[-88.8618,48.0105],[-88.8595,48.0112],[-88.8583,48.0111],[-88.8584,48.0106],[-88.8618,48.0105]]]},{"type":"Polygon","coordinates":[[[-88.8803,48.0113],[-88.8823,48.0101],[-88.883,48.0104],[-88.8816,48.0119],[-88.8803,48.0113]]]},{"type":"Polygon","coordinates":[[[-88.852,48.0117],[-88.8546,48.0103],[-88.8551,48.0104],[-88.8537,48.012],[-88.852,48.0117]]]},{"type":"Polygon","coordinates":[[[-88.8655,48.0112],[-88.865,48.012],[-88.8649,48.0116],[-88.8655,48.0112]]]},{"type":"Polygon","coordinates":[[[-88.8417,48.0119],[-88.8437,48.0107],[-88.8413,48.0131],[-88.8417,48.0119]]]},{"type":"Polygon","coordinates":[[[-88.8637,48.0123],[-88.8654,48.0125],[-88.8635,48.0126],[-88.8637,48.0123]]]},{"type":"Polygon","coordinates":[[[-88.8478,48.0142],[-88.8443,48.0131],[-88.8462,48.013],[-88.8478,48.0142]]]},{"type":"Polygon","coordinates":[[[-88.8518,48.0136],[-88.849,48.0146],[-88.849,48.014],[-88.8506,48.0134],[-88.8518,48.0136]]]},{"type":"Polygon","coordinates":[[[-88.8426,48.0149],[-88.8416,48.0143],[-88.8432,48.0144],[-88.8426,48.0149]]]},{"type":"Polygon","coordinates":[[[-88.8375,48.0153],[-88.8369,48.0161],[-88.8396,48.016],[-88.8348,48.0176],[-88.8344,48.0161],[-88.8312,48.0167],[-88.8318,48.0183],[-88.83,48.0181],[-88.8312,48.0161],[-88.8357,48.0143],[-88.8347,48.0141],[-88.8396,48.0136],[-88.8409,48.0142],[-88.8363,48.0147],[-88.8375,48.0153]],[[-88.8359,48.0156],[-88.8355,48.0167],[-88.8364,48.0161],[-88.8359,48.0156]]]},{"type":"Polygon","coordinates":[[[-88.8343,48.0112],[-88.8312,48.0111],[-88.8296,48.0124],[-88.8308,48.0136],[-88.8282,48.0145],[-88.832,48.0147],[-88.8263,48.0186],[-88.8292,48.0198],[-88.8255,48.0215],[-88.8246,48.0199],[-88.8214,48.0205],[-88.8191,48.0233],[-88.8209,48.024],[-88.8159,48.0251],[-88.8142,48.0264],[-88.8152,48.027],[-88.8126,48.0274],[-88.8114,48.026],[-88.8175,48.0241],[-88.8169,48.0223],[-88.8189,48.0201],[-88.8139,48.0219],[-88.812,48.0209],[-88.813,48.0196],[-88.8159,48.0195],[-88.8158,48.018],[-88.8103,48.0201],[-88.8066,48.0212],[-88.8061,48.0209],[-88.8305,48.0113],[-88.8246,48.0101],[-88.8306,48.0096],[-88.8361,48.0075],[-88.8357,48.0065],[-88.8369,48.0075],[-88.8372,48.0071],[-88.8397,48.0066],[-88.8389,48.0062],[-88.8423,48.0061],[-88.8442,48.0066],[-88.8415,48.0077],[-88.8378,48.0072],[-88.829,48.0103],[-88.8345,48.0108],[-88.8365,48.0093],[-88.8343,48.0112]],[[-88.8272,48.0131],[-88.8281,48.0137],[-88.8251,48.0146],[-88.8279,48.0141],[-88.829,48.0128],[-88.8272,48.0131]],[[-88.8243,48.0149],[-88.8165,48.018],[-88.8162,48.0194],[-88.8246,48.0157],[-88.8243,48.0149]],[[-88.8402,48.0063],[-88.8406,48.0072],[-88.8411,48.0066],[-88.8402,48.0063]],[[-88.8202,48.0212],[-88.8188,48.0216],[-88.8187,48.022],[-88.8194,48.022],[-88.8202,48.0212]],[[-88.8131,48.0206],[-88.813,48.0212],[-88.814,48.0205],[-88.8131,48.0206]],[[-88.8146,48.0213],[-88.8173,48.0202],[-88.8144,48.0212],[-88.8146,48.0213]],[[-88.8202,48.0206],[-88.8234,48.0188],[-88.8191,48.02],[-88.8202,48.0206]],[[-88.8231,48.0174],[-88.821,48.0178],[-88.8187,48.0196],[-88.8195,48.0196],[-88.8231,48.0174]],[[-88.8264,48.0153],[-88.8246,48.0163],[-88.8274,48.0154],[-88.8264,48.0153]],[[-88.8271,48.0145],[-88.8269,48.0152],[-88.8279,48.0151],[-88.8271,48.0145]]]},{"type":"Polygon","coordinates":[[[-88.8838,48.0174],[-88.8835,48.0164],[-88.8851,48.0164],[-88.8838,48.0174]]]},{"type":"Polygon","coordinates":[[[-88.8569,48.0177],[-88.8558,48.0172],[-88.8572,48.0173],[-88.8569,48.0177]]]},{"type":"Polygon","coordinates":[[[-88.8454,48.0188],[-88.8431,48.0186],[-88.8458,48.0182],[-88.8454,48.0188]]]},{"type":"Polygon","coordinates":[[[-88.8768,48.0184],[-88.8763,48.0193],[-88.8756,48.0186],[-88.8768,48.0184]]]},{"type":"Polygon","coordinates":[[[-88.8405,48.0211],[-88.8375,48.0215],[-88.8384,48.0199],[-88.8374,48.0187],[-88.8336,48.0194],[-88.838,48.0179],[-88.8405,48.0211]]]},{"type":"Polygon","coordinates":[[[-88.846,48.0208],[-88.8476,48.0197],[-88.8485,48.0214],[-88.847,48.0216],[-88.846,48.0208]]]},{"type":"Polygon","coordinates":[[[-88.8421,48.0207],[-88.8436,48.0209],[-88.8436,48.0214],[-88.8421,48.0207]]]},{"type":"Polygon","coordinates":[[[-88.8264,48.0215],[-88.8252,48.0229],[-88.8233,48.0228],[-88.8245,48.0217],[-88.8264,48.0215]]]},{"type":"Polygon","coordinates":[[[-88.8971,48.0199],[-88.8831,48.0249],[-88.8752,48.0263],[-88.8888,48.0212],[-88.8971,48.0199]]]},{"type":"Polygon","coordinates":[[[-88.8644,48.0238],[-88.8637,48.025],[-88.8629,48.025],[-88.8644,48.0238]]]},{"type":"Polygon","coordinates":[[[-88.8498,48.0244],[-88.8476,48.0255],[-88.847,48.0256],[-88.8498,48.0244]]]},{"type":"Polygon","coordinates":[[[-88.8924,48.0247],[-88.89,48.0257],[-88.8897,48.0253],[-88.8924,48.0247]]]},{"type":"Polygon","coordinates":[[[-88.8936,48.0231],[-88.8836,48.0271],[-88.8821,48.0269],[-88.8936,48.0231]]]},{"type":"Polygon","coordinates":[[[-88.8666,48.0253],[-88.8651,48.0259],[-88.8665,48.025],[-88.8666,48.0253]]]},{"type":"Polygon","coordinates":[[[-88.8414,48.0299],[-88.8426,48.0294],[-88.8423,48.0281],[-88.8504,48.0255],[-88.8485,48.0278],[-88.8468,48.0272],[-88.8456,48.029],[-88.8414,48.0299]]]},{"type":"Polygon","coordinates":[[[-88.8265,48.028],[-88.828,48.0283],[-88.825,48.0286],[-88.8265,48.028]]]},{"type":"Polygon","coordinates":[[[-88.87,48.0302],[-88.8732,48.0267],[-88.8741,48.0272],[-88.87,48.0302]]]},{"type":"Polygon","coordinates":[[[-88.8828,48.0293],[-88.8846,48.0287],[-88.8827,48.0299],[-88.8828,48.0293]]]},{"type":"Polygon","coordinates":[[[-88.8627,48.0297],[-88.8647,48.0295],[-88.8626,48.0299],[-88.8627,48.0297]]]},{"type":"Polygon","coordinates":[[[-88.8496,48.0292],[-88.8446,48.0313],[-88.844,48.0315],[-88.8438,48.0314],[-88.846,48.0301],[-88.8496,48.0292]]]},{"type":"Polygon","coordinates":[[[-88.8476,48.0311],[-88.8495,48.0306],[-88.8514,48.0297],[-88.8495,48.0309],[-88.8476,48.0311]]]},{"type":"Polygon","coordinates":[[[-88.8919,48.0308],[-88.8906,48.0309],[-88.8921,48.0304],[-88.8919,48.0308]]]},{"type":"Polygon","coordinates":[[[-88.8633,48.026],[-88.8649,48.0271],[-88.8382,48.0365],[-88.8392,48.0357],[-88.8383,48.035],[-88.8401,48.034],[-88.8542,48.0304],[-88.8633,48.026]],[[-88.8415,48.0344],[-88.8399,48.0348],[-88.8398,48.0351],[-88.8415,48.0344]]]},{"type":"Polygon","coordinates":[[[-88.8361,48.0327],[-88.8353,48.0336],[-88.8338,48.0317],[-88.8359,48.0314],[-88.8352,48.0323],[-88.8361,48.0327]]]},{"type":"Polygon","coordinates":[[[-88.8618,48.0321],[-88.8606,48.0338],[-88.8593,48.0331],[-88.8609,48.0318],[-88.8618,48.0321]]]},{"type":"Polygon","coordinates":[[[-88.8565,48.0339],[-88.8546,48.0351],[-88.8526,48.0354],[-88.8565,48.0339]]]},{"type":"Polygon","coordinates":[[[-88.886,48.0318],[-88.8803,48.0335],[-88.8802,48.0347],[-88.8939,48.0319],[-88.8858,48.0351],[-88.8865,48.0343],[-88.8824,48.0347],[-88.8847,48.0353],[-88.8657,48.0423],[-88.8808,48.0357],[-88.8755,48.0369],[-88.8785,48.0351],[-88.8775,48.0352],[-88.8592,48.0416],[-88.857,48.0412],[-88.8735,48.0356],[-88.8785,48.0321],[-88.8822,48.0325],[-88.8866,48.0303],[-88.886,48.0318]]]},{"type":"Polygon","coordinates":[[[-88.8512,48.0359],[-88.8496,48.0371],[-88.8503,48.0356],[-88.8512,48.0359]]]},{"type":"Polygon","coordinates":[[[-88.8471,48.0368],[-88.8467,48.0378],[-88.8442,48.0377],[-88.845,48.0372],[-88.8471,48.0368]]]},{"type":"Polygon","coordinates":[[[-88.8792,48.0381],[-88.8818,48.0368],[-88.8819,48.0369],[-88.8792,48.0381]]]},{"type":"Polygon","coordinates":[[[-88.8793,48.0293],[-88.8768,48.0322],[-88.8749,48.0316],[-88.8712,48.033],[-88.8736,48.0325],[-88.8688,48.0356],[-88.8705,48.0334],[-88.8687,48.0334],[-88.8655,48.0361],[-88.8613,48.037],[-88.867,48.0346],[-88.8611,48.0365],[-88.8585,48.0388],[-88.8539,48.039],[-88.8611,48.0357],[-88.8551,48.0366],[-88.8252,48.049],[-88.8394,48.0417],[-88.8624,48.0334],[-88.8677,48.0321],[-88.8626,48.0342],[-88.8652,48.0338],[-88.8694,48.0314],[-88.8743,48.0308],[-88.8698,48.0311],[-88.8701,48.0309],[-88.878,48.029],[-88.8793,48.0293]],[[-88.8689,48.0328],[-88.8646,48.0342],[-88.8638,48.0349],[-88.8689,48.0328]],[[-88.8613,48.0349],[-88.8624,48.0347],[-88.8627,48.0344],[-88.862,48.0343],[-88.8613,48.0349]]]},{"type":"Polygon","coordinates":[[[-88.8439,48.0381],[-88.8418,48.0397],[-88.8435,48.0399],[-88.8395,48.0413],[-88.8357,48.0406],[-88.8439,48.0381]]]},{"type":"Polygon","coordinates":[[[-88.8733,48.0405],[-88.8719,48.0405],[-88.8739,48.0398],[-88.8733,48.0405]]]},{"type":"Polygon","coordinates":[[[-88.8434,48.0434],[-88.8465,48.042],[-88.8472,48.0424],[-88.844,48.0438],[-88.8434,48.0434]]]},{"type":"Polygon","coordinates":[[[-88.8371,48.0416],[-88.8225,48.0476],[-88.8243,48.046],[-88.8356,48.0415],[-88.8371,48.0416]]]},{"type":"Polygon","coordinates":[[[-88.8395,48.0453],[-88.8422,48.0442],[-88.8385,48.046],[-88.8395,48.0453]]]},{"type":"Polygon","coordinates":[[[-88.8229,48.053],[-88.8213,48.0519],[-88.8221,48.0512],[-88.8229,48.053]]]},{"type":"Polygon","coordinates":[[[-88.784,47.9849],[-88.7853,47.9848],[-88.7843,47.9857],[-88.784,47.9849]]]},{"type":"Polygon","coordinates":[[[-88.7824,47.9847],[-88.7818,47.986],[-88.7805,47.9863],[-88.7824,47.9847]]]},{"type":"Polygon","coordinates":[[[-88.7971,47.9846],[-88.7957,47.9869],[-88.7934,47.986],[-88.7953,47.9841],[-88.7971,47.9846]]]},{"type":"Polygon","coordinates":[[[-88.8234,47.9867],[-88.815,47.9892],[-88.817,47.9867],[-88.8158,47.9867],[-88.8161,47.9863],[-88.8207,47.9852],[-88.8222,47.9823],[-88.8244,47.9824],[-88.8225,47.9833],[-88.8251,47.9827],[-88.8226,47.9846],[-88.8246,47.9854],[-88.8234,47.9867]],[[-88.818,47.9877],[-88.8207,47.9866],[-88.8215,47.9853],[-88.8189,47.9865],[-88.818,47.9877]]]},{"type":"Polygon","coordinates":[[[-88.7759,47.9865],[-88.7739,47.986],[-88.7757,47.9852],[-88.7759,47.9865]]]},{"type":"Polygon","coordinates":[[[-88.8153,47.9863],[-88.8138,47.9862],[-88.8165,47.9856],[-88.8153,47.9863]]]},{"type":"Polygon","coordinates":[[[-88.756,47.986],[-88.7572,47.9853],[-88.7654,47.9858],[-88.7545,47.9879],[-88.7581,47.9861],[-88.756,47.986]],[[-88.7613,47.986],[-88.7585,47.9855],[-88.7581,47.986],[-88.7613,47.986]]]},{"type":"Polygon","coordinates":[[[-88.761,47.9881],[-88.7625,47.9867],[-88.7636,47.9876],[-88.761,47.9881]]]},{"type":"Polygon","coordinates":[[[-88.8118,47.9881],[-88.8122,47.9868],[-88.8147,47.9869],[-88.8118,47.9881]]]},{"type":"Polygon","coordinates":[[[-88.8032,47.9868],[-88.8067,47.9873],[-88.8072,47.9888],[-88.8061,47.9873],[-88.8032,47.9868]]]},{"type":"Polygon","coordinates":[[[-88.7851,47.9878],[-88.7891,47.9868],[-88.7871,47.9878],[-88.7881,47.9886],[-88.7877,47.9892],[-88.7865,47.9894],[-88.7869,47.9883],[-88.7855,47.9892],[-88.7861,47.9882],[-88.7851,47.9878]]]},{"type":"Polygon","coordinates":[[[-88.7962,47.9884],[-88.7979,47.9877],[-88.7962,47.9889],[-88.7962,47.9884]]]},{"type":"Polygon","coordinates":[[[-88.802,47.9891],[-88.8009,47.9878],[-88.8023,47.9878],[-88.802,47.9891]]]},{"type":"Polygon","coordinates":[[[-88.7622,47.9896],[-88.7666,47.9884],[-88.7643,47.9897],[-88.7622,47.9896]]]},{"type":"Polygon","coordinates":[[[-88.7946,47.9897],[-88.7954,47.9883],[-88.7958,47.9885],[-88.7946,47.9897]]]},{"type":"Polygon","coordinates":[[[-88.7533,47.9903],[-88.7575,47.9886],[-88.7566,47.9895],[-88.7533,47.9903]]]},{"type":"Polygon","coordinates":[[[-88.7492,47.9897],[-88.7479,47.9904],[-88.7461,47.9904],[-88.7492,47.9897]]]},{"type":"Polygon","coordinates":[[[-88.7738,47.9911],[-88.7708,47.9897],[-88.7753,47.9901],[-88.7738,47.9911]]]},{"type":"Polygon","coordinates":[[[-88.7505,47.9911],[-88.7489,47.9913],[-88.7485,47.991],[-88.7492,47.9903],[-88.7505,47.9911]]]},{"type":"Polygon","coordinates":[[[-88.7721,47.9852],[-88.7716,47.9886],[-88.7681,47.9916],[-88.7683,47.9933],[-88.7653,47.994],[-88.7625,47.9965],[-88.7605,47.9964],[-88.7621,47.9953],[-88.7606,47.9949],[-88.7495,47.9967],[-88.7507,47.9953],[-88.7568,47.9953],[-88.7638,47.9927],[-88.7674,47.9929],[-88.7672,47.991],[-88.7654,47.9918],[-88.7721,47.9852]]]},{"type":"Polygon","coordinates":[[[-88.7514,47.9918],[-88.7512,47.9911],[-88.7518,47.9916],[-88.7514,47.9918]]]},{"type":"Polygon","coordinates":[[[-88.7789,47.9894],[-88.7836,47.9892],[-88.7842,47.9898],[-88.7871,47.9904],[-88.7876,47.9907],[-88.7876,47.9909],[-88.7802,47.9922],[-88.782,47.9911],[-88.7796,47.99],[-88.7772,47.9928],[-88.7733,47.9938],[-88.7765,47.9922],[-88.7738,47.9928],[-88.7738,47.9924],[-88.7779,47.9913],[-88.7789,47.9894]],[[-88.7867,47.9904],[-88.7867,47.9905],[-88.7868,47.9905],[-88.7867,47.9904]]]},{"type":"Polygon","coordinates":[[[-88.7492,47.995],[-88.7505,47.9932],[-88.7497,47.995],[-88.7492,47.995]]]},{"type":"Polygon","coordinates":[[[-88.7757,47.996],[-88.7669,47.9969],[-88.7661,47.9968],[-88.7671,47.9964],[-88.7701,47.9961],[-88.771,47.9947],[-88.7714,47.996],[-88.7745,47.9955],[-88.7757,47.996]]]},{"type":"Polygon","coordinates":[[[-88.748,47.9961],[-88.7482,47.9967],[-88.7474,47.9974],[-88.7476,47.998],[-88.7468,47.9982],[-88.748,47.9961]]]},{"type":"Polygon","coordinates":[[[-88.7719,47.9969],[-88.7689,47.9983],[-88.7656,47.9975],[-88.7719,47.9969]]]},{"type":"Polygon","coordinates":[[[-88.7522,47.9987],[-88.7502,47.9993],[-88.752,47.9978],[-88.7522,47.9987]]]},{"type":"Polygon","coordinates":[[[-88.7649,47.9987],[-88.7618,48.0021],[-88.758,48.0032],[-88.76,48.002],[-88.7583,48.001],[-88.762,47.9991],[-88.7649,47.9987]]]},{"type":"Polygon","coordinates":[[[-88.7545,48.0024],[-88.7544,48.0013],[-88.7515,48.0011],[-88.7547,48.0002],[-88.758,48.0028],[-88.7555,48.0024],[-88.7538,48.0035],[-88.7542,48.0042],[-88.7514,48.0044],[-88.7525,48.0034],[-88.751,48.0034],[-88.7545,48.0024]]]},{"type":"Polygon","coordinates":[[[-88.7501,48.0084],[-88.7486,48.0085],[-88.7504,48.008],[-88.7501,48.0084]]]},{"type":"Polygon","coordinates":[[[-88.8181,48.008],[-88.8203,48.0087],[-88.8183,48.0097],[-88.8192,48.0087],[-88.8181,48.008]]]},{"type":"Polygon","coordinates":[[[-88.8104,48.0082],[-88.8114,48.0093],[-88.7989,48.0125],[-88.8011,48.011],[-88.7994,48.0109],[-88.8087,48.009],[-88.8098,48.0097],[-88.8104,48.0082]]]},{"type":"Polygon","coordinates":[[[-88.8123,48.01],[-88.8127,48.0113],[-88.8144,48.009],[-88.8159,48.0102],[-88.8074,48.0134],[-88.8042,48.0133],[-88.8035,48.0139],[-88.7994,48.0149],[-88.7979,48.0149],[-88.8108,48.0114],[-88.8123,48.01]]]},{"type":"Polygon","coordinates":[[[-88.8153,48.0124],[-88.8252,48.0114],[-88.8144,48.0138],[-88.8153,48.0124]]]},{"type":"Polygon","coordinates":[[[-88.7961,48.013],[-88.7812,48.0182],[-88.7806,48.0176],[-88.7947,48.0127],[-88.7961,48.013]]]},{"type":"Polygon","coordinates":[[[-88.8024,48.0174],[-88.8055,48.0153],[-88.8072,48.0151],[-88.8052,48.0169],[-88.8028,48.0177],[-88.8024,48.0174]]]},{"type":"Polygon","coordinates":[[[-88.7772,48.0186],[-88.7806,48.0184],[-88.7761,48.0192],[-88.7772,48.0186]]]},{"type":"Polygon","coordinates":[[[-88.8098,48.0194],[-88.8095,48.0188],[-88.8106,48.0186],[-88.8098,48.0194]]]},{"type":"Polygon","coordinates":[[[-88.7826,48.0204],[-88.7806,48.0214],[-88.7804,48.0212],[-88.7826,48.0204]]]},{"type":"Polygon","coordinates":[[[-88.7557,48.0235],[-88.7589,48.0225],[-88.7593,48.0223],[-88.7566,48.0237],[-88.7557,48.0235]]]},{"type":"Polygon","coordinates":[[[-88.7875,48.0246],[-88.7925,48.0226],[-88.7902,48.0241],[-88.7879,48.0247],[-88.7875,48.0246]]]},{"type":"Polygon","coordinates":[[[-88.8104,48.0241],[-88.8046,48.0244],[-88.8062,48.0235],[-88.8104,48.0241]]]},{"type":"Polygon","coordinates":[[[-88.7986,48.0241],[-88.8023,48.0233],[-88.7964,48.0262],[-88.7986,48.0241]]]},{"type":"Polygon","coordinates":[[[-88.7739,48.0201],[-88.7542,48.0283],[-88.7555,48.0271],[-88.7475,48.0289],[-88.7459,48.0311],[-88.7441,48.0313],[-88.7444,48.0299],[-88.7431,48.0305],[-88.7375,48.0293],[-88.7414,48.0272],[-88.7553,48.0239],[-88.7391,48.0285],[-88.7411,48.0294],[-88.7458,48.0276],[-88.7472,48.0287],[-88.7546,48.0267],[-88.7569,48.0245],[-88.763,48.024],[-88.769,48.0204],[-88.7697,48.0213],[-88.7703,48.0203],[-88.7739,48.0201]],[[-88.7583,48.0246],[-88.7584,48.0246],[-88.7582,48.0245],[-88.7583,48.0246]]]},{"type":"Polygon","coordinates":[[[-88.7891,48.0274],[-88.7899,48.0259],[-88.7922,48.0254],[-88.7908,48.026],[-88.7891,48.0274]]]},{"type":"Polygon","coordinates":[[[-88.8155,48.0288],[-88.8158,48.0273],[-88.8177,48.0265],[-88.8166,48.0279],[-88.8178,48.0281],[-88.8155,48.0288]]]},{"type":"Polygon","coordinates":[[[-88.7701,48.0288],[-88.7709,48.0281],[-88.7714,48.0283],[-88.774,48.0276],[-88.7743,48.0278],[-88.7701,48.0288]]]},{"type":"Polygon","coordinates":[[[-88.7889,48.0302],[-88.7938,48.028],[-88.7943,48.0286],[-88.7889,48.0302]]]},{"type":"Polygon","coordinates":[[[-88.8037,48.032],[-88.8039,48.0325],[-88.8021,48.0325],[-88.8037,48.032]]]},{"type":"Polygon","coordinates":[[[-88.8163,48.0314],[-88.814,48.0321],[-88.8158,48.0332],[-88.7835,48.0345],[-88.8163,48.0314]]]},{"type":"Polygon","coordinates":[[[-88.7818,48.034],[-88.7803,48.0346],[-88.7802,48.0338],[-88.7818,48.034]]]},{"type":"Polygon","coordinates":[[[-88.8026,48.0339],[-88.7975,48.0349],[-88.7965,48.0355],[-88.7969,48.0349],[-88.7992,48.0341],[-88.8026,48.0339]]]},{"type":"Polygon","coordinates":[[[-88.7764,48.0314],[-88.7628,48.0362],[-88.7647,48.0375],[-88.7595,48.0385],[-88.7574,48.0378],[-88.7572,48.0364],[-88.7603,48.0326],[-88.7454,48.037],[-88.7254,48.0396],[-88.7246,48.04],[-88.7267,48.0408],[-88.727,48.0416],[-88.7303,48.0402],[-88.7451,48.04],[-88.7512,48.0391],[-88.7545,48.037],[-88.7557,48.0394],[-88.7539,48.0392],[-88.7545,48.0405],[-88.7524,48.0392],[-88.7449,48.0409],[-88.7436,48.0431],[-88.7262,48.047],[-88.7417,48.0427],[-88.7434,48.0411],[-88.7299,48.0404],[-88.7281,48.0416],[-88.7202,48.0419],[-88.7195,48.0404],[-88.7522,48.0347],[-88.7638,48.0307],[-88.7671,48.0279],[-88.7696,48.0265],[-88.7721,48.0258],[-88.7724,48.0248],[-88.7732,48.0253],[-88.7723,48.0259],[-88.7682,48.0275],[-88.7673,48.029],[-88.7682,48.0304],[-88.7671,48.0313],[-88.7621,48.0322],[-88.7583,48.0355],[-88.7633,48.0357],[-88.7703,48.0328],[-88.7764,48.0314]]]},{"type":"Polygon","coordinates":[[[-88.8109,48.0365],[-88.8114,48.0358],[-88.8124,48.0356],[-88.8109,48.0365]]]},{"type":"Polygon","coordinates":[[[-88.7838,48.0374],[-88.7882,48.0363],[-88.7943,48.0348],[-88.7838,48.0374]]]},{"type":"Polygon","coordinates":[[[-88.8062,48.0366],[-88.808,48.0358],[-88.8082,48.0359],[-88.8062,48.0366]]]},{"type":"Polygon","coordinates":[[[-88.7766,48.0392],[-88.7731,48.0397],[-88.7668,48.0415],[-88.775,48.0378],[-88.7753,48.036],[-88.774,48.0359],[-88.7741,48.0353],[-88.7797,48.0339],[-88.7784,48.0353],[-88.7749,48.0357],[-88.7785,48.0376],[-88.7766,48.0392]]]},{"type":"Polygon","coordinates":[[[-88.8055,48.0388],[-88.8015,48.039],[-88.8008,48.0396],[-88.8014,48.0387],[-88.8077,48.0371],[-88.8042,48.0384],[-88.8055,48.0388]]]},{"type":"Polygon","coordinates":[[[-88.8014,48.0396],[-88.8014,48.0397],[-88.8013,48.0396],[-88.8014,48.0396]]]},{"type":"Polygon","coordinates":[[[-88.8008,48.0404],[-88.7998,48.04],[-88.8007,48.0399],[-88.8008,48.0404]]]},{"type":"Polygon","coordinates":[[[-88.7706,48.0438],[-88.7696,48.0436],[-88.7711,48.0434],[-88.7706,48.0438]]]},{"type":"Polygon","coordinates":[[[-88.7776,48.0449],[-88.7834,48.043],[-88.7857,48.0434],[-88.7846,48.0439],[-88.7776,48.0449]]]},{"type":"Polygon","coordinates":[[[-88.8144,48.0457],[-88.8124,48.0462],[-88.8138,48.0453],[-88.8144,48.0457]]]},{"type":"Polygon","coordinates":[[[-88.8288,48.0338],[-88.825,48.0343],[-88.836,48.0276],[-88.8404,48.0273],[-88.8312,48.0312],[-88.8321,48.0318],[-88.8278,48.0359],[-88.8311,48.0356],[-88.8275,48.0369],[-88.8291,48.0387],[-88.8375,48.0365],[-88.8339,48.0382],[-88.8343,48.04],[-88.8296,48.0398],[-88.8249,48.0424],[-88.8216,48.043],[-88.8184,48.0452],[-88.8206,48.0426],[-88.8256,48.0409],[-88.8266,48.0387],[-88.8244,48.0386],[-88.8205,48.0403],[-88.8207,48.0414],[-88.8151,48.0426],[-88.8174,48.0432],[-88.8139,48.0431],[-88.816,48.041],[-88.8246,48.0376],[-88.8215,48.0368],[-88.8133,48.0404],[-88.8114,48.0401],[-88.8121,48.0408],[-88.8089,48.0439],[-88.8042,48.0451],[-88.8058,48.0456],[-88.8047,48.0465],[-88.7996,48.047],[-88.8078,48.0432],[-88.7998,48.0441],[-88.7987,48.0446],[-88.7997,48.0446],[-88.799,48.0459],[-88.7959,48.0457],[-88.794,48.0469],[-88.7825,48.0484],[-88.7853,48.0466],[-88.7828,48.0468],[-88.7819,48.0489],[-88.7864,48.0487],[-88.7874,48.049],[-88.7743,48.051],[-88.7755,48.0498],[-88.7727,48.0501],[-88.7646,48.054],[-88.7579,48.0546],[-88.75,48.0574],[-88.7477,48.0571],[-88.7469,48.0583],[-88.7383,48.0585],[-88.7296,48.0629],[-88.7314,48.0632],[-88.7305,48.0646],[-88.7271,48.0631],[-88.7255,48.0637],[-88.7314,48.0602],[-88.7411,48.0578],[-88.7401,48.0572],[-88.7407,48.0558],[-88.7415,48.0577],[-88.7462,48.0577],[-88.7466,48.0563],[-88.7532,48.0559],[-88.7749,48.0487],[-88.7757,48.0499],[-88.7775,48.05],[-88.7762,48.0491],[-88.7804,48.0482],[-88.7841,48.0455],[-88.8072,48.0425],[-88.8078,48.0421],[-88.8068,48.0417],[-88.8073,48.041],[-88.80865,48.0423],[-88.8115,48.0391],[-88.8288,48.0338]],[[-88.8272,48.0407],[-88.8242,48.0419],[-88.8241,48.0422],[-88.8272,48.0407]],[[-88.7898,48.0462],[-88.7911,48.0463],[-88.7883,48.0469],[-88.7927,48.0463],[-88.7898,48.0462]],[[-88.7855,48.0468],[-88.7862,48.0471],[-88.7866,48.0468],[-88.7855,48.0468]],[[-88.7969,48.0446],[-88.7984,48.0444],[-88.7968,48.0445],[-88.7969,48.0446]]]},{"type":"Polygon","coordinates":[[[-88.8096,48.0461],[-88.8051,48.0466],[-88.8105,48.0455],[-88.8096,48.0461]]]},{"type":"Polygon","coordinates":[[[-88.8187,48.047],[-88.8179,48.0463],[-88.8199,48.0464],[-88.8187,48.047]]]},{"type":"Polygon","coordinates":[[[-88.8121,48.0475],[-88.8149,48.0462],[-88.815,48.0464],[-88.8137,48.0472],[-88.8121,48.0475]]]},{"type":"Polygon","coordinates":[[[-88.8098,48.0484],[-88.8088,48.0481],[-88.8106,48.0484],[-88.8098,48.0484]]]},{"type":"Polygon","coordinates":[[[-88.8177,48.0495],[-88.8189,48.049],[-88.8193,48.0497],[-88.8177,48.0495]]]},{"type":"Polygon","coordinates":[[[-88.7499,48.0522],[-88.7521,48.0511],[-88.7575,48.0498],[-88.7514,48.052],[-88.7499,48.0522]]]},{"type":"Polygon","coordinates":[[[-88.7564,48.0516],[-88.7565,48.0511],[-88.7572,48.0512],[-88.7564,48.0516]]]},{"type":"Polygon","coordinates":[[[-88.814,48.0516],[-88.8152,48.0515],[-88.803,48.0543],[-88.8159,48.05],[-88.814,48.0516]]]},{"type":"Polygon","coordinates":[[[-88.7874,48.0531],[-88.7844,48.0542],[-88.7775,48.0541],[-88.7794,48.053],[-88.7874,48.0531]]]},{"type":"Polygon","coordinates":[[[-88.7695,48.0551],[-88.7682,48.0553],[-88.7677,48.0543],[-88.7683,48.0536],[-88.7695,48.0551]]]},{"type":"Polygon","coordinates":[[[-88.8153,48.0551],[-88.821,48.0529],[-88.8177,48.0552],[-88.8164,48.0551],[-88.8147,48.0561],[-88.8143,48.056],[-88.8153,48.0551]]]},{"type":"Polygon","coordinates":[[[-88.7817,48.0556],[-88.7816,48.0549],[-88.7824,48.0551],[-88.7817,48.0556]]]},{"type":"Polygon","coordinates":[[[-88.7906,48.0549],[-88.7905,48.0557],[-88.7902,48.0553],[-88.7906,48.0549]]]},{"type":"Polygon","coordinates":[[[-88.7989,48.0562],[-88.8023,48.0545],[-88.8031,48.0552],[-88.7989,48.0562]]]},{"type":"Polygon","coordinates":[[[-88.7946,48.0562],[-88.7922,48.0567],[-88.7973,48.0549],[-88.803,48.0543],[-88.7976,48.0554],[-88.7964,48.0567],[-88.7946,48.0562]]]},{"type":"Polygon","coordinates":[[[-88.7791,48.055],[-88.779,48.0561],[-88.7779,48.0562],[-88.7781,48.0555],[-88.7791,48.055]]]},{"type":"Polygon","coordinates":[[[-88.7614,48.0577],[-88.763,48.0552],[-88.7648,48.0549],[-88.7636,48.0564],[-88.7614,48.0577]]]},{"type":"Polygon","coordinates":[[[-88.7871,48.0553],[-88.7862,48.0567],[-88.7843,48.0574],[-88.7871,48.0553]]]},{"type":"Polygon","coordinates":[[[-88.7687,48.0579],[-88.7716,48.0546],[-88.7731,48.0546],[-88.7724,48.0564],[-88.7747,48.057],[-88.7728,48.0582],[-88.7704,48.0575],[-88.7692,48.0589],[-88.7687,48.0579]]]},{"type":"Polygon","coordinates":[[[-88.7935,48.0578],[-88.7863,48.0586],[-88.7913,48.0567],[-88.7935,48.0578]]]},{"type":"Polygon","coordinates":[[[-88.7868,48.0574],[-88.7834,48.0582],[-88.7845,48.0576],[-88.7868,48.0574]]]},{"type":"Polygon","coordinates":[[[-88.7545,48.058],[-88.7543,48.059],[-88.7541,48.059],[-88.7545,48.058]]]},{"type":"Polygon","coordinates":[[[-88.7968,48.0577],[-88.7994,48.0591],[-88.7969,48.0599],[-88.795,48.0579],[-88.7968,48.0577]]]},{"type":"Polygon","coordinates":[[[-88.7774,48.0587],[-88.7826,48.0577],[-88.7738,48.0603],[-88.7774,48.0587]]]},{"type":"Polygon","coordinates":[[[-88.7875,48.0594],[-88.7845,48.0609],[-88.7836,48.0603],[-88.7875,48.0594]]]},{"type":"Polygon","coordinates":[[[-88.7717,48.0613],[-88.7692,48.0622],[-88.7723,48.0606],[-88.7717,48.0613]]]},{"type":"Polygon","coordinates":[[[-88.7479,48.0621],[-88.7521,48.0609],[-88.7524,48.061],[-88.7505,48.0618],[-88.7479,48.0621]]]},{"type":"Polygon","coordinates":[[[-88.7656,48.0632],[-88.7611,48.0648],[-88.7558,48.0653],[-88.7634,48.0623],[-88.7656,48.0632]],[[-88.7625,48.0628],[-88.7609,48.0635],[-88.7607,48.0641],[-88.7625,48.0628]]]},{"type":"Polygon","coordinates":[[[-88.7676,48.0585],[-88.7668,48.0592],[-88.7681,48.0593],[-88.7655,48.0605],[-88.7659,48.0598],[-88.7605,48.0614],[-88.7558,48.061],[-88.7606,48.0618],[-88.755,48.0635],[-88.749,48.0692],[-88.7515,48.0664],[-88.7471,48.0657],[-88.7332,48.0701],[-88.7399,48.0671],[-88.7381,48.066],[-88.741,48.067],[-88.7554,48.0615],[-88.7477,48.0638],[-88.7465,48.0627],[-88.7419,48.0637],[-88.7442,48.0627],[-88.7466,48.0621],[-88.7489,48.0631],[-88.7592,48.0593],[-88.7585,48.0607],[-88.7615,48.0607],[-88.7676,48.0585]],[[-88.7581,48.0606],[-88.7582,48.0605],[-88.758,48.0606],[-88.7581,48.0606]],[[-88.7503,48.0648],[-88.7528,48.0641],[-88.754,48.0635],[-88.7512,48.0642],[-88.7503,48.0648]],[[-88.7491,48.0656],[-88.7535,48.0646],[-88.7542,48.0638],[-88.7534,48.0639],[-88.7491,48.0656]],[[-88.7517,48.0654],[-88.7503,48.0656],[-88.7502,48.0658],[-88.7517,48.0654]]]},{"type":"Polygon","coordinates":[[[-88.7703,48.0692],[-88.767,48.0696],[-88.7685,48.069],[-88.7703,48.0692]]]},{"type":"Polygon","coordinates":[[[-88.7644,48.0706],[-88.7654,48.0706],[-88.764,48.071],[-88.7644,48.0706]]]},{"type":"Polygon","coordinates":[[[-88.7721,48.0703],[-88.7717,48.0713],[-88.7711,48.0706],[-88.7721,48.0703]]]},{"type":"Polygon","coordinates":[[[-88.7837,48.0592],[-88.7815,48.0619],[-88.7855,48.0609],[-88.7852,48.0615],[-88.7878,48.0605],[-88.7882,48.0606],[-88.7895,48.0601],[-88.7904,48.0599],[-88.7907,48.06],[-88.7852,48.0619],[-88.7843,48.0615],[-88.781,48.0625],[-88.7835,48.0624],[-88.7684,48.0679],[-88.7674,48.0678],[-88.7752,48.0645],[-88.7675,48.0661],[-88.7667,48.0653],[-88.7659,48.0667],[-88.7601,48.069],[-88.762,48.069],[-88.7659,48.0679],[-88.7672,48.0679],[-88.7565,48.0714],[-88.7574,48.0696],[-88.754,48.0704],[-88.7551,48.0717],[-88.7406,48.0767],[-88.7395,48.0787],[-88.7448,48.0768],[-88.7409,48.0787],[-88.7391,48.0789],[-88.7395,48.0768],[-88.7321,48.0792],[-88.7296,48.0813],[-88.7249,48.0829],[-88.7181,48.0838],[-88.7187,48.0832],[-88.7173,48.0826],[-88.7135,48.0839],[-88.7174,48.0821],[-88.7215,48.0832],[-88.7283,48.0813],[-88.7344,48.0778],[-88.7426,48.0749],[-88.7471,48.0708],[-88.7529,48.0705],[-88.7537,48.07],[-88.7518,48.0694],[-88.7559,48.0684],[-88.76,48.06903333333333],[-88.7602,48.0676],[-88.7682,48.0634],[-88.777,48.0616],[-88.7688,48.0644],[-88.7775,48.0641],[-88.7812,48.0621],[-88.779,48.0621],[-88.7816,48.0605],[-88.7808,48.0601],[-88.7837,48.0592]],[[-88.7462,48.0722],[-88.7439,48.0746],[-88.7486,48.0722],[-88.7462,48.0722]],[[-88.7477,48.073],[-88.749,48.0728],[-88.7489,48.0726],[-88.7477,48.073]],[[-88.7491,48.0721],[-88.7498,48.0722],[-88.7504,48.0718],[-88.7491,48.0721]]]},{"type":"Polygon","coordinates":[[[-88.7588,48.0727],[-88.7525,48.075],[-88.7499,48.0756],[-88.7588,48.0727]]]},{"type":"Polygon","coordinates":[[[-88.7602,48.075],[-88.7648,48.0734],[-88.765,48.0738],[-88.7639,48.0752],[-88.7602,48.075]]]},{"type":"Polygon","coordinates":[[[-88.7696,48.0767],[-88.7688,48.0766],[-88.7706,48.0765],[-88.7696,48.0767]]]},{"type":"Polygon","coordinates":[[[-88.7657,48.0801],[-88.7683,48.0785],[-88.7661,48.0804],[-88.7657,48.0801]]]},{"type":"Polygon","coordinates":[[[-88.759,48.0811],[-88.7604,48.0804],[-88.7604,48.0806],[-88.759,48.0811]]]},{"type":"Polygon","coordinates":[[[-88.7584,48.0808],[-88.759,48.0811],[-88.7573,48.0814],[-88.7584,48.0808]]]},{"type":"Polygon","coordinates":[[[-88.7645,48.0824],[-88.7648,48.0811],[-88.765,48.081],[-88.7649,48.0822],[-88.7645,48.0824]]]},{"type":"Polygon","coordinates":[[[-88.7616,48.082],[-88.7579,48.0825],[-88.7612,48.0815],[-88.7616,48.082]]]},{"type":"Polygon","coordinates":[[[-88.7486,48.0826],[-88.7464,48.0825],[-88.7487,48.0825],[-88.7486,48.0826]]]},{"type":"Polygon","coordinates":[[[-88.7575,48.0843],[-88.7587,48.0837],[-88.7591,48.0837],[-88.7575,48.0843]]]},{"type":"Polygon","coordinates":[[[-88.7567,48.0833],[-88.7568,48.0842],[-88.7543,48.0854],[-88.7557,48.0846],[-88.7567,48.0833]]]},{"type":"Polygon","coordinates":[[[-88.7502,48.0869],[-88.7436,48.0896],[-88.7428,48.0895],[-88.7467,48.0878],[-88.7454,48.0872],[-88.7502,48.0869]]]},{"type":"Polygon","coordinates":[[[-88.7465,48.0896],[-88.7476,48.0899],[-88.7459,48.0903],[-88.7465,48.0896]]]},{"type":"Polygon","coordinates":[[[-88.7401,47.9923],[-88.7402,47.9911],[-88.7406,47.9913],[-88.7401,47.9923]]]},{"type":"Polygon","coordinates":[[[-88.7354,47.9922],[-88.7375,47.992],[-88.7383,47.9923],[-88.7362,47.9927],[-88.7354,47.9922]]]},{"type":"Polygon","coordinates":[[[-88.746,47.9939],[-88.7467,47.9945],[-88.7444,47.9942],[-88.746,47.9939]]]},{"type":"Polygon","coordinates":[[[-88.7258,47.9941],[-88.725,47.9948],[-88.7244,47.9947],[-88.7258,47.9941]]]},{"type":"Polygon","coordinates":[[[-88.7227,47.9953],[-88.724,47.9949],[-88.7252,47.995],[-88.725,47.9952],[-88.7227,47.9953]]]},{"type":"Polygon","coordinates":[[[-88.722,47.9954],[-88.7177,47.9969],[-88.7184,47.9962],[-88.7213,47.9953],[-88.722,47.9954]]]},{"type":"Polygon","coordinates":[[[-88.7377,47.9968],[-88.7349,47.9977],[-88.7342,47.9975],[-88.7359,47.9954],[-88.7377,47.9968]]]},{"type":"Polygon","coordinates":[[[-88.7421,47.9965],[-88.7421,47.9978],[-88.7406,47.9973],[-88.7421,47.9965]]]},{"type":"Polygon","coordinates":[[[-88.7305,47.9978],[-88.7308,47.9971],[-88.7323,47.9975],[-88.7305,47.9978]]]},{"type":"Polygon","coordinates":[[[-88.7434,47.9983],[-88.7425,47.9981],[-88.7438,47.9977],[-88.7434,47.9983]]]},{"type":"Polygon","coordinates":[[[-88.7261,47.9975],[-88.7237,47.9979],[-88.7238,48.0009],[-88.7205,48.0014],[-88.7235,47.9996],[-88.7212,47.9998],[-88.7223,47.9983],[-88.7214,47.9977],[-88.7161,47.9999],[-88.7039,48.0031],[-88.703,48.0029],[-88.7061,48.0017],[-88.7043,48.001],[-88.707,48.0016],[-88.712,47.9997],[-88.7137,48.0002],[-88.719,47.9974],[-88.7177,47.9973],[-88.7233,47.9972],[-88.7271,47.9938],[-88.7314,47.9937],[-88.7288,47.9951],[-88.7268,47.9953],[-88.7261,47.9975]],[[-88.7275,47.9943],[-88.7278,47.995],[-88.7286,47.9947],[-88.7275,47.9943]]]},{"type":"Polygon","coordinates":[[[-88.7339,48.0005],[-88.7318,48.0009],[-88.7345,47.9987],[-88.7339,48.0005]]]},{"type":"Polygon","coordinates":[[[-88.7271,48.0011],[-88.7254,48.0007],[-88.7274,47.9999],[-88.7271,48.0011]]]},{"type":"Polygon","coordinates":[[[-88.7344,48.0038],[-88.7342,48.003],[-88.7356,48.0029],[-88.7344,48.0038]]]},{"type":"Polygon","coordinates":[[[-88.7239,48.0045],[-88.723,48.0064],[-88.7231,48.0045],[-88.7189,48.0057],[-88.723,48.004],[-88.7239,48.0045]]]},{"type":"Polygon","coordinates":[[[-88.7167,48.0062],[-88.7165,48.0046],[-88.7172,48.0045],[-88.7167,48.0062]]]},{"type":"Polygon","coordinates":[[[-88.7442,48.006],[-88.7458,48.0047],[-88.7489,48.0058],[-88.748,48.0066],[-88.7442,48.006]]]},{"type":"Polygon","coordinates":[[[-88.7297,48.0042],[-88.7258,48.0022],[-88.728,48.0022],[-88.7302,48.0043],[-88.732,48.0037],[-88.731,48.0045],[-88.7322,48.0047],[-88.7394,48.0037],[-88.735,48.0044],[-88.7389,48.0055],[-88.7383,48.0068],[-88.7322,48.0095],[-88.7361,48.0069],[-88.7336,48.0054],[-88.7327,48.0067],[-88.7343,48.007],[-88.7311,48.0073],[-88.7259,48.0108],[-88.7287,48.0088],[-88.7296,48.0066],[-88.7311,48.0069],[-88.7307,48.0048],[-88.728,48.0054],[-88.7297,48.0042]]]},{"type":"Polygon","coordinates":[[[-88.7197,48.0068],[-88.7209,48.0064],[-88.7208,48.0077],[-88.7197,48.0068]]]},{"type":"Polygon","coordinates":[[[-88.7091,48.0087],[-88.7101,48.0073],[-88.7113,48.0068],[-88.7091,48.0087]]]},{"type":"Polygon","coordinates":[[[-88.7221,48.0081],[-88.7272,48.0079],[-88.7283,48.0087],[-88.7221,48.0081]]]},{"type":"Polygon","coordinates":[[[-88.7122,48.0085],[-88.7119,48.008],[-88.7126,48.008],[-88.7122,48.0085]]]},{"type":"Polygon","coordinates":[[[-88.7119,48.01],[-88.7112,48.0104],[-88.7101,48.0103],[-88.7104,48.0095],[-88.7119,48.01]]]},{"type":"Polygon","coordinates":[[[-88.7196,48.0097],[-88.7244,48.0107],[-88.7166,48.0101],[-88.7201,48.0089],[-88.7196,48.0097]]]},{"type":"Polygon","coordinates":[[[-88.7158,48.0119],[-88.7148,48.0144],[-88.7138,48.0125],[-88.711,48.0129],[-88.7101,48.0119],[-88.7162,48.0066],[-88.7137,48.0094],[-88.7151,48.0104],[-88.7115,48.0118],[-88.7158,48.0119]]]},{"type":"Polygon","coordinates":[[[-88.7033,48.014],[-88.7063,48.0104],[-88.7081,48.0097],[-88.7044,48.0128],[-88.7053,48.0135],[-88.7033,48.014]]]},{"type":"Polygon","coordinates":[[[-88.7359,48.0102],[-88.7332,48.0123],[-88.7336,48.0143],[-88.7299,48.0133],[-88.7328,48.0128],[-88.7331,48.0119],[-88.7359,48.0102]]]},{"type":"Polygon","coordinates":[[[-88.7264,48.0132],[-88.7275,48.0124],[-88.7299,48.0129],[-88.7282,48.0132],[-88.7264,48.0132]]]},{"type":"Polygon","coordinates":[[[-88.7063,48.0135],[-88.7065,48.0127],[-88.7072,48.0129],[-88.7063,48.0135]]]},{"type":"Polygon","coordinates":[[[-88.7172,48.0139],[-88.7189,48.0133],[-88.7206,48.0129],[-88.7172,48.0139]]]},{"type":"Polygon","coordinates":[[[-88.715,48.0166],[-88.7216,48.0127],[-88.7248,48.0113],[-88.7206,48.0142],[-88.7216,48.0156],[-88.715,48.0166]]]},{"type":"Polygon","coordinates":[[[-88.7417,48.0145],[-88.7384,48.0156],[-88.7363,48.0154],[-88.7404,48.0135],[-88.7396,48.0141],[-88.7417,48.0145]]]},{"type":"Polygon","coordinates":[[[-88.7048,48.0175],[-88.7034,48.0178],[-88.7032,48.0177],[-88.7048,48.0175]]]},{"type":"Polygon","coordinates":[[[-88.7019,48.0175],[-88.703,48.0177],[-88.7019,48.0177],[-88.7019,48.0175]]]},{"type":"Polygon","coordinates":[[[-88.7064,48.0176],[-88.7048,48.0186],[-88.7043,48.0185],[-88.7049,48.0175],[-88.7064,48.0176]]]},{"type":"Polygon","coordinates":[[[-88.7125,48.0173],[-88.7145,48.0191],[-88.711,48.0182],[-88.7125,48.0173]]]},{"type":"Polygon","coordinates":[[[-88.7275,48.0198],[-88.7255,48.0204],[-88.7241,48.0209],[-88.7244,48.0203],[-88.7275,48.0198]]]},{"type":"Polygon","coordinates":[[[-88.7281,48.0141],[-88.7259,48.0164],[-88.732,48.0161],[-88.7314,48.0173],[-88.7354,48.0175],[-88.736,48.019],[-88.7382,48.018],[-88.7373,48.0171],[-88.7376,48.0167],[-88.741,48.0163],[-88.7399,48.0175],[-88.741,48.0179],[-88.7376,48.0188],[-88.7372,48.0208],[-88.7337,48.0207],[-88.732,48.0224],[-88.7383,48.022],[-88.7392,48.0236],[-88.7452,48.0244],[-88.7332,48.0261],[-88.7315,48.0254],[-88.7287,48.0266],[-88.7322,48.0236],[-88.725,48.023],[-88.7286,48.023],[-88.7303,48.0209],[-88.7345,48.0192],[-88.7331,48.0188],[-88.7334,48.0176],[-88.7283,48.0182],[-88.7242,48.0164],[-88.7258,48.0151],[-88.7248,48.0145],[-88.7281,48.0141]],[[-88.7369,48.0198],[-88.7349,48.0201],[-88.7349,48.0203],[-88.7369,48.0198]],[[-88.7391,48.0248],[-88.7351,48.0232],[-88.7338,48.0243],[-88.7391,48.0248]]]},{"type":"Polygon","coordinates":[[[-88.7075,48.0198],[-88.7036,48.0216],[-88.7028,48.0215],[-88.7075,48.0198]]]},{"type":"Polygon","coordinates":[[[-88.7195,48.0212],[-88.7203,48.0214],[-88.7202,48.0215],[-88.7195,48.0212]]]},{"type":"Polygon","coordinates":[[[-88.714,48.0208],[-88.7168,48.0191],[-88.7198,48.0182],[-88.7182,48.0194],[-88.7216,48.019],[-88.718,48.0203],[-88.7176,48.0233],[-88.7161,48.0232],[-88.7177,48.0216],[-88.7163,48.0203],[-88.7134,48.0216],[-88.7137,48.0259],[-88.7113,48.0236],[-88.7134,48.0212],[-88.7072,48.0218],[-88.7111,48.0209],[-88.7103,48.0201],[-88.714,48.0208]]]},{"type":"Polygon","coordinates":[[[-88.7036,48.0219],[-88.7029,48.0227],[-88.7024,48.0225],[-88.7036,48.0219]]]},{"type":"Polygon","coordinates":[[[-88.7192,48.0233],[-88.72,48.0226],[-88.7206,48.0232],[-88.7192,48.0233]]]},{"type":"Polygon","coordinates":[[[-88.7249,48.0242],[-88.7251,48.0233],[-88.7262,48.0236],[-88.7262,48.0238],[-88.7249,48.0242]]]},{"type":"Polygon","coordinates":[[[-88.7234,48.0239],[-88.7215,48.0254],[-88.7173,48.026],[-88.7227,48.0238],[-88.7234,48.0239]]]},{"type":"Polygon","coordinates":[[[-88.7018,48.0266],[-88.7035,48.0257],[-88.7041,48.0255],[-88.7018,48.0266]]]},{"type":"Polygon","coordinates":[[[-88.72,48.0279],[-88.7202,48.029],[-88.719,48.0282],[-88.72,48.0279]]]},{"type":"Polygon","coordinates":[[[-88.7086,48.0286],[-88.7212,48.0293],[-88.7168,48.0313],[-88.7174,48.0322],[-88.7168,48.0325],[-88.7158,48.0315],[-88.7124,48.0321],[-88.7168,48.031],[-88.7152,48.0301],[-88.7113,48.0298],[-88.7088,48.0289],[-88.7051,48.0309],[-88.7023,48.0308],[-88.7086,48.0286]],[[-88.7162,48.0298],[-88.7172,48.0303],[-88.7175,48.03],[-88.7162,48.0298]]]},{"type":"Polygon","coordinates":[[[-88.7263,48.0333],[-88.7342,48.0316],[-88.7309,48.0333],[-88.7326,48.0336],[-88.7306,48.0349],[-88.7218,48.0358],[-88.7184,48.0375],[-88.7205,48.0364],[-88.7203,48.036],[-88.7117,48.0386],[-88.7107,48.0385],[-88.7104,48.038],[-88.7226,48.0344],[-88.7253,48.0352],[-88.7263,48.0333]]]},{"type":"Polygon","coordinates":[[[-88.7114,48.0353],[-88.7114,48.0364],[-88.7085,48.0386],[-88.7076,48.0386],[-88.707,48.0376],[-88.7029,48.0373],[-88.7105,48.0365],[-88.7099,48.0358],[-88.7114,48.0353]],[[-88.7081,48.0384],[-88.7093,48.0374],[-88.7068,48.0369],[-88.7067,48.0372],[-88.7081,48.0384]]]},{"type":"Polygon","coordinates":[[[-88.7227,48.0375],[-88.7238,48.0377],[-88.7221,48.0379],[-88.7227,48.0375]]]},{"type":"Polygon","coordinates":[[[-88.7495,48.044],[-88.7435,48.0499],[-88.7454,48.0468],[-88.7405,48.0472],[-88.7462,48.0458],[-88.7482,48.0439],[-88.7477,48.0425],[-88.7498,48.0423],[-88.7495,48.044]]]},{"type":"Polygon","coordinates":[[[-88.7213,48.047],[-88.7203,48.0476],[-88.7193,48.0477],[-88.7213,48.047]]]},{"type":"Polygon","coordinates":[[[-88.7353,48.0476],[-88.7341,48.0474],[-88.7366,48.0474],[-88.7353,48.0476]]]},{"type":"Polygon","coordinates":[[[-88.7016,48.0504],[-88.7022,48.0495],[-88.7034,48.05],[-88.7016,48.0504]]]},{"type":"Polygon","coordinates":[[[-88.7145,48.0501],[-88.7122,48.05],[-88.7146,48.0497],[-88.7145,48.0501]]]},{"type":"Polygon","coordinates":[[[-88.7234,48.0498],[-88.7287,48.0476],[-88.7274,48.0487],[-88.7193,48.0525],[-88.7118,48.0525],[-88.7234,48.0498]]]},{"type":"Polygon","coordinates":[[[-88.733,48.0494],[-88.7332,48.051],[-88.7284,48.0524],[-88.726,48.0517],[-88.7315,48.0493],[-88.7289,48.049],[-88.729,48.0485],[-88.733,48.0494]]]},{"type":"Polygon","coordinates":[[[-88.7354,48.0512],[-88.7349,48.0509],[-88.7368,48.0514],[-88.7354,48.0512]]]},{"type":"Polygon","coordinates":[[[-88.7091,48.0538],[-88.7075,48.0529],[-88.7094,48.053],[-88.7097,48.0517],[-88.7114,48.0518],[-88.7091,48.0538]]]},{"type":"Polygon","coordinates":[[[-88.7255,48.0525],[-88.7205,48.0547],[-88.7244,48.0541],[-88.7218,48.0556],[-88.7191,48.0543],[-88.7255,48.0525]]]},{"type":"Polygon","coordinates":[[[-88.7151,48.0546],[-88.7134,48.0543],[-88.7159,48.0537],[-88.7151,48.0546]]]},{"type":"Polygon","coordinates":[[[-88.7315,48.0553],[-88.7289,48.0547],[-88.7321,48.0551],[-88.7315,48.0553]]]},{"type":"Polygon","coordinates":[[[-88.7365,48.0525],[-88.7384,48.0512],[-88.7381,48.0525],[-88.741,48.0527],[-88.7406,48.0558],[-88.7363,48.0556],[-88.7308,48.0581],[-88.7238,48.0593],[-88.725,48.0579],[-88.7362,48.0552],[-88.7335,48.0545],[-88.7389,48.0547],[-88.7398,48.0534],[-88.7365,48.0525]],[[-88.7319,48.0566],[-88.7336,48.0567],[-88.7337,48.0559],[-88.7319,48.0566]]]},{"type":"Polygon","coordinates":[[[-88.7267,48.0561],[-88.7246,48.0567],[-88.7271,48.0557],[-88.7267,48.0561]]]},{"type":"Polygon","coordinates":[[[-88.709,48.06],[-88.7145,48.0585],[-88.7131,48.0603],[-88.709,48.06]]]},{"type":"Polygon","coordinates":[[[-88.7223,48.0598],[-88.7179,48.0617],[-88.7168,48.061],[-88.7198,48.0595],[-88.7223,48.0598]]]},{"type":"Polygon","coordinates":[[[-88.7086,48.0613],[-88.7069,48.0619],[-88.7066,48.0608],[-88.7087,48.0603],[-88.7077,48.0607],[-88.7086,48.0613]]]},{"type":"Polygon","coordinates":[[[-88.7361,48.0649],[-88.7385,48.0628],[-88.7402,48.0631],[-88.7379,48.0645],[-88.7361,48.0649]],[[-88.7375,48.064],[-88.7392,48.0636],[-88.7392,48.0634],[-88.7375,48.064]]]},{"type":"Polygon","coordinates":[[[-88.7352,48.0663],[-88.7303,48.0676],[-88.738,48.0649],[-88.7352,48.0663]]]},{"type":"Polygon","coordinates":[[[-88.7447,48.0683],[-88.7483,48.067],[-88.7436,48.0689],[-88.7447,48.0683]]]},{"type":"Polygon","coordinates":[[[-88.7183,48.0682],[-88.7208,48.0679],[-88.7229,48.0674],[-88.7214,48.0686],[-88.7181,48.0698],[-88.7214,48.0681],[-88.7183,48.0682]]]},{"type":"Polygon","coordinates":[[[-88.7396,48.0703],[-88.7356,48.0713],[-88.7428,48.0692],[-88.7396,48.0703]]]},{"type":"Polygon","coordinates":[[[-88.7146,48.0716],[-88.7208,48.0698],[-88.721,48.0699],[-88.7146,48.0716]]]},{"type":"Polygon","coordinates":[[[-88.7246,48.0712],[-88.723,48.0713],[-88.7234,48.0705],[-88.7246,48.0712]]]},{"type":"Polygon","coordinates":[[[-88.7149,48.0725],[-88.7166,48.0717],[-88.7189,48.072],[-88.7149,48.0725]]]},{"type":"Polygon","coordinates":[[[-88.7128,48.072],[-88.7105,48.0732],[-88.7064,48.074],[-88.7067,48.0733],[-88.7128,48.072]]]},{"type":"Polygon","coordinates":[[[-88.7296,48.0741],[-88.7251,48.0746],[-88.7242,48.0739],[-88.7281,48.0732],[-88.7296,48.0741]]]},{"type":"Polygon","coordinates":[[[-88.7126,48.0753],[-88.7186,48.0736],[-88.7195,48.0741],[-88.7126,48.0753]]]},{"type":"Polygon","coordinates":[[[-88.7397,48.0735],[-88.7321,48.0757],[-88.7407,48.073],[-88.7397,48.0735]]]},{"type":"Polygon","coordinates":[[[-88.7125,48.0754],[-88.7124,48.0753],[-88.7125,48.0753],[-88.7125,48.0754]]]},{"type":"Polygon","coordinates":[[[-88.7103,48.0792],[-88.7123,48.0784],[-88.7101,48.0795],[-88.7103,48.0792]]]},{"type":"Polygon","coordinates":[[[-88.7321,48.0798],[-88.7343,48.079],[-88.7353,48.0795],[-88.7321,48.0798]]]},{"type":"Polygon","coordinates":[[[-88.7269,48.0796],[-88.7296,48.0797],[-88.7258,48.0809],[-88.7269,48.0796]]]},{"type":"Polygon","coordinates":[[[-88.7163,48.0798],[-88.7177,48.0796],[-88.7194,48.0806],[-88.7247,48.0791],[-88.7194,48.0814],[-88.7163,48.0798]]]},{"type":"Polygon","coordinates":[[[-88.7217,48.0809],[-88.7225,48.0809],[-88.7212,48.0812],[-88.7217,48.0809]]]},{"type":"Polygon","coordinates":[[[-88.7339,48.0833],[-88.7448,48.0798],[-88.7469,48.0803],[-88.7404,48.0816],[-88.7363,48.0842],[-88.7339,48.0833]]]},{"type":"Polygon","coordinates":[[[-88.6998,48.0844],[-88.7108,48.0805],[-88.7081,48.0829],[-88.6998,48.0844]]]},{"type":"Polygon","coordinates":[[[-88.714,48.0827],[-88.7092,48.0865],[-88.7074,48.0858],[-88.7102,48.0851],[-88.7124,48.0833],[-88.7118,48.0829],[-88.7156,48.0789],[-88.713,48.0822],[-88.714,48.0827]],[[-88.7125,48.0833],[-88.7127,48.0834],[-88.7127,48.0832],[-88.7125,48.0833]]]},{"type":"Polygon","coordinates":[[[-88.7047,48.0837],[-88.7051,48.0848],[-88.7033,48.0843],[-88.7047,48.0837]]]},{"type":"Polygon","coordinates":[[[-88.7486,48.085],[-88.7427,48.0867],[-88.7466,48.0846],[-88.7411,48.0864],[-88.7379,48.0867],[-88.7449,48.0829],[-88.7499,48.083],[-88.7486,48.085]],[[-88.7418,48.0856],[-88.7406,48.0858],[-88.7406,48.0861],[-88.7418,48.0856]]]},{"type":"Polygon","coordinates":[[[-88.7073,48.0855],[-88.7072,48.0865],[-88.6984,48.0887],[-88.7115,48.0835],[-88.7073,48.0855]]]},{"type":"Polygon","coordinates":[[[-88.7379,48.0874],[-88.7367,48.0883],[-88.7363,48.0882],[-88.7379,48.0874]]]},{"type":"Polygon","coordinates":[[[-88.7257,48.0863],[-88.7282,48.0867],[-88.7176,48.0904],[-88.7128,48.0908],[-88.7095,48.0924],[-88.7105,48.0912],[-88.7257,48.0863]],[[-88.7225,48.0881],[-88.7214,48.0881],[-88.7206,48.0887],[-88.7218,48.0887],[-88.7225,48.0881]]]},{"type":"Polygon","coordinates":[[[-88.7014,48.09],[-88.7019,48.09],[-88.7011,48.0903],[-88.7014,48.09]]]},{"type":"Polygon","coordinates":[[[-88.7254,48.0941],[-88.7237,48.0947],[-88.7227,48.0947],[-88.7237,48.094],[-88.7254,48.0941]]]},{"type":"Polygon","coordinates":[[[-88.7126,48.0939],[-88.7101,48.0948],[-88.7086,48.0947],[-88.7126,48.0939]]]},{"type":"Polygon","coordinates":[[[-88.7312,48.095],[-88.7314,48.0954],[-88.7299,48.0956],[-88.7312,48.095]]]},{"type":"Polygon","coordinates":[[[-88.7456,48.0893],[-88.7376,48.0918],[-88.7373,48.0927],[-88.7392,48.0925],[-88.7369,48.0935],[-88.7343,48.0934],[-88.7346,48.0924],[-88.7331,48.0918],[-88.7324,48.0906],[-88.7295,48.0916],[-88.7278,48.094],[-88.7284,48.0919],[-88.7247,48.093],[-88.7246,48.0918],[-88.7224,48.0923],[-88.7202,48.0931],[-88.722,48.0936],[-88.7188,48.0948],[-88.7091,48.0968],[-88.7071,48.098],[-88.7076,48.0995],[-88.699,48.1025],[-88.6992,48.1013],[-88.7066,48.0991],[-88.7056,48.0983],[-88.7008,48.1006],[-88.699,48.1006],[-88.7058,48.0972],[-88.714,48.094],[-88.7132,48.095],[-88.7149,48.0942],[-88.7144,48.0956],[-88.7184,48.0945],[-88.72,48.0937],[-88.7198,48.0926],[-88.7272,48.09],[-88.7277,48.0908],[-88.7262,48.0919],[-88.7344,48.0893],[-88.7351,48.0899],[-88.7335,48.0901],[-88.7334,48.0914],[-88.7355,48.0911],[-88.7337,48.0918],[-88.7358,48.0921],[-88.7456,48.0893]]]},{"type":"Polygon","coordinates":[[[-88.7221,48.0961],[-88.7181,48.0973],[-88.7179,48.0971],[-88.7221,48.0961]]]},{"type":"Polygon","coordinates":[[[-88.7251,48.0981],[-88.7237,48.0987],[-88.7195,48.0988],[-88.7234,48.098],[-88.7262,48.0956],[-88.7243,48.0977],[-88.7251,48.0981]]]},{"type":"Polygon","coordinates":[[[-88.7077,48.0987],[-88.7097,48.0974],[-88.7103,48.0974],[-88.7077,48.0987]]]},{"type":"Polygon","coordinates":[[[-88.7152,48.0988],[-88.7115,48.0994],[-88.7172,48.0972],[-88.7152,48.0988]]]},{"type":"Polygon","coordinates":[[[-88.7118,48.0983],[-88.7087,48.0994],[-88.7086,48.0993],[-88.7118,48.0983]]]},{"type":"Polygon","coordinates":[[[-88.7082,48.1014],[-88.7095,48.1006],[-88.71,48.1008],[-88.7082,48.1014]]]},{"type":"Polygon","coordinates":[[[-88.7096,48.1026],[-88.719,48.1002],[-88.7134,48.1021],[-88.7101,48.1027],[-88.7096,48.1026]]]},{"type":"Polygon","coordinates":[[[-88.7058,48.1014],[-88.7068,48.1014],[-88.707,48.1014],[-88.706,48.102],[-88.7058,48.1014]]]},{"type":"Polygon","coordinates":[[[-88.7067,48.1022],[-88.7052,48.1031],[-88.7045,48.1034],[-88.7067,48.1022]]]},{"type":"Polygon","coordinates":[[[-88.7153,48.0999],[-88.7085,48.1025],[-88.6907,48.1109],[-88.7095,48.1014],[-88.7153,48.0999]]]},{"type":"Polygon","coordinates":[[[-88.7047,48.1061],[-88.7022,48.1065],[-88.707,48.1047],[-88.7047,48.1061]]]},{"type":"Polygon","coordinates":[[[-88.6956,48.0062],[-88.6967,48.0054],[-88.6969,48.0055],[-88.6956,48.0062]]]},{"type":"Polygon","coordinates":[[[-88.7015,48.0046],[-88.7024,48.0056],[-88.6923,48.0087],[-88.7015,48.0046]]]},{"type":"Polygon","coordinates":[[[-88.6999,48.0097],[-88.6967,48.0108],[-88.6962,48.0108],[-88.6963,48.0105],[-88.6994,48.0096],[-88.6999,48.0097]]]},{"type":"Polygon","coordinates":[[[-88.7018,48.0098],[-88.7009,48.0112],[-88.7001,48.0112],[-88.7018,48.0098]]]},{"type":"Polygon","coordinates":[[[-88.6864,48.0099],[-88.6847,48.0108],[-88.6824,48.0115],[-88.6852,48.01],[-88.6864,48.0099]]]},{"type":"Polygon","coordinates":[[[-88.6793,48.0103],[-88.6766,48.0117],[-88.6761,48.0116],[-88.6777,48.0103],[-88.6793,48.0103]]]},{"type":"Polygon","coordinates":[[[-88.6952,48.0114],[-88.6957,48.0107],[-88.6959,48.0109],[-88.6952,48.0114]]]},{"type":"Polygon","coordinates":[[[-88.6947,48.0125],[-88.6984,48.0118],[-88.6938,48.013],[-88.6947,48.0125]]]},{"type":"Polygon","coordinates":[[[-88.6882,48.0109],[-88.6808,48.0131],[-88.6773,48.0143],[-88.6786,48.0133],[-88.6882,48.0109]]]},{"type":"Polygon","coordinates":[[[-88.6728,48.013],[-88.6733,48.0145],[-88.675,48.0137],[-88.6801,48.0123],[-88.672,48.0151],[-88.6696,48.0175],[-88.6724,48.0141],[-88.6725,48.0131],[-88.6714,48.0132],[-88.6728,48.013]]]},{"type":"Polygon","coordinates":[[[-88.6893,48.0145],[-88.6869,48.015],[-88.6895,48.0141],[-88.6893,48.0145]]]},{"type":"Polygon","coordinates":[[[-88.6693,48.0152],[-88.6669,48.0149],[-88.6662,48.0152],[-88.6667,48.0148],[-88.6674,48.0147],[-88.6693,48.0152]]]},{"type":"Polygon","coordinates":[[[-88.6838,48.0164],[-88.6835,48.0156],[-88.6851,48.0152],[-88.6838,48.0164]]]},{"type":"Polygon","coordinates":[[[-88.6887,48.0182],[-88.6899,48.0176],[-88.6903,48.0177],[-88.6887,48.0182]]]},{"type":"Polygon","coordinates":[[[-88.6969,48.0186],[-88.6983,48.0172],[-88.7012,48.0176],[-88.6969,48.0186]]]},{"type":"Polygon","coordinates":[[[-88.6869,48.0166],[-88.6816,48.0188],[-88.6784,48.0198],[-88.6869,48.0166]]]},{"type":"Polygon","coordinates":[[[-88.696,48.018],[-88.6954,48.0187],[-88.6902,48.0205],[-88.6949,48.0181],[-88.696,48.018]]]},{"type":"Polygon","coordinates":[[[-88.7018,48.0183],[-88.6976,48.0196],[-88.6959,48.0202],[-88.6968,48.0196],[-88.7013,48.0182],[-88.7018,48.0183]]]},{"type":"Polygon","coordinates":[[[-88.6896,48.0199],[-88.688,48.0202],[-88.6874,48.0201],[-88.6896,48.0199]]]},{"type":"Polygon","coordinates":[[[-88.6804,48.02],[-88.6775,48.0205],[-88.6804,48.0196],[-88.6804,48.02]]]},{"type":"Polygon","coordinates":[[[-88.6833,48.0195],[-88.6838,48.0203],[-88.681,48.0207],[-88.6825,48.0204],[-88.6833,48.0195]]]},{"type":"Polygon","coordinates":[[[-88.7018,48.0215],[-88.7006,48.0219],[-88.7004,48.0218],[-88.701,48.0211],[-88.7018,48.0215]]]},{"type":"Polygon","coordinates":[[[-88.6812,48.0201],[-88.675,48.0235],[-88.6736,48.0234],[-88.6812,48.0201]]]},{"type":"Polygon","coordinates":[[[-88.6977,48.0213],[-88.6954,48.0231],[-88.6966,48.0216],[-88.6977,48.0213]]]},{"type":"Polygon","coordinates":[[[-88.6819,48.0241],[-88.6861,48.0216],[-88.6882,48.0208],[-88.6887,48.0209],[-88.6842,48.0237],[-88.6819,48.0241]]]},{"type":"Polygon","coordinates":[[[-88.6768,48.0235],[-88.6838,48.0211],[-88.6814,48.0232],[-88.6816,48.0222],[-88.6766,48.0241],[-88.6737,48.0244],[-88.6792,48.0214],[-88.6802,48.0216],[-88.6768,48.0235]]]},{"type":"Polygon","coordinates":[[[-88.7014,48.0224],[-88.6984,48.0235],[-88.701,48.0222],[-88.7014,48.0224]]]},{"type":"Polygon","coordinates":[[[-88.6719,48.0221],[-88.6655,48.0245],[-88.669,48.0225],[-88.6719,48.0221]]]},{"type":"Polygon","coordinates":[[[-88.7021,48.0238],[-88.7003,48.0252],[-88.6997,48.0252],[-88.7021,48.0238]]]},{"type":"Polygon","coordinates":[[[-88.6842,48.0254],[-88.688,48.0252],[-88.6853,48.0262],[-88.6842,48.0254]]]},{"type":"Polygon","coordinates":[[[-88.6713,48.0256],[-88.6724,48.0256],[-88.6714,48.0259],[-88.6713,48.0256]]]},{"type":"Polygon","coordinates":[[[-88.6801,48.0246],[-88.6795,48.0261],[-88.6786,48.026],[-88.6778,48.0269],[-88.6774,48.0267],[-88.6801,48.0246]]]},{"type":"Polygon","coordinates":[[[-88.6956,48.0255],[-88.6941,48.0263],[-88.694,48.0262],[-88.6956,48.0255]]]},{"type":"Polygon","coordinates":[[[-88.6817,48.028],[-88.683,48.0264],[-88.6838,48.0268],[-88.6817,48.028]]]},{"type":"Polygon","coordinates":[[[-88.6629,48.0264],[-88.6691,48.0272],[-88.6608,48.0287],[-88.663,48.0268],[-88.6639,48.0268],[-88.6639,48.0275],[-88.6644,48.0274],[-88.6641,48.0267],[-88.6629,48.0264]]]},{"type":"Polygon","coordinates":[[[-88.6962,48.0275],[-88.6977,48.0276],[-88.696,48.028],[-88.6962,48.0275]]]},{"type":"Polygon","coordinates":[[[-88.6831,48.0299],[-88.6905,48.0277],[-88.6915,48.0259],[-88.6931,48.0252],[-88.6909,48.0279],[-88.6856,48.0302],[-88.6892,48.0323],[-88.6703,48.0272],[-88.6831,48.0299]]]},{"type":"Polygon","coordinates":[[[-88.6948,48.0289],[-88.6902,48.0304],[-88.6909,48.0285],[-88.6948,48.0289]]]},{"type":"Polygon","coordinates":[[[-88.6961,48.0322],[-88.6963,48.031],[-88.6951,48.0296],[-88.6972,48.0307],[-88.6961,48.0322]]]},{"type":"Polygon","coordinates":[[[-88.6972,48.0315],[-88.6997,48.0305],[-88.6971,48.032],[-88.6972,48.0315]]]},{"type":"Polygon","coordinates":[[[-88.681,48.0324],[-88.6781,48.0337],[-88.6763,48.0331],[-88.681,48.0324]]]},{"type":"Polygon","coordinates":[[[-88.6716,48.0329],[-88.6688,48.034],[-88.6685,48.0339],[-88.6716,48.0329]]]},{"type":"Polygon","coordinates":[[[-88.6868,48.0335],[-88.6854,48.0343],[-88.6844,48.0343],[-88.6844,48.0342],[-88.6868,48.0335]]]},{"type":"Polygon","coordinates":[[[-88.6749,48.0352],[-88.6793,48.0335],[-88.6839,48.0326],[-88.6732,48.0361],[-88.6746,48.0331],[-88.6761,48.0335],[-88.6749,48.0352]]]},{"type":"Polygon","coordinates":[[[-88.6858,48.0352],[-88.6874,48.0343],[-88.6873,48.035],[-88.6858,48.0352]]]},{"type":"Polygon","coordinates":[[[-88.6685,48.0346],[-88.6685,48.0361],[-88.6677,48.0352],[-88.6685,48.0346]]]},{"type":"Polygon","coordinates":[[[-88.6793,48.0355],[-88.6799,48.035],[-88.6803,48.0351],[-88.6811,48.0349],[-88.6819,48.035],[-88.6793,48.0355]]]},{"type":"Polygon","coordinates":[[[-88.6799,48.036],[-88.6798,48.0368],[-88.6793,48.0362],[-88.6799,48.036]]]},{"type":"Polygon","coordinates":[[[-88.6663,48.0381],[-88.6678,48.037],[-88.6692,48.0367],[-88.6663,48.0381]]]},{"type":"Polygon","coordinates":[[[-88.6917,48.0382],[-88.6932,48.037],[-88.6901,48.0378],[-88.6897,48.0375],[-88.6956,48.0366],[-88.6917,48.0382]]]},{"type":"Polygon","coordinates":[[[-88.6778,48.0396],[-88.6751,48.0396],[-88.6798,48.0388],[-88.6778,48.0396]]]},{"type":"Polygon","coordinates":[[[-88.6935,48.0406],[-88.6983,48.0388],[-88.6964,48.0398],[-88.6935,48.0406]]]},{"type":"Polygon","coordinates":[[[-88.6706,48.0392],[-88.6669,48.0406],[-88.6658,48.04],[-88.6706,48.0392]]]},{"type":"Polygon","coordinates":[[[-88.6707,48.0409],[-88.6733,48.0392],[-88.6733,48.0402],[-88.6707,48.0409]]]},{"type":"Polygon","coordinates":[[[-88.6838,48.0421],[-88.6864,48.0424],[-88.6821,48.0431],[-88.6838,48.0421]]]},{"type":"Polygon","coordinates":[[[-88.6672,48.0434],[-88.6696,48.0427],[-88.6707,48.0414],[-88.6705,48.0427],[-88.6678,48.0441],[-88.6672,48.0434]]]},{"type":"Polygon","coordinates":[[[-88.6763,48.0436],[-88.6775,48.0429],[-88.6785,48.0435],[-88.6763,48.0436]]]},{"type":"Polygon","coordinates":[[[-88.668,48.045],[-88.672,48.0421],[-88.6729,48.0427],[-88.6711,48.0453],[-88.6671,48.0457],[-88.6625,48.0445],[-88.668,48.045]]]},{"type":"Polygon","coordinates":[[[-88.6702,48.0472],[-88.67,48.0459],[-88.6708,48.0472],[-88.6702,48.0472]]]},{"type":"Polygon","coordinates":[[[-88.6939,48.0469],[-88.6963,48.046],[-88.6967,48.0463],[-88.6939,48.0469]]]},{"type":"Polygon","coordinates":[[[-88.6801,48.046],[-88.6692,48.0486],[-88.6678,48.0501],[-88.6671,48.0489],[-88.6791,48.0449],[-88.6801,48.046]]]},{"type":"Polygon","coordinates":[[[-88.6786,48.0498],[-88.678,48.0487],[-88.6818,48.0483],[-88.6806,48.0493],[-88.6786,48.0498]]]},{"type":"Polygon","coordinates":[[[-88.6734,48.05],[-88.6744,48.0491],[-88.6759,48.049],[-88.6757,48.0493],[-88.6734,48.05]]]},{"type":"Polygon","coordinates":[[[-88.7111,48.0434],[-88.712,48.0448],[-88.711,48.0453],[-88.7137,48.0462],[-88.7238,48.0428],[-88.721,48.0453],[-88.7227,48.0457],[-88.7228,48.0462],[-88.719,48.0456],[-88.7188,48.0467],[-88.7148,48.0488],[-88.6844,48.06],[-88.6829,48.0618],[-88.6802,48.0621],[-88.6813,48.0598],[-88.6831,48.0593],[-88.6823,48.0587],[-88.6749,48.0616],[-88.6702,48.0607],[-88.6781,48.0599],[-88.6803,48.0584],[-88.6796,48.0578],[-88.6809,48.0583],[-88.6811,48.058],[-88.6798,48.0573],[-88.6761,48.0589],[-88.6743,48.0591],[-88.6931,48.0511],[-88.6977,48.0505],[-88.6985,48.051],[-88.6865,48.0545],[-88.6855,48.0553],[-88.688,48.0547],[-88.6884,48.0549],[-88.6809,48.0568],[-88.6806,48.0573],[-88.684,48.0565],[-88.6848,48.0584],[-88.6871,48.058],[-88.6887,48.0567],[-88.6977,48.0544],[-88.6953,48.0544],[-88.6962,48.0534],[-88.7042,48.0527],[-88.703,48.0519],[-88.7095,48.0496],[-88.704,48.0501],[-88.7035,48.0499],[-88.7186,48.0465],[-88.7079,48.0474],[-88.7118,48.0461],[-88.7095,48.0447],[-88.7043,48.0465],[-88.7038,48.046],[-88.7121,48.0427],[-88.7111,48.0434]],[[-88.6876,48.0578],[-88.6894,48.0578],[-88.6901,48.0571],[-88.6876,48.0578]],[[-88.6828,48.0571],[-88.6815,48.0584],[-88.6831,48.0576],[-88.6828,48.0571]]]},{"type":"Polygon","coordinates":[[[-88.6888,48.0513],[-88.686,48.0529],[-88.6824,48.054],[-88.6882,48.0507],[-88.6888,48.0513]]]},{"type":"Polygon","coordinates":[[[-88.6922,48.0551],[-88.6941,48.055],[-88.6919,48.0554],[-88.6922,48.0551]]]},{"type":"Polygon","coordinates":[[[-88.7046,48.057],[-88.7066,48.0577],[-88.7017,48.0591],[-88.6967,48.0617],[-88.6921,48.0635],[-88.6917,48.0633],[-88.7004,48.0595],[-88.7043,48.0563],[-88.7065,48.0556],[-88.7046,48.057]]]},{"type":"Polygon","coordinates":[[[-88.6871,48.0631],[-88.6964,48.0599],[-88.691,48.0625],[-88.6878,48.0632],[-88.6871,48.0631]]]},{"type":"Polygon","coordinates":[[[-88.6696,48.0618],[-88.6677,48.0627],[-88.6654,48.0628],[-88.6696,48.0618]]]},{"type":"Polygon","coordinates":[[[-88.7005,48.0634],[-88.7037,48.0631],[-88.7024,48.0639],[-88.6964,48.0662],[-88.7018,48.0639],[-88.7005,48.0634]]]},{"type":"Polygon","coordinates":[[[-88.6964,48.0643],[-88.698,48.0645],[-88.6961,48.0651],[-88.6964,48.0643]]]},{"type":"Polygon","coordinates":[[[-88.6874,48.0685],[-88.6887,48.0678],[-88.6891,48.0678],[-88.6889,48.0683],[-88.6874,48.0685]]]},{"type":"Polygon","coordinates":[[[-88.7013,48.0619],[-88.6702,48.0756],[-88.6688,48.0754],[-88.6991,48.061],[-88.7013,48.0619]]]},{"type":"Polygon","coordinates":[[[-88.679,48.0695],[-88.677,48.0706],[-88.6767,48.0704],[-88.6768,48.0701],[-88.679,48.0695]]]},{"type":"Polygon","coordinates":[[[-88.6874,48.0732],[-88.6998,48.0691],[-88.6864,48.0743],[-88.6874,48.0732]]]},{"type":"Polygon","coordinates":[[[-88.6835,48.0742],[-88.6858,48.0729],[-88.6863,48.0733],[-88.6835,48.0742]]]},{"type":"Polygon","coordinates":[[[-88.6743,48.0826],[-88.681,48.0794],[-88.6804,48.0788],[-88.6834,48.0776],[-88.684,48.0761],[-88.7009,48.0699],[-88.686,48.0755],[-88.6837,48.0773],[-88.6852,48.078],[-88.6743,48.0826]]]},{"type":"Polygon","coordinates":[[[-88.6711,48.0779],[-88.6732,48.0777],[-88.6741,48.0782],[-88.6718,48.0783],[-88.6711,48.0779]]]},{"type":"Polygon","coordinates":[[[-88.6749,48.078],[-88.679,48.0771],[-88.6739,48.0795],[-88.6749,48.078]]]},{"type":"Polygon","coordinates":[[[-88.7006,48.0769],[-88.7106,48.0741],[-88.7012,48.0775],[-88.7028,48.0785],[-88.7089,48.0759],[-88.7068,48.0773],[-88.7163,48.0749],[-88.7144,48.0755],[-88.714,48.0786],[-88.7129,48.0772],[-88.7138,48.0758],[-88.7087,48.0772],[-88.6951,48.0849],[-88.6859,48.0885],[-88.7066,48.0778],[-88.6952,48.0821],[-88.7016,48.0789],[-88.7001,48.0783],[-88.6869,48.0848],[-88.7008,48.0774],[-88.6949,48.0799],[-88.6939,48.0798],[-88.6933,48.0786],[-88.6876,48.0798],[-88.6836,48.0829],[-88.6829,48.0811],[-88.6889,48.0792],[-88.695,48.0753],[-88.7006,48.0769]],[[-88.6944,48.0768],[-88.6947,48.0767],[-88.6945,48.0767],[-88.6944,48.0768]],[[-88.6924,48.0779],[-88.6925,48.078],[-88.6926,48.078],[-88.6924,48.0779]],[[-88.694,48.0792],[-88.6953,48.0793],[-88.6958,48.0783],[-88.6953,48.0783],[-88.694,48.0792]],[[-88.6963,48.0786],[-88.6965,48.0773],[-88.6954,48.0775],[-88.6963,48.0786]]]},{"type":"Polygon","coordinates":[[[-88.7032,48.0819],[-88.6975,48.0848],[-88.6965,48.0848],[-88.7026,48.0816],[-88.7032,48.0819]]]},{"type":"Polygon","coordinates":[[[-88.6894,48.0847],[-88.6878,48.0861],[-88.6877,48.0854],[-88.6894,48.0847]]]},{"type":"Polygon","coordinates":[[[-88.6939,48.0875],[-88.6964,48.086],[-88.6966,48.0861],[-88.6939,48.0875]]]},{"type":"Polygon","coordinates":[[[-88.6735,48.0879],[-88.6747,48.086],[-88.6764,48.086],[-88.6735,48.0879]]]},{"type":"Polygon","coordinates":[[[-88.682,48.0875],[-88.6825,48.0881],[-88.6815,48.088],[-88.682,48.0875]]]},{"type":"Polygon","coordinates":[[[-88.6884,48.0898],[-88.6851,48.0897],[-88.6884,48.0896],[-88.6884,48.0898]]]},{"type":"Polygon","coordinates":[[[-88.7011,48.0903],[-88.6973,48.0908],[-88.6965,48.0915],[-88.6928,48.0933],[-88.6921,48.0931],[-88.6974,48.0905],[-88.7011,48.0903]]]},{"type":"Polygon","coordinates":[[[-88.687,48.0929],[-88.6894,48.0913],[-88.6899,48.0914],[-88.6896,48.0919],[-88.687,48.0929]]]},{"type":"Polygon","coordinates":[[[-88.6654,48.0929],[-88.6664,48.0929],[-88.6648,48.0933],[-88.6654,48.0929]]]},{"type":"Polygon","coordinates":[[[-88.6693,48.0923],[-88.6673,48.0938],[-88.6666,48.0938],[-88.6693,48.0923]]]},{"type":"Polygon","coordinates":[[[-88.666,48.0954],[-88.6698,48.0937],[-88.6703,48.094],[-88.666,48.0954]]]},{"type":"Polygon","coordinates":[[[-88.6714,48.0956],[-88.6721,48.097],[-88.6703,48.0977],[-88.6714,48.0956]]]},{"type":"Polygon","coordinates":[[[-88.6717,48.1],[-88.6745,48.0963],[-88.6759,48.098],[-88.6717,48.1]]]},{"type":"Polygon","coordinates":[[[-88.6955,48.0951],[-88.6912,48.0961],[-88.6757,48.1036],[-88.6913,48.0954],[-88.6819,48.0945],[-88.681,48.0942],[-88.6801,48.0933],[-88.686,48.0944],[-88.6912,48.0935],[-88.6904,48.0946],[-88.6955,48.0951]]]},{"type":"Polygon","coordinates":[[[-88.6909,48.0976],[-88.687,48.0994],[-88.6859,48.0995],[-88.6909,48.0976]]]},{"type":"Polygon","coordinates":[[[-88.6569,48.107],[-88.6697,48.1017],[-88.6716,48.1014],[-88.6725,48.1018],[-88.6569,48.107]]]},{"type":"Polygon","coordinates":[[[-88.6683,48.1039],[-88.6717,48.1025],[-88.6719,48.1036],[-88.6756,48.1032],[-88.6689,48.1055],[-88.6679,48.1072],[-88.6678,48.1054],[-88.6692,48.1045],[-88.6683,48.1039]]]},{"type":"Polygon","coordinates":[[[-88.6853,48.107],[-88.6878,48.1056],[-88.6885,48.1062],[-88.6883,48.1065],[-88.6853,48.107]]]},{"type":"Polygon","coordinates":[[[-88.6786,48.1087],[-88.6786,48.1086],[-88.6787,48.1086],[-88.6786,48.1087]]]},{"type":"Polygon","coordinates":[[[-88.6991,48.1082],[-88.6961,48.1095],[-88.6969,48.1088],[-88.6991,48.1082]]]},{"type":"Polygon","coordinates":[[[-88.6756,48.1084],[-88.6667,48.1093],[-88.6711,48.1111],[-88.6693,48.1114],[-88.6694,48.1126],[-88.6628,48.1126],[-88.6642,48.1141],[-88.6595,48.1156],[-88.6587,48.1149],[-88.6621,48.1133],[-88.654,48.1144],[-88.6577,48.1121],[-88.6583,48.1132],[-88.6644,48.1118],[-88.6657,48.1099],[-88.6641,48.1097],[-88.6597,48.1107],[-88.6581,48.1105],[-88.6682,48.1087],[-88.6687,48.1075],[-88.677,48.1078],[-88.6795,48.1063],[-88.6809,48.1068],[-88.6808,48.1084],[-88.684,48.1081],[-88.6795,48.1099],[-88.6802,48.1088],[-88.6787,48.1086],[-88.6796,48.1074],[-88.6756,48.1084]]]},{"type":"Polygon","coordinates":[[[-88.6761,48.1114],[-88.6747,48.1124],[-88.6697,48.1126],[-88.6706,48.112],[-88.6761,48.1114]]]},{"type":"Polygon","coordinates":[[[-88.6765,48.1137],[-88.6804,48.113],[-88.679,48.1141],[-88.6765,48.1137]]]},{"type":"Polygon","coordinates":[[[-88.6706,48.1133],[-88.6692,48.1138],[-88.6676,48.1136],[-88.6685,48.1132],[-88.6706,48.1133]]]},{"type":"Polygon","coordinates":[[[-88.6819,48.1132],[-88.6803,48.1141],[-88.6799,48.1141],[-88.6799,48.1139],[-88.6819,48.1132]]]},{"type":"Polygon","coordinates":[[[-88.6694,48.1143],[-88.667,48.1146],[-88.6649,48.1147],[-88.6694,48.1143]]]},{"type":"Polygon","coordinates":[[[-88.6763,48.1152],[-88.6771,48.115],[-88.6786,48.1153],[-88.6774,48.116],[-88.6763,48.1152]]]},{"type":"Polygon","coordinates":[[[-88.6707,48.116],[-88.6676,48.1159],[-88.6728,48.1157],[-88.6707,48.116]]]},{"type":"Polygon","coordinates":[[[-88.667,48.1173],[-88.6648,48.1172],[-88.6675,48.1169],[-88.667,48.1173]]]},{"type":"Polygon","coordinates":[[[-88.666,48.1185],[-88.665,48.1197],[-88.6642,48.1193],[-88.6653,48.1189],[-88.6637,48.1186],[-88.666,48.1185]]]},{"type":"Polygon","coordinates":[[[-88.6537,48.0215],[-88.6666,48.0158],[-88.6642,48.0172],[-88.6592,48.0193],[-88.6567,48.021],[-88.6537,48.0215]]]},{"type":"Polygon","coordinates":[[[-88.6603,48.0204],[-88.6522,48.025],[-88.6544,48.0254],[-88.6514,48.0253],[-88.6569,48.0216],[-88.6603,48.0204]]]},{"type":"Polygon","coordinates":[[[-88.6497,48.0241],[-88.6484,48.024],[-88.6499,48.0234],[-88.6497,48.0241]]]},{"type":"Polygon","coordinates":[[[-88.6562,48.0258],[-88.6585,48.0234],[-88.6602,48.0234],[-88.6597,48.0243],[-88.6562,48.0258]]]},{"type":"Polygon","coordinates":[[[-88.6467,48.0255],[-88.641,48.0272],[-88.646,48.0254],[-88.6467,48.0255]]]},{"type":"Polygon","coordinates":[[[-88.6565,48.03],[-88.6593,48.0297],[-88.651,48.034],[-88.6545,48.0311],[-88.6489,48.0333],[-88.6516,48.032],[-88.652,48.03],[-88.6548,48.0305],[-88.6559,48.0298],[-88.6549,48.0297],[-88.658,48.0289],[-88.6565,48.03]]]},{"type":"Polygon","coordinates":[[[-88.6379,48.0313],[-88.633,48.0327],[-88.6349,48.0316],[-88.6376,48.031],[-88.6379,48.0313]]]},{"type":"Polygon","coordinates":[[[-88.6409,48.0316],[-88.6372,48.0334],[-88.6351,48.034],[-88.6409,48.0316]]]},{"type":"Polygon","coordinates":[[[-88.6697,48.029],[-88.6609,48.0338],[-88.6649,48.0336],[-88.6689,48.0317],[-88.6665,48.0313],[-88.6726,48.0294],[-88.6693,48.0314],[-88.6745,48.03],[-88.6625,48.0351],[-88.6611,48.0349],[-88.6618,48.0341],[-88.6596,48.0344],[-88.6622,48.032],[-88.6616,48.0314],[-88.6652,48.0308],[-88.6644,48.0299],[-88.6566,48.0323],[-88.6504,48.036],[-88.6469,48.0371],[-88.6458,48.0373],[-88.6456,48.0372],[-88.6569,48.0316],[-88.6655,48.0289],[-88.6648,48.03],[-88.6697,48.029]]]},{"type":"Polygon","coordinates":[[[-88.6439,48.0326],[-88.6456,48.034],[-88.6472,48.0338],[-88.6454,48.0342],[-88.644,48.0339],[-88.6439,48.0326]]]},{"type":"Polygon","coordinates":[[[-88.6576,48.0343],[-88.6593,48.0338],[-88.6568,48.035],[-88.6576,48.0343]]]},{"type":"Polygon","coordinates":[[[-88.6645,48.0343],[-88.6651,48.0345],[-88.6615,48.0358],[-88.6645,48.0343]]]},{"type":"Polygon","coordinates":[[[-88.6308,48.0359],[-88.6324,48.0344],[-88.6332,48.035],[-88.6322,48.0357],[-88.6309,48.036],[-88.6308,48.0359]]]},{"type":"Polygon","coordinates":[[[-88.6535,48.0377],[-88.6602,48.0354],[-88.6615,48.0359],[-88.6535,48.0377]]]},{"type":"Polygon","coordinates":[[[-88.6535,48.0365],[-88.6554,48.036],[-88.6524,48.0372],[-88.6535,48.0365]]]},{"type":"Polygon","coordinates":[[[-88.6422,48.0358],[-88.645,48.0342],[-88.6454,48.0344],[-88.6484,48.0342],[-88.6411,48.0401],[-88.6381,48.0405],[-88.6408,48.04],[-88.6433,48.0374],[-88.6392,48.038],[-88.6436,48.0373],[-88.6459,48.0346],[-88.6422,48.0358]]]},{"type":"Polygon","coordinates":[[[-88.6591,48.0373],[-88.6578,48.0385],[-88.6575,48.0384],[-88.6575,48.0377],[-88.6591,48.0373]]]},{"type":"Polygon","coordinates":[[[-88.6658,48.0351],[-88.6636,48.0389],[-88.6644,48.0393],[-88.6626,48.0391],[-88.6638,48.0383],[-88.6628,48.0381],[-88.6578,48.0416],[-88.6533,48.0422],[-88.6542,48.0409],[-88.6589,48.0407],[-88.6589,48.0394],[-88.6623,48.0381],[-88.6619,48.0364],[-88.6658,48.0351]]]},{"type":"Polygon","coordinates":[[[-88.6487,48.0384],[-88.6421,48.041],[-88.6418,48.0407],[-88.6487,48.0384]]]},{"type":"Polygon","coordinates":[[[-88.6567,48.0394],[-88.6554,48.0401],[-88.6545,48.0402],[-88.6567,48.0394]]]},{"type":"Polygon","coordinates":[[[-88.6373,48.04],[-88.6322,48.0419],[-88.6378,48.039],[-88.6373,48.04]]]},{"type":"Polygon","coordinates":[[[-88.6612,48.0405],[-88.661,48.0411],[-88.6598,48.0411],[-88.6612,48.0405]]]},{"type":"Polygon","coordinates":[[[-88.6483,48.0394],[-88.642,48.0422],[-88.6392,48.0426],[-88.6483,48.0394]]]},{"type":"Polygon","coordinates":[[[-88.6401,48.0411],[-88.6354,48.0412],[-88.6402,48.0408],[-88.6401,48.0411]]]},{"type":"Polygon","coordinates":[[[-88.6646,48.0421],[-88.6641,48.0416],[-88.6648,48.0413],[-88.6646,48.0421]]]},{"type":"Polygon","coordinates":[[[-88.6533,48.0406],[-88.6408,48.0433],[-88.6497,48.0408],[-88.6533,48.0406]]]},{"type":"Polygon","coordinates":[[[-88.6479,48.0426],[-88.6497,48.0428],[-88.6457,48.0437],[-88.6479,48.0426]]]},{"type":"Polygon","coordinates":[[[-88.6583,48.0424],[-88.6579,48.0435],[-88.6576,48.0427],[-88.6583,48.0424]]]},{"type":"Polygon","coordinates":[[[-88.6391,48.0441],[-88.6375,48.0451],[-88.6337,48.0462],[-88.6391,48.0441]]]},{"type":"Polygon","coordinates":[[[-88.6278,48.0448],[-88.6287,48.0456],[-88.6276,48.045],[-88.6278,48.0448]]]},{"type":"Polygon","coordinates":[[[-88.6529,48.0434],[-88.6537,48.0451],[-88.6578,48.0446],[-88.6548,48.0458],[-88.6569,48.0459],[-88.6517,48.0472],[-88.6521,48.0451],[-88.6507,48.0445],[-88.6529,48.0434]]]},{"type":"Polygon","coordinates":[[[-88.6376,48.0462],[-88.639,48.0453],[-88.641,48.0444],[-88.6408,48.045],[-88.6376,48.0462]]]},{"type":"Polygon","coordinates":[[[-88.6433,48.0464],[-88.6452,48.0457],[-88.648,48.0452],[-88.6433,48.0464]]]},{"type":"Polygon","coordinates":[[[-88.6487,48.0467],[-88.6487,48.045],[-88.6496,48.046],[-88.6487,48.0467]]]},{"type":"Polygon","coordinates":[[[-88.6614,48.0473],[-88.6608,48.0465],[-88.6639,48.046],[-88.6614,48.0473]]]},{"type":"Polygon","coordinates":[[[-88.6458,48.0487],[-88.6435,48.0492],[-88.6429,48.0484],[-88.6455,48.0464],[-88.6473,48.0465],[-88.6445,48.048],[-88.6458,48.0487]]]},{"type":"Polygon","coordinates":[[[-88.6484,48.0482],[-88.6471,48.0485],[-88.6462,48.0474],[-88.6477,48.0473],[-88.6484,48.0482]]]},{"type":"Polygon","coordinates":[[[-88.6459,48.0477],[-88.6461,48.0483],[-88.6452,48.0482],[-88.6459,48.0477]]]},{"type":"Polygon","coordinates":[[[-88.6538,48.0498],[-88.6587,48.0479],[-88.6591,48.0481],[-88.6577,48.0488],[-88.6591,48.0491],[-88.6538,48.0498]]]},{"type":"Polygon","coordinates":[[[-88.6406,48.0501],[-88.6391,48.0504],[-88.6408,48.0494],[-88.6406,48.0501]]]},{"type":"Polygon","coordinates":[[[-88.6643,48.0489],[-88.6532,48.0513],[-88.6573,48.0498],[-88.6643,48.0489]]]},{"type":"Polygon","coordinates":[[[-88.6463,48.0499],[-88.6486,48.0509],[-88.6445,48.0508],[-88.6463,48.0499]]]},{"type":"Polygon","coordinates":[[[-88.6644,48.0505],[-88.6614,48.0511],[-88.6654,48.0499],[-88.6644,48.0505]]]},{"type":"Polygon","coordinates":[[[-88.6492,48.0532],[-88.6572,48.0519],[-88.6566,48.0527],[-88.6601,48.0528],[-88.6509,48.0547],[-88.6512,48.0535],[-88.65375,48.05295],[-88.651,48.0531],[-88.649,48.0539],[-88.6505,48.0544],[-88.6496,48.0548],[-88.6414,48.0566],[-88.6408,48.0574],[-88.6431,48.0568],[-88.6433,48.0571],[-88.6404,48.0585],[-88.6399,48.0566],[-88.6346,48.0576],[-88.6388,48.0566],[-88.6385,48.0558],[-88.6407,48.0547],[-88.6397,48.0539],[-88.6378,48.0546],[-88.6385,48.0552],[-88.6364,48.055],[-88.6366,48.0536],[-88.6352,48.055],[-88.6364,48.0553],[-88.6349,48.0558],[-88.6373,48.0563],[-88.6326,48.0573],[-88.6348,48.056],[-88.6285,48.0566],[-88.6273,48.0561],[-88.6266,48.0572],[-88.6276,48.0578],[-88.6323,48.0575],[-88.6266,48.0582],[-88.6259,48.0558],[-88.6296,48.0527],[-88.6283,48.0505],[-88.6268,48.0507],[-88.6267,48.0526],[-88.6252,48.0519],[-88.6233,48.0534],[-88.6233,48.0549],[-88.6221,48.0534],[-88.6316,48.0466],[-88.6328,48.0446],[-88.6381,48.0425],[-88.6351,48.0445],[-88.6393,48.0433],[-88.6341,48.045],[-88.63,48.0489],[-88.641,48.0468],[-88.6338,48.0491],[-88.6357,48.0491],[-88.6345,48.05],[-88.629,48.0506],[-88.6304,48.0507],[-88.6298,48.0526],[-88.6354,48.051],[-88.6288,48.0538],[-88.6296,48.0548],[-88.6274,48.0559],[-88.6309,48.0557],[-88.6301,48.0549],[-88.6304,48.0544],[-88.6316,48.0549],[-88.6359,48.0532],[-88.6307,48.054],[-88.6363,48.0525],[-88.6372,48.0518],[-88.6364,48.0504],[-88.6372,48.0501],[-88.638,48.0514],[-88.6415,48.05],[-88.6425,48.0505],[-88.6367,48.0528],[-88.6421,48.0517],[-88.6399,48.0531],[-88.6409,48.0529],[-88.641,48.0543],[-88.6451,48.0538],[-88.6394,48.0562],[-88.6492,48.0532]],[[-88.6393,48.0535],[-88.638,48.0533],[-88.6369,48.0534],[-88.6374,48.0541],[-88.6393,48.0535]],[[-88.6439,48.0553],[-88.6428,48.0556],[-88.6443,48.0554],[-88.6439,48.0553]],[[-88.6259,48.0514],[-88.6258,48.0512],[-88.6258,48.0513],[-88.6259,48.0514]],[[-88.6342,48.0551],[-88.6351,48.0542],[-88.6344,48.0541],[-88.6342,48.0551]],[[-88.6332,48.0547],[-88.6318,48.0555],[-88.63375,48.055175],[-88.6332,48.0547]],[[-88.6554,48.0524],[-88.6542,48.0533],[-88.6561,48.0525],[-88.6554,48.0524]],[[-88.6326,48.0491],[-88.6305,48.0496],[-88.6302,48.05],[-88.6326,48.0491]]]},{"type":"Polygon","coordinates":[[[-88.6523,48.0522],[-88.6517,48.0523],[-88.6517,48.0516],[-88.6523,48.0522]]]},{"type":"Polygon","coordinates":[[[-88.6489,48.0517],[-88.6516,48.0517],[-88.6485,48.0523],[-88.6489,48.0517]]]},{"type":"Polygon","coordinates":[[[-88.6412,48.0528],[-88.6468,48.0517],[-88.6432,48.0536],[-88.6422,48.0536],[-88.6412,48.0528]]]},{"type":"Polygon","coordinates":[[[-88.6449,48.0572],[-88.6446,48.0583],[-88.6444,48.057],[-88.6471,48.0563],[-88.6474,48.0567],[-88.6449,48.0572]]]},{"type":"Polygon","coordinates":[[[-88.6801,48.052],[-88.6797,48.0542],[-88.6755,48.0541],[-88.6772,48.0528],[-88.6738,48.053],[-88.6697,48.0561],[-88.6593,48.0578],[-88.6544,48.0607],[-88.6487,48.0619],[-88.6516,48.0633],[-88.6569,48.0606],[-88.6596,48.0608],[-88.6555,48.0624],[-88.657,48.0627],[-88.6778,48.0568],[-88.6647,48.0625],[-88.6623,48.0616],[-88.658,48.0628],[-88.6625,48.0623],[-88.6629,48.0633],[-88.6521,48.0645],[-88.6498,48.0662],[-88.6556,48.0647],[-88.6545,48.0658],[-88.656,48.0663],[-88.6497,48.0665],[-88.6459,48.0684],[-88.6517,48.0643],[-88.6493,48.0644],[-88.6507,48.0641],[-88.6498,48.0637],[-88.6456,48.0651],[-88.6476,48.0635],[-88.6464,48.0634],[-88.6474,48.0626],[-88.6458,48.0623],[-88.6459,48.0612],[-88.6494,48.0599],[-88.6446,48.0606],[-88.6441,48.06],[-88.6493,48.0593],[-88.6561,48.056],[-88.6585,48.0564],[-88.6532,48.0586],[-88.6575,48.0579],[-88.674,48.0524],[-88.6676,48.0524],[-88.6547,48.0562],[-88.6521,48.0551],[-88.6501,48.0576],[-88.6499,48.0554],[-88.6472,48.056],[-88.6471,48.0555],[-88.6585,48.0543],[-88.6679,48.0514],[-88.6699,48.052],[-88.6691,48.0503],[-88.6735,48.0484],[-88.6707,48.0503],[-88.6722,48.0507],[-88.6705,48.0519],[-88.6788,48.0502],[-88.6801,48.052]],[[-88.676,48.0518],[-88.6745,48.052],[-88.6743,48.0526],[-88.6756,48.0525],[-88.676,48.0518]],[[-88.6576,48.0547],[-88.6563,48.0555],[-88.658,48.0547],[-88.6576,48.0547]],[[-88.6517,48.0582],[-88.6505,48.0591],[-88.6528,48.0583],[-88.6517,48.0582]],[[-88.6547,48.0597],[-88.6561,48.0587],[-88.6539,48.0595],[-88.6547,48.0597]],[[-88.6531,48.0603],[-88.6477,48.0608],[-88.6467,48.0619],[-88.6531,48.0603]]]},{"type":"Polygon","coordinates":[[[-88.642,48.0593],[-88.6459,48.0584],[-88.6472,48.0588],[-88.6441,48.0595],[-88.642,48.0593]]]},{"type":"Polygon","coordinates":[[[-88.6343,48.0605],[-88.6334,48.0606],[-88.6328,48.0586],[-88.6334,48.0588],[-88.6343,48.0605]]]},{"type":"Polygon","coordinates":[[[-88.656,48.0657],[-88.6576,48.0649],[-88.6583,48.0653],[-88.6574,48.0659],[-88.656,48.0657]]]},{"type":"Polygon","coordinates":[[[-88.6611,48.0661],[-88.6636,48.0652],[-88.6647,48.0652],[-88.6629,48.066],[-88.6611,48.0661]]]},{"type":"Polygon","coordinates":[[[-88.6464,48.0664],[-88.6475,48.0654],[-88.6477,48.0659],[-88.6464,48.0664]]]},{"type":"Polygon","coordinates":[[[-88.6423,48.0679],[-88.6441,48.0659],[-88.6451,48.0665],[-88.6441,48.0679],[-88.6423,48.0679]]]},{"type":"Polygon","coordinates":[[[-88.6528,48.0688],[-88.6504,48.0713],[-88.6489,48.0712],[-88.6528,48.0688]]]},{"type":"Polygon","coordinates":[[[-88.6499,48.0692],[-88.6412,48.0724],[-88.6448,48.0705],[-88.6499,48.0692]]]},{"type":"Polygon","coordinates":[[[-88.6314,48.076],[-88.6377,48.0709],[-88.641,48.0712],[-88.6389,48.0724],[-88.64,48.0727],[-88.6393,48.0732],[-88.6347,48.0736],[-88.6336,48.0777],[-88.6311,48.0781],[-88.6282,48.077],[-88.6307,48.076],[-88.632,48.0775],[-88.6314,48.076]]]},{"type":"Polygon","coordinates":[[[-88.6802,48.0621],[-88.6626,48.07],[-88.6565,48.0716],[-88.6542,48.0734],[-88.6327,48.0828],[-88.6265,48.0871],[-88.6228,48.0875],[-88.625,48.0866],[-88.6229,48.0869],[-88.6231,48.0856],[-88.6311,48.0833],[-88.6369,48.0791],[-88.6421,48.0776],[-88.643,48.0764],[-88.6422,48.0755],[-88.6471,48.076],[-88.656,48.0719],[-88.6462,48.075],[-88.6515,48.0729],[-88.652,48.071],[-88.6621,48.0697],[-88.6655,48.0671],[-88.6802,48.0621]],[[-88.6302,48.0839],[-88.6303,48.084],[-88.6302,48.0838],[-88.6302,48.0839]],[[-88.6245,48.0859],[-88.6244,48.0853],[-88.6237,48.0858],[-88.6245,48.0859]]]},{"type":"Polygon","coordinates":[[[-88.6681,48.0741],[-88.6594,48.0762],[-88.6562,48.0778],[-88.6568,48.0786],[-88.6514,48.0795],[-88.6402,48.0846],[-88.6385,48.0839],[-88.6535,48.0778],[-88.6511,48.0776],[-88.6758,48.071],[-88.6668,48.0742],[-88.6681,48.0741]]]},{"type":"Polygon","coordinates":[[[-88.6507,48.081],[-88.6469,48.083],[-88.6463,48.0829],[-88.6496,48.0811],[-88.6507,48.081]]]},{"type":"Polygon","coordinates":[[[-88.6458,48.0835],[-88.6426,48.0855],[-88.6405,48.0857],[-88.6458,48.0835]]]},{"type":"Polygon","coordinates":[[[-88.6573,48.0859],[-88.6577,48.0843],[-88.6591,48.0841],[-88.6593,48.0858],[-88.6573,48.0859]]]},{"type":"Polygon","coordinates":[[[-88.6637,48.086],[-88.6689,48.0848],[-88.6572,48.0885],[-88.659,48.0871],[-88.6622,48.0864],[-88.6643,48.0847],[-88.6674,48.0831],[-88.6682,48.0831],[-88.6688,48.0826],[-88.6691,48.0827],[-88.6637,48.086]]]},{"type":"Polygon","coordinates":[[[-88.6491,48.0853],[-88.6489,48.0861],[-88.6484,48.086],[-88.6491,48.0853]]]},{"type":"Polygon","coordinates":[[[-88.6373,48.0869],[-88.6388,48.0853],[-88.6395,48.0854],[-88.639,48.0866],[-88.6373,48.0869]]]},{"type":"Polygon","coordinates":[[[-88.6435,48.0886],[-88.6414,48.0893],[-88.6406,48.0892],[-88.646,48.0871],[-88.6454,48.0862],[-88.6474,48.0863],[-88.6435,48.0886]]]},{"type":"Polygon","coordinates":[[[-88.6609,48.0877],[-88.6579,48.0889],[-88.6592,48.088],[-88.6609,48.0877]]]},{"type":"Polygon","coordinates":[[[-88.6565,48.0877],[-88.6561,48.0886],[-88.651,48.0891],[-88.6515,48.0911],[-88.6483,48.0896],[-88.6565,48.0877]]]},{"type":"Polygon","coordinates":[[[-88.6477,48.0926],[-88.6522,48.0929],[-88.6452,48.0933],[-88.6477,48.0926]]]},{"type":"Polygon","coordinates":[[[-88.6449,48.0933],[-88.6412,48.0933],[-88.6434,48.0919],[-88.6449,48.0933]]]},{"type":"Polygon","coordinates":[[[-88.6639,48.0932],[-88.6614,48.0933],[-88.664,48.093],[-88.6639,48.0932]]]},{"type":"Polygon","coordinates":[[[-88.6348,48.0934],[-88.6386,48.0928],[-88.6389,48.0929],[-88.6348,48.0934]]]},{"type":"Polygon","coordinates":[[[-88.6608,48.0949],[-88.6636,48.0937],[-88.6649,48.0936],[-88.6615,48.095],[-88.6608,48.0949]]]},{"type":"Polygon","coordinates":[[[-88.6503,48.0959],[-88.6463,48.0967],[-88.6446,48.0984],[-88.6436,48.0978],[-88.6518,48.0937],[-88.6503,48.0959]]]},{"type":"Polygon","coordinates":[[[-88.6633,48.0955],[-88.6613,48.097],[-88.6545,48.0989],[-88.6552,48.0979],[-88.6633,48.0955]]]},{"type":"Polygon","coordinates":[[[-88.6314,48.1001],[-88.6297,48.1002],[-88.6326,48.0992],[-88.6314,48.1001]]]},{"type":"Polygon","coordinates":[[[-88.6598,48.1019],[-88.6608,48.1006],[-88.6629,48.1007],[-88.6598,48.1019]]]},{"type":"Polygon","coordinates":[[[-88.667,48.101],[-88.6644,48.1026],[-88.6618,48.1026],[-88.6652,48.1011],[-88.667,48.101]]]},{"type":"Polygon","coordinates":[[[-88.6598,48.0989],[-88.6424,48.1062],[-88.6393,48.1072],[-88.6513,48.102],[-88.6502,48.1015],[-88.6509,48.1007],[-88.6544,48.1009],[-88.6598,48.0989]]]},{"type":"Polygon","coordinates":[[[-88.6487,48.1021],[-88.6399,48.1055],[-88.6396,48.1054],[-88.6429,48.1039],[-88.6475,48.1023],[-88.6487,48.1021]]]},{"type":"Polygon","coordinates":[[[-88.6527,48.1041],[-88.6531,48.1047],[-88.6523,48.1048],[-88.6527,48.1041]]]},{"type":"Polygon","coordinates":[[[-88.662,48.1032],[-88.6614,48.1038],[-88.6584,48.1043],[-88.6578,48.1051],[-88.651,48.1061],[-88.662,48.1032]]]},{"type":"Polygon","coordinates":[[[-88.6352,48.1049],[-88.6364,48.1046],[-88.6367,48.1051],[-88.6359,48.1053],[-88.6352,48.1049]]]},{"type":"Polygon","coordinates":[[[-88.6456,48.1057],[-88.6461,48.1068],[-88.6446,48.1066],[-88.6456,48.1057]]]},{"type":"Polygon","coordinates":[[[-88.661,48.107],[-88.6574,48.1078],[-88.6643,48.106],[-88.661,48.107]]]},{"type":"Polygon","coordinates":[[[-88.6458,48.1079],[-88.6471,48.1079],[-88.6457,48.1082],[-88.6458,48.1079]]]},{"type":"Polygon","coordinates":[[[-88.6308,48.1091],[-88.6324,48.108],[-88.6318,48.1069],[-88.6338,48.108],[-88.6308,48.1091]]]},{"type":"Polygon","coordinates":[[[-88.6497,48.1105],[-88.6513,48.1094],[-88.6483,48.1098],[-88.6539,48.1082],[-88.6521,48.11],[-88.6497,48.1105]]]},{"type":"Polygon","coordinates":[[[-88.6313,48.1103],[-88.6333,48.1091],[-88.6349,48.109],[-88.6313,48.1103]]]},{"type":"Polygon","coordinates":[[[-88.6406,48.1099],[-88.6443,48.1097],[-88.6501,48.1085],[-88.6413,48.1119],[-88.6434,48.1098],[-88.6406,48.1099]]]},{"type":"Polygon","coordinates":[[[-88.641,48.1085],[-88.6318,48.112],[-88.6305,48.1121],[-88.6392,48.1086],[-88.641,48.1085]]]},{"type":"Polygon","coordinates":[[[-88.6453,48.1147],[-88.6482,48.1134],[-88.652,48.1126],[-88.6512,48.1123],[-88.6555,48.1114],[-88.6571,48.1119],[-88.6453,48.1147]]]},{"type":"Polygon","coordinates":[[[-88.6367,48.1135],[-88.6355,48.1138],[-88.6379,48.1124],[-88.6367,48.1135]]]},{"type":"Polygon","coordinates":[[[-88.6276,48.1157],[-88.6317,48.1135],[-88.6285,48.1134],[-88.6297,48.1126],[-88.6353,48.1113],[-88.6313,48.1127],[-88.6327,48.1136],[-88.6276,48.1157]]]},{"type":"Polygon","coordinates":[[[-88.6384,48.1183],[-88.6275,48.1223],[-88.6254,48.1224],[-88.6432,48.1159],[-88.6513,48.1151],[-88.6426,48.1185],[-88.6449,48.1166],[-88.6401,48.119],[-88.6384,48.1183]]]},{"type":"Polygon","coordinates":[[[-88.6513,48.1184],[-88.6614,48.1164],[-88.6519,48.1193],[-88.6512,48.1187],[-88.6502,48.1198],[-88.6514,48.1202],[-88.6493,48.1218],[-88.6425,48.1247],[-88.6513,48.1184]]]},{"type":"Polygon","coordinates":[[[-88.6322,48.1251],[-88.631,48.1251],[-88.6328,48.1244],[-88.6322,48.1251]]]},{"type":"Polygon","coordinates":[[[-88.6506,48.1265],[-88.6461,48.1282],[-88.6452,48.1284],[-88.6473,48.127],[-88.6506,48.1265]]]},{"type":"Polygon","coordinates":[[[-88.6341,48.1284],[-88.6297,48.129],[-88.6369,48.1264],[-88.6341,48.1284]]]},{"type":"Polygon","coordinates":[[[-88.6487,48.1287],[-88.6505,48.1278],[-88.6518,48.1275],[-88.6487,48.1287]]]},{"type":"Polygon","coordinates":[[[-88.6505,48.1286],[-88.6524,48.1277],[-88.6525,48.1279],[-88.6505,48.1286]]]},{"type":"Polygon","coordinates":[[[-88.6538,48.1281],[-88.6524,48.1287],[-88.6518,48.1288],[-88.6524,48.1284],[-88.6538,48.1281]]]},{"type":"Polygon","coordinates":[[[-88.6446,48.1294],[-88.6476,48.128],[-88.6486,48.1277],[-88.6446,48.1294]]]},{"type":"Polygon","coordinates":[[[-88.6544,48.129],[-88.6563,48.1287],[-88.6536,48.1294],[-88.6544,48.129]]]},{"type":"Polygon","coordinates":[[[-88.6409,48.1294],[-88.6422,48.1288],[-88.6435,48.1287],[-88.6426,48.1295],[-88.6409,48.1294]]]},{"type":"Polygon","coordinates":[[[-88.6615,48.1355],[-88.6597,48.1362],[-88.6588,48.1367],[-88.6593,48.1362],[-88.6615,48.1355]]]},{"type":"Polygon","coordinates":[[[-88.647,48.1402],[-88.6486,48.1389],[-88.6501,48.1389],[-88.647,48.1402]]]},{"type":"Polygon","coordinates":[[[-88.6488,48.1413],[-88.6457,48.1426],[-88.6444,48.143],[-88.648,48.1413],[-88.6486,48.1411],[-88.6488,48.1413]]]},{"type":"Polygon","coordinates":[[[-88.6379,48.1438],[-88.635,48.1444],[-88.6395,48.1429],[-88.6379,48.1438]]]},{"type":"Polygon","coordinates":[[[-88.6303,48.0362],[-88.6197,48.0407],[-88.6156,48.0402],[-88.6281,48.0348],[-88.6198,48.0393],[-88.6303,48.0362]]]},{"type":"Polygon","coordinates":[[[-88.614,48.0414],[-88.6121,48.0424],[-88.6117,48.0424],[-88.614,48.0414]]]},{"type":"Polygon","coordinates":[[[-88.6225,48.043],[-88.6216,48.0428],[-88.6212,48.0436],[-88.6193,48.0439],[-88.6216,48.0424],[-88.6225,48.043]]]},{"type":"Polygon","coordinates":[[[-88.6121,48.0449],[-88.6096,48.0462],[-88.609,48.0467],[-88.6097,48.0457],[-88.6121,48.0449]]]},{"type":"Polygon","coordinates":[[[-88.63,48.0431],[-88.6191,48.0506],[-88.6213,48.0527],[-88.6181,48.0522],[-88.6159,48.0531],[-88.6148,48.0528],[-88.6168,48.0512],[-88.6133,48.0525],[-88.6163,48.0496],[-88.618,48.051],[-88.6199,48.0494],[-88.6172,48.0499],[-88.6168,48.0487],[-88.6203,48.0486],[-88.6252,48.0451],[-88.6257,48.0429],[-88.6307,48.0404],[-88.6319,48.0411],[-88.6301,48.0428],[-88.6335,48.0424],[-88.6318,48.0441],[-88.6303,48.0442],[-88.631,48.0437],[-88.63,48.0431]]]},{"type":"Polygon","coordinates":[[[-88.6139,48.0472],[-88.61,48.0484],[-88.6116,48.0491],[-88.6077,48.0488],[-88.6139,48.0472]]]},{"type":"Polygon","coordinates":[[[-88.6261,48.0476],[-88.6255,48.0485],[-88.6241,48.0486],[-88.6261,48.0476]]]},{"type":"Polygon","coordinates":[[[-88.6285,48.0483],[-88.6248,48.0495],[-88.6237,48.0501],[-88.6246,48.0493],[-88.6285,48.0483]]]},{"type":"Polygon","coordinates":[[[-88.6104,48.043],[-88.6107,48.0441],[-88.6029,48.0483],[-88.5961,48.0541],[-88.5905,48.0565],[-88.6104,48.043]]]},{"type":"Polygon","coordinates":[[[-88.6093,48.052],[-88.6058,48.0546],[-88.6025,48.0562],[-88.6035,48.0545],[-88.6093,48.052]]]},{"type":"Polygon","coordinates":[[[-88.6103,48.0568],[-88.6084,48.0568],[-88.6063,48.0584],[-88.6072,48.0564],[-88.612,48.0545],[-88.6124,48.0546],[-88.6103,48.0568]]]},{"type":"Polygon","coordinates":[[[-88.5993,48.0592],[-88.5995,48.0602],[-88.5977,48.0595],[-88.5994,48.0573],[-88.5958,48.056],[-88.596,48.0547],[-88.5967,48.0556],[-88.6006,48.0552],[-88.5995,48.0568],[-88.6005,48.0583],[-88.6062,48.059],[-88.5993,48.0592]]]},{"type":"Polygon","coordinates":[[[-88.6138,48.0585],[-88.6174,48.058],[-88.62,48.0566],[-88.6179,48.0582],[-88.6138,48.0585]]]},{"type":"Polygon","coordinates":[[[-88.6179,48.0613],[-88.6201,48.0604],[-88.621,48.0599],[-88.62,48.061],[-88.6179,48.0613]]]},{"type":"Polygon","coordinates":[[[-88.6141,48.0612],[-88.613,48.0622],[-88.6136,48.0613],[-88.6125,48.0613],[-88.6135,48.0608],[-88.6141,48.0612]]]},{"type":"Polygon","coordinates":[[[-88.6038,48.0622],[-88.6022,48.0626],[-88.6022,48.0604],[-88.6028,48.0616],[-88.6038,48.0622]]]},{"type":"Polygon","coordinates":[[[-88.6124,48.0614],[-88.611,48.063],[-88.6097,48.0626],[-88.6103,48.061],[-88.6124,48.0614]]]},{"type":"Polygon","coordinates":[[[-88.5868,48.0631],[-88.5853,48.0651],[-88.5841,48.0646],[-88.5855,48.0632],[-88.5844,48.0615],[-88.5911,48.0592],[-88.5891,48.063],[-88.5868,48.0631]],[[-88.5871,48.0613],[-88.5893,48.0616],[-88.5897,48.0603],[-88.5871,48.0613]]]},{"type":"Polygon","coordinates":[[[-88.5969,48.0636],[-88.5998,48.0627],[-88.6009,48.0649],[-88.6032,48.0647],[-88.5998,48.066],[-88.5993,48.0639],[-88.5969,48.0636]]]},{"type":"Polygon","coordinates":[[[-88.6121,48.0643],[-88.6108,48.0648],[-88.6116,48.0641],[-88.6121,48.0643]]]},{"type":"Polygon","coordinates":[[[-88.6086,48.0645],[-88.6106,48.0666],[-88.6074,48.0649],[-88.6086,48.0645]]]},{"type":"Polygon","coordinates":[[[-88.6169,48.0666],[-88.6164,48.0656],[-88.6171,48.0656],[-88.6169,48.0666]]]},{"type":"Polygon","coordinates":[[[-88.5959,48.0632],[-88.5922,48.0641],[-88.5946,48.0648],[-88.595,48.0667],[-88.6002,48.0665],[-88.595,48.0671],[-88.595,48.0686],[-88.5975,48.0689],[-88.5947,48.0704],[-88.5955,48.072],[-88.5971,48.0708],[-88.6,48.0713],[-88.5963,48.0726],[-88.5941,48.0716],[-88.5935,48.0704],[-88.5914,48.0704],[-88.5925,48.0689],[-88.5909,48.0697],[-88.5916,48.0673],[-88.5946,48.0666],[-88.5941,48.0651],[-88.5919,48.0652],[-88.5913,48.0633],[-88.5974,48.0615],[-88.5959,48.0632]],[[-88.5947,48.0673],[-88.5933,48.0679],[-88.5947,48.068],[-88.5947,48.0673]]]},{"type":"Polygon","coordinates":[[[-88.6198,48.0664],[-88.6165,48.0705],[-88.6141,48.0693],[-88.6165,48.0689],[-88.6176,48.0657],[-88.6198,48.0664]]]},{"type":"Polygon","coordinates":[[[-88.5801,48.0682],[-88.5853,48.066],[-88.5871,48.0691],[-88.5838,48.0697],[-88.5836,48.0682],[-88.5821,48.0681],[-88.5757,48.0706],[-88.5799,48.0673],[-88.5801,48.0682]],[[-88.5847,48.0673],[-88.5825,48.0679],[-88.585,48.0684],[-88.5847,48.0673]]]},{"type":"Polygon","coordinates":[[[-88.605,48.0686],[-88.6005,48.0708],[-88.599,48.069],[-88.6004,48.0672],[-88.605,48.0686]]]},{"type":"Polygon","coordinates":[[[-88.5812,48.0697],[-88.5832,48.0696],[-88.583,48.0704],[-88.5812,48.0697]]]},{"type":"Polygon","coordinates":[[[-88.5834,48.0707],[-88.5835,48.0716],[-88.5838,48.072],[-88.5831,48.0716],[-88.5834,48.0707]]]},{"type":"Polygon","coordinates":[[[-88.6118,48.0715],[-88.6059,48.0741],[-88.6043,48.0741],[-88.609,48.0706],[-88.6074,48.0721],[-88.6118,48.0715]]]},{"type":"Polygon","coordinates":[[[-88.6172,48.073],[-88.6112,48.0748],[-88.6158,48.0725],[-88.6172,48.073]]]},{"type":"Polygon","coordinates":[[[-88.586,48.0741],[-88.5871,48.0735],[-88.5878,48.0751],[-88.5871,48.0755],[-88.586,48.0741]]]},{"type":"Polygon","coordinates":[[[-88.6108,48.076],[-88.6093,48.0746],[-88.6115,48.0737],[-88.6106,48.0745],[-88.6108,48.076]]]},{"type":"Polygon","coordinates":[[[-88.6072,48.0751],[-88.605,48.0762],[-88.6042,48.0759],[-88.6046,48.0748],[-88.6072,48.0751]]]},{"type":"Polygon","coordinates":[[[-88.5977,48.0753],[-88.5965,48.0764],[-88.5961,48.076],[-88.5977,48.0753]]]},{"type":"Polygon","coordinates":[[[-88.6289,48.0784],[-88.6217,48.0787],[-88.6253,48.0763],[-88.6289,48.0784]]]},{"type":"Polygon","coordinates":[[[-88.6201,48.08],[-88.6202,48.0793],[-88.621,48.0798],[-88.6201,48.08]]]},{"type":"Polygon","coordinates":[[[-88.6224,48.0801],[-88.6254,48.079],[-88.6223,48.0805],[-88.6224,48.0801]]]},{"type":"Polygon","coordinates":[[[-88.6184,48.0807],[-88.6164,48.081],[-88.6192,48.0803],[-88.6184,48.0807]]]},{"type":"Polygon","coordinates":[[[-88.616,48.0821],[-88.6217,48.0815],[-88.6172,48.0826],[-88.616,48.0821]]]},{"type":"Polygon","coordinates":[[[-88.5917,48.0821],[-88.5929,48.0815],[-88.5939,48.0815],[-88.5933,48.082],[-88.5917,48.0821]]]},{"type":"Polygon","coordinates":[[[-88.5844,48.0831],[-88.5827,48.0834],[-88.5854,48.0826],[-88.5844,48.0831]]]},{"type":"Polygon","coordinates":[[[-88.6252,48.0833],[-88.6218,48.0847],[-88.626,48.0824],[-88.6252,48.0833]]]},{"type":"Polygon","coordinates":[[[-88.5877,48.0822],[-88.5895,48.0829],[-88.5827,48.0853],[-88.5828,48.0844],[-88.5877,48.0822]]]},{"type":"Polygon","coordinates":[[[-88.6129,48.0859],[-88.6111,48.0844],[-88.6147,48.0849],[-88.6129,48.0859]]]},{"type":"Polygon","coordinates":[[[-88.5823,48.0871],[-88.593,48.0839],[-88.591,48.0858],[-88.5823,48.0871]]]},{"type":"Polygon","coordinates":[[[-88.6097,48.0865],[-88.6091,48.0877],[-88.6064,48.0876],[-88.6074,48.0865],[-88.6097,48.0865]]]},{"type":"Polygon","coordinates":[[[-88.6025,48.0867],[-88.6038,48.0874],[-88.6022,48.0872],[-88.6025,48.0867]]]},{"type":"Polygon","coordinates":[[[-88.6278,48.088],[-88.6258,48.0876],[-88.628,48.0876],[-88.6278,48.088]]]},{"type":"Polygon","coordinates":[[[-88.6186,48.0895],[-88.6134,48.0909],[-88.6092,48.0913],[-88.6151,48.0902],[-88.6173,48.0886],[-88.6186,48.0895]]]},{"type":"Polygon","coordinates":[[[-88.6029,48.0901],[-88.5967,48.092],[-88.598,48.0926],[-88.5984,48.0935],[-88.6028,48.0928],[-88.6056,48.093],[-88.6064,48.094],[-88.6083,48.094],[-88.6063,48.0944],[-88.6055,48.0932],[-88.6026,48.0931],[-88.6005,48.0943],[-88.5977,48.0937],[-88.5978,48.0928],[-88.5959,48.0925],[-88.5966,48.0901],[-88.605,48.088],[-88.6079,48.0884],[-88.6045,48.0883],[-88.6029,48.0901]]]},{"type":"Polygon","coordinates":[[[-88.6047,48.0921],[-88.6056,48.0908],[-88.6045,48.0922],[-88.6047,48.0921]]]},{"type":"Polygon","coordinates":[[[-88.615,48.0924],[-88.6145,48.0922],[-88.6152,48.0921],[-88.615,48.0924]]]},{"type":"Polygon","coordinates":[[[-88.6382,48.0901],[-88.6315,48.0933],[-88.6348,48.0934],[-88.6297,48.0937],[-88.6279,48.0951],[-88.6353,48.0948],[-88.6348,48.0955],[-88.6269,48.0953],[-88.6164,48.0989],[-88.6187,48.0984],[-88.6187,48.0994],[-88.6155,48.0988],[-88.629,48.0939],[-88.627,48.0934],[-88.6312,48.093],[-88.6382,48.0901]]]},{"type":"Polygon","coordinates":[[[-88.6257,48.0911],[-88.6122,48.0971],[-88.6123,48.0984],[-88.611,48.0974],[-88.6014,48.1003],[-88.6152,48.0946],[-88.6097,48.0947],[-88.6094,48.0941],[-88.6142,48.0942],[-88.6257,48.0911]],[[-88.6201,48.0931],[-88.6175,48.0935],[-88.616,48.0945],[-88.6184,48.0942],[-88.6201,48.0931]],[[-88.6028,48.1],[-88.6029,48.1001],[-88.6029,48.1],[-88.6028,48.1]]]},{"type":"Polygon","coordinates":[[[-88.6286,48.0977],[-88.6268,48.0982],[-88.6254,48.0987],[-88.6283,48.0965],[-88.6286,48.0977]]]},{"type":"Polygon","coordinates":[[[-88.6082,48.0995],[-88.61,48.0988],[-88.6109,48.099],[-88.61,48.0996],[-88.6082,48.0995]]]},{"type":"Polygon","coordinates":[[[-88.6095,48.1002],[-88.6094,48.1003],[-88.6094,48.1002],[-88.6095,48.1002]]]},{"type":"Polygon","coordinates":[[[-88.6096,48.1004],[-88.6084,48.1011],[-88.6081,48.1011],[-88.6083,48.1006],[-88.6096,48.1004]]]},{"type":"Polygon","coordinates":[[[-88.6017,48.1008],[-88.6017,48.1007],[-88.6018,48.1007],[-88.6017,48.1008]]]},{"type":"Polygon","coordinates":[[[-88.6025,48.1012],[-88.6053,48.1007],[-88.6061,48.1019],[-88.6025,48.1012]]]},{"type":"Polygon","coordinates":[[[-88.6068,48.1029],[-88.6058,48.1021],[-88.6076,48.1018],[-88.6068,48.1029]]]},{"type":"Polygon","coordinates":[[[-88.6218,48.1027],[-88.6195,48.1034],[-88.6188,48.1023],[-88.6203,48.1016],[-88.6218,48.1027]]]},{"type":"Polygon","coordinates":[[[-88.6284,48.1018],[-88.627,48.1016],[-88.6239,48.1024],[-88.6217,48.1037],[-88.6198,48.1042],[-88.6235,48.1022],[-88.6274,48.101],[-88.6292,48.1016],[-88.6273,48.1026],[-88.6265,48.1027],[-88.6284,48.1018]]]},{"type":"Polygon","coordinates":[[[-88.6271,48.1039],[-88.626,48.1039],[-88.6256,48.1032],[-88.6261,48.1031],[-88.6271,48.1039]]]},{"type":"Polygon","coordinates":[[[-88.5898,48.1052],[-88.5857,48.1065],[-88.5844,48.1072],[-88.5803,48.1079],[-88.5849,48.1055],[-88.5945,48.1025],[-88.5965,48.102],[-88.5966,48.1021],[-88.5898,48.1052]],[[-88.5847,48.1068],[-88.5848,48.1066],[-88.5847,48.1066],[-88.5847,48.1068]],[[-88.5884,48.1051],[-88.5872,48.1049],[-88.5863,48.1054],[-88.5874,48.1051],[-88.5884,48.1051]]]},{"type":"Polygon","coordinates":[[[-88.6245,48.105],[-88.6242,48.1049],[-88.6262,48.105],[-88.6245,48.105]]]},{"type":"Polygon","coordinates":[[[-88.5929,48.108],[-88.5973,48.1065],[-88.6031,48.1039],[-88.6029,48.1053],[-88.5929,48.108]]]},{"type":"Polygon","coordinates":[[[-88.6084,48.1067],[-88.6071,48.1072],[-88.6069,48.1069],[-88.6084,48.1067]]]},{"type":"Polygon","coordinates":[[[-88.6269,48.1092],[-88.6256,48.1095],[-88.6296,48.1082],[-88.6269,48.1092]]]},{"type":"Polygon","coordinates":[[[-88.6014,48.1088],[-88.5978,48.1101],[-88.5973,48.1097],[-88.5997,48.1085],[-88.6014,48.1088]]]},{"type":"Polygon","coordinates":[[[-88.588,48.1104],[-88.5913,48.1083],[-88.5908,48.1096],[-88.588,48.1104]]]},{"type":"Polygon","coordinates":[[[-88.6286,48.11],[-88.6238,48.111],[-88.6293,48.1095],[-88.6286,48.11]]]},{"type":"Polygon","coordinates":[[[-88.6012,48.1095],[-88.5988,48.111],[-88.6014,48.1104],[-88.6012,48.1106],[-88.5965,48.1119],[-88.6012,48.1095]]]},{"type":"Polygon","coordinates":[[[-88.6236,48.111],[-88.6236,48.1111],[-88.6235,48.1111],[-88.6236,48.111]]]},{"type":"Polygon","coordinates":[[[-88.6135,48.1126],[-88.6115,48.1134],[-88.6105,48.1138],[-88.6127,48.1122],[-88.6135,48.1126]]]},{"type":"Polygon","coordinates":[[[-88.5955,48.1159],[-88.5967,48.1145],[-88.5976,48.115],[-88.5955,48.1159]]]},{"type":"Polygon","coordinates":[[[-88.5912,48.117],[-88.5933,48.1162],[-88.5936,48.1162],[-88.5912,48.117]]]},{"type":"Polygon","coordinates":[[[-88.6247,48.1164],[-88.6247,48.117],[-88.6223,48.1174],[-88.6247,48.1164]]]},{"type":"Polygon","coordinates":[[[-88.6205,48.1196],[-88.6279,48.1162],[-88.6273,48.1171],[-88.6335,48.1154],[-88.6344,48.116],[-88.6326,48.1176],[-88.6328,48.1167],[-88.6307,48.1166],[-88.6195,48.1219],[-88.6284,48.1172],[-88.6205,48.1196]],[[-88.6321,48.1163],[-88.6327,48.1166],[-88.6331,48.1162],[-88.6321,48.1163]]]},{"type":"Polygon","coordinates":[[[-88.6047,48.1191],[-88.6042,48.119],[-88.6052,48.1189],[-88.6047,48.1191]]]},{"type":"Polygon","coordinates":[[[-88.5847,48.1203],[-88.5861,48.1189],[-88.5885,48.1182],[-88.5847,48.1203]]]},{"type":"Polygon","coordinates":[[[-88.6181,48.1178],[-88.6222,48.1163],[-88.6178,48.1182],[-88.6206,48.1183],[-88.618,48.1198],[-88.6189,48.1199],[-88.6195,48.1196],[-88.6202,48.1197],[-88.6171,48.1221],[-88.6195,48.1213],[-88.6194,48.1216],[-88.6162,48.1227],[-88.6144,48.1224],[-88.6165,48.1209],[-88.6147,48.1206],[-88.6179,48.119],[-88.6167,48.1189],[-88.6144,48.1202],[-88.6142,48.1199],[-88.6181,48.1178]]]},{"type":"Polygon","coordinates":[[[-88.5884,48.1218],[-88.5906,48.1199],[-88.5927,48.1192],[-88.591,48.1208],[-88.5884,48.1218]]]},{"type":"Polygon","coordinates":[[[-88.6069,48.1213],[-88.6078,48.1206],[-88.6084,48.1207],[-88.6069,48.1213]]]},{"type":"Polygon","coordinates":[[[-88.5903,48.1226],[-88.5952,48.1206],[-88.5932,48.1217],[-88.5903,48.1226]]]},{"type":"Polygon","coordinates":[[[-88.6077,48.1219],[-88.6067,48.1227],[-88.6061,48.1227],[-88.6077,48.1219]]]},{"type":"Polygon","coordinates":[[[-88.6108,48.1238],[-88.6139,48.1223],[-88.6149,48.123],[-88.6108,48.1238]]]},{"type":"Polygon","coordinates":[[[-88.604,48.119],[-88.5971,48.1226],[-88.6046,48.12],[-88.5944,48.1246],[-88.5872,48.1273],[-88.5867,48.1271],[-88.5912,48.1253],[-88.5893,48.125],[-88.603,48.1189],[-88.604,48.119]],[[-88.5915,48.1248],[-88.5938,48.1244],[-88.5968,48.1228],[-88.5961,48.1225],[-88.5915,48.1248]]]},{"type":"Polygon","coordinates":[[[-88.5761,48.1281],[-88.583,48.1259],[-88.5871,48.123],[-88.5887,48.1231],[-88.5817,48.1268],[-88.5761,48.1281]]]},{"type":"Polygon","coordinates":[[[-88.5889,48.1258],[-88.5875,48.1262],[-88.5888,48.1256],[-88.5889,48.1258]]]},{"type":"Polygon","coordinates":[[[-88.624,48.1251],[-88.6172,48.1264],[-88.6151,48.1278],[-88.6069,48.1305],[-88.6056,48.1304],[-88.6244,48.123],[-88.6218,48.125],[-88.624,48.1251]]]},{"type":"Polygon","coordinates":[[[-88.6131,48.121],[-88.6079,48.1246],[-88.6096,48.1241],[-88.6107,48.1243],[-88.6066,48.1265],[-88.6127,48.1244],[-88.6141,48.1242],[-88.6134,48.1249],[-88.617,48.1234],[-88.6175,48.1235],[-88.6002,48.1303],[-88.5995,48.1302],[-88.6022,48.128],[-88.5901,48.1296],[-88.5872,48.1313],[-88.5793,48.1335],[-88.5824,48.1332],[-88.5815,48.1338],[-88.5791,48.1339],[-88.5786,48.1331],[-88.5744,48.1341],[-88.6026,48.1252],[-88.5984,48.1275],[-88.6032,48.1272],[-88.6078,48.1241],[-88.6076,48.1232],[-88.6131,48.121]],[[-88.6003,48.1299],[-88.608,48.1272],[-88.6122,48.1254],[-88.6074,48.127],[-88.6055,48.1267],[-88.6003,48.1299]]]},{"type":"Polygon","coordinates":[[[-88.6522,48.1172],[-88.6413,48.1196],[-88.6426,48.1207],[-88.6282,48.1256],[-88.6255,48.1271],[-88.628,48.1263],[-88.628,48.1268],[-88.6187,48.1304],[-88.6185,48.131],[-88.6155,48.1333],[-88.6186,48.1304],[-88.5907,48.1398],[-88.5818,48.1417],[-88.5778,48.1412],[-88.596,48.1378],[-88.6122,48.1313],[-88.6161,48.131],[-88.6161,48.13],[-88.641,48.1193],[-88.6517,48.1161],[-88.6499,48.1176],[-88.6522,48.1172]]]},{"type":"Polygon","coordinates":[[[-88.5939,48.1321],[-88.5947,48.1327],[-88.59,48.1339],[-88.5949,48.1316],[-88.5939,48.1321]]]},{"type":"Polygon","coordinates":[[[-88.6038,48.1322],[-88.596,48.1347],[-88.5957,48.1345],[-88.598,48.1336],[-88.598,48.1324],[-88.5987,48.1334],[-88.5997,48.1323],[-88.5998,48.1332],[-88.6038,48.1322]]]},{"type":"Polygon","coordinates":[[[-88.6015,48.1346],[-88.6041,48.1331],[-88.6051,48.1335],[-88.6015,48.1346]]]},{"type":"Polygon","coordinates":[[[-88.5851,48.1345],[-88.5884,48.1335],[-88.589,48.1335],[-88.5866,48.1345],[-88.5856,48.1347],[-88.5851,48.1345]]]},{"type":"Polygon","coordinates":[[[-88.619,48.1351],[-88.6195,48.1342],[-88.624,48.1332],[-88.6233,48.1338],[-88.619,48.1351]]]},{"type":"Polygon","coordinates":[[[-88.5839,48.1346],[-88.5762,48.1376],[-88.572,48.1382],[-88.5742,48.1368],[-88.5779,48.1362],[-88.571,48.1367],[-88.5815,48.134],[-88.582,48.1347],[-88.5819,48.1341],[-88.5824,48.1335],[-88.5914,48.1313],[-88.5821,48.1344],[-88.5839,48.1346]],[[-88.5772,48.1358],[-88.5809,48.1348],[-88.5771,48.1357],[-88.5772,48.1358]]]},{"type":"Polygon","coordinates":[[[-88.6156,48.1341],[-88.6101,48.1356],[-88.6138,48.134],[-88.6156,48.1341]]]},{"type":"Polygon","coordinates":[[[-88.596,48.1357],[-88.5998,48.1349],[-88.5959,48.1361],[-88.596,48.1357]]]},{"type":"Polygon","coordinates":[[[-88.6264,48.1417],[-88.6282,48.1412],[-88.6301,48.1403],[-88.6281,48.1414],[-88.6264,48.1417]]]},{"type":"Polygon","coordinates":[[[-88.5915,48.1411],[-88.5929,48.1409],[-88.5898,48.1419],[-88.5915,48.1411]]]},{"type":"Polygon","coordinates":[[[-88.6232,48.143],[-88.6249,48.1421],[-88.6254,48.1421],[-88.6245,48.1426],[-88.6232,48.143]]]},{"type":"Polygon","coordinates":[[[-88.6218,48.1496],[-88.6243,48.1485],[-88.6259,48.1481],[-88.6218,48.1496]]]},{"type":"Polygon","coordinates":[[[-88.6227,48.151],[-88.6267,48.1493],[-88.627,48.1494],[-88.6264,48.15],[-88.6227,48.151]]]},{"type":"Polygon","coordinates":[[[-88.5868,48.1524],[-88.5888,48.1518],[-88.5893,48.152],[-88.5868,48.1524]]]},{"type":"Polygon","coordinates":[[[-88.6128,48.1524],[-88.6154,48.1518],[-88.6117,48.1529],[-88.6128,48.1524]]]},{"type":"Polygon","coordinates":[[[-88.6212,48.1516],[-88.6182,48.1527],[-88.6091,48.1553],[-88.6092,48.1549],[-88.6139,48.1539],[-88.6188,48.152],[-88.6202,48.1519],[-88.6206,48.1516],[-88.6211,48.1515],[-88.6212,48.1516]]]},{"type":"Polygon","coordinates":[[[-88.604,48.1563],[-88.5959,48.1582],[-88.5967,48.1576],[-88.604,48.1563]]]},{"type":"Polygon","coordinates":[[[-88.5782,48.0605],[-88.5841,48.0577],[-88.5788,48.0607],[-88.5782,48.0605]]]},{"type":"Polygon","coordinates":[[[-88.5808,48.0607],[-88.5815,48.0619],[-88.5803,48.0623],[-88.5808,48.0607]]]},{"type":"Polygon","coordinates":[[[-88.5794,48.0653],[-88.5784,48.066],[-88.5793,48.0661],[-88.5798,48.0663],[-88.5798,48.0665],[-88.5775,48.0667],[-88.5779,48.0654],[-88.5767,48.0645],[-88.5794,48.0653]]]},{"type":"Polygon","coordinates":[[[-88.5787,48.0728],[-88.578,48.0733],[-88.5783,48.0726],[-88.5787,48.0728]]]},{"type":"Polygon","coordinates":[[[-88.5661,48.0962],[-88.5672,48.095],[-88.5681,48.0949],[-88.567,48.0962],[-88.5661,48.0962]]]},{"type":"Polygon","coordinates":[[[-88.5561,48.101],[-88.5581,48.1],[-88.5603,48.0995],[-88.5568,48.1015],[-88.5561,48.101]]]},{"type":"Polygon","coordinates":[[[-88.5546,48.1015],[-88.555,48.1023],[-88.554,48.1018],[-88.5546,48.1015]]]},{"type":"Polygon","coordinates":[[[-88.5535,48.1023],[-88.5531,48.1035],[-88.5526,48.1032],[-88.5535,48.1023]]]},{"type":"Polygon","coordinates":[[[-88.5755,48.105],[-88.5774,48.1057],[-88.5737,48.1072],[-88.5738,48.1059],[-88.5755,48.105]],[[-88.5745,48.106],[-88.5752,48.1065],[-88.5754,48.1062],[-88.5745,48.106]]]},{"type":"Polygon","coordinates":[[[-88.567,48.1063],[-88.565,48.1067],[-88.564,48.1071],[-88.5622,48.1067],[-88.567,48.1063]]]},{"type":"Polygon","coordinates":[[[-88.5804,48.1076],[-88.5803,48.1075],[-88.5804,48.1075],[-88.5804,48.1076]]]},{"type":"Polygon","coordinates":[[[-88.5802,48.108],[-88.5803,48.1079],[-88.5803,48.108],[-88.5802,48.108]]]},{"type":"Polygon","coordinates":[[[-88.5611,48.1086],[-88.5572,48.1099],[-88.5617,48.1077],[-88.5611,48.1086]]]},{"type":"Polygon","coordinates":[[[-88.5797,48.1084],[-88.5795,48.1095],[-88.5768,48.1095],[-88.5775,48.1094],[-88.5797,48.1084]]]},{"type":"Polygon","coordinates":[[[-88.5711,48.1092],[-88.568,48.11],[-88.5721,48.1083],[-88.5711,48.1092]]]},{"type":"Polygon","coordinates":[[[-88.5391,48.1097],[-88.5401,48.1095],[-88.5406,48.11],[-88.5423,48.1098],[-88.5404,48.1103],[-88.5391,48.1097]]]},{"type":"Polygon","coordinates":[[[-88.5755,48.1134],[-88.5774,48.1113],[-88.5813,48.1104],[-88.5801,48.1114],[-88.5755,48.1134]]]},{"type":"Polygon","coordinates":[[[-88.5564,48.1107],[-88.5488,48.1145],[-88.5435,48.1164],[-88.5551,48.1102],[-88.5564,48.1107]]]},{"type":"Polygon","coordinates":[[[-88.5857,48.1121],[-88.576,48.1158],[-88.5738,48.1151],[-88.5771,48.1147],[-88.5786,48.1138],[-88.5767,48.1138],[-88.5779,48.1131],[-88.5849,48.1117],[-88.5857,48.1121]]]},{"type":"Polygon","coordinates":[[[-88.5647,48.1113],[-88.5657,48.1118],[-88.5554,48.1167],[-88.5597,48.1134],[-88.5612,48.1137],[-88.5647,48.1113]]]},{"type":"Polygon","coordinates":[[[-88.532,48.1142],[-88.5306,48.1145],[-88.5304,48.1141],[-88.5312,48.1138],[-88.532,48.1142]]]},{"type":"Polygon","coordinates":[[[-88.5541,48.1127],[-88.5496,48.1166],[-88.5466,48.1174],[-88.552,48.1134],[-88.5541,48.1127]]]},{"type":"Polygon","coordinates":[[[-88.5284,48.1151],[-88.5266,48.1157],[-88.5287,48.1145],[-88.529,48.1151],[-88.5323,48.1145],[-88.5312,48.116],[-88.5284,48.1151]]]},{"type":"Polygon","coordinates":[[[-88.5632,48.1158],[-88.5631,48.1159],[-88.5631,48.1158],[-88.5632,48.1158]]]},{"type":"Polygon","coordinates":[[[-88.5542,48.1156],[-88.5547,48.1165],[-88.5513,48.1175],[-88.5517,48.117],[-88.5542,48.1156]]]},{"type":"Polygon","coordinates":[[[-88.5719,48.1175],[-88.5698,48.1176],[-88.5718,48.1173],[-88.5719,48.1175]]]},{"type":"Polygon","coordinates":[[[-88.5615,48.1193],[-88.568,48.1181],[-88.568,48.119],[-88.5615,48.1193]]]},{"type":"Polygon","coordinates":[[[-88.5498,48.1183],[-88.55,48.1172],[-88.5534,48.1185],[-88.5549,48.1174],[-88.5567,48.1172],[-88.5645,48.1138],[-88.5747,48.1102],[-88.5748,48.1104],[-88.5728,48.112],[-88.5468,48.1233],[-88.5448,48.125],[-88.5356,48.128],[-88.5387,48.1262],[-88.538,48.1255],[-88.5306,48.1285],[-88.5337,48.1256],[-88.5372,48.1249],[-88.5409,48.1219],[-88.5498,48.1183]],[[-88.5721,48.1118],[-88.5724,48.1111],[-88.5716,48.1114],[-88.5721,48.1118]],[[-88.5377,48.127],[-88.5378,48.1269],[-88.5376,48.1269],[-88.5377,48.127]],[[-88.5509,48.1195],[-88.5424,48.1218],[-88.5384,48.1243],[-88.5402,48.1249],[-88.5535,48.1203],[-88.5509,48.1195]],[[-88.5704,48.112],[-88.5713,48.1115],[-88.5704,48.1119],[-88.5704,48.112]],[[-88.5636,48.1157],[-88.5627,48.115],[-88.5626,48.1162],[-88.5629,48.1162],[-88.5636,48.1157]],[[-88.5643,48.1142],[-88.5632,48.1147],[-88.5649,48.1148],[-88.5643,48.1142]]]},{"type":"Polygon","coordinates":[[[-88.5639,48.1199],[-88.5634,48.1208],[-88.5631,48.1199],[-88.5639,48.1199]]]},{"type":"Polygon","coordinates":[[[-88.5603,48.1208],[-88.5591,48.1203],[-88.5604,48.1199],[-88.5603,48.1208]]]},{"type":"Polygon","coordinates":[[[-88.5762,48.1211],[-88.5766,48.1203],[-88.577,48.1208],[-88.5762,48.1211]]]},{"type":"Polygon","coordinates":[[[-88.5609,48.1209],[-88.5613,48.121],[-88.5608,48.1209],[-88.5609,48.1209]]]},{"type":"Polygon","coordinates":[[[-88.5588,48.1227],[-88.5613,48.121],[-88.562,48.1209],[-88.5606,48.1222],[-88.5588,48.1227]]]},{"type":"Polygon","coordinates":[[[-88.5796,48.122],[-88.5794,48.123],[-88.5772,48.1238],[-88.5768,48.1235],[-88.5777,48.1228],[-88.5796,48.122]],[[-88.5781,48.1233],[-88.5791,48.1224],[-88.5777,48.1232],[-88.5781,48.1233]]]},{"type":"Polygon","coordinates":[[[-88.5569,48.123],[-88.5586,48.1229],[-88.5588,48.1233],[-88.5569,48.123]]]},{"type":"Polygon","coordinates":[[[-88.5746,48.1237],[-88.5733,48.1249],[-88.5749,48.123],[-88.5746,48.1237]]]},{"type":"Polygon","coordinates":[[[-88.5305,48.1244],[-88.5315,48.1247],[-88.5305,48.1249],[-88.5305,48.1244]]]},{"type":"Polygon","coordinates":[[[-88.6242,48.1064],[-88.6086,48.1126],[-88.6077,48.1151],[-88.5967,48.1195],[-88.5981,48.1179],[-88.6055,48.1153],[-88.6068,48.1132],[-88.6203,48.1067],[-88.6299,48.1048],[-88.6315,48.1035],[-88.632,48.1048],[-88.6218,48.1096],[-88.6226,48.1109],[-88.6233,48.1112],[-88.6248,48.1112],[-88.625,48.1114],[-88.6178,48.1146],[-88.6138,48.1151],[-88.6108,48.1168],[-88.6148,48.1151],[-88.6126,48.1169],[-88.617,48.1161],[-88.6267,48.1111],[-88.6299,48.11],[-88.6301,48.1107],[-88.5984,48.1247],[-88.5713,48.1336],[-88.5732,48.135],[-88.571,48.1356],[-88.5673,48.1361],[-88.5703,48.1347],[-88.5692,48.1338],[-88.5645,48.1345],[-88.5671,48.1338],[-88.5673,48.1334],[-88.5603,48.1349],[-88.5596,48.1354],[-88.5619,48.135],[-88.5624,48.1352],[-88.5259,48.1508],[-88.5321,48.1481],[-88.5325,48.1476],[-88.5248,48.1503],[-88.532,48.147],[-88.5311,48.1469],[-88.5277,48.1483],[-88.5236,48.1495],[-88.5234,48.1493],[-88.5286,48.1471],[-88.533,48.1466],[-88.5341,48.1453],[-88.5372,48.144],[-88.5343,48.1456],[-88.5364,48.146],[-88.5479,48.1404],[-88.549,48.1395],[-88.547,48.1399],[-88.5467,48.1397],[-88.5499,48.1383],[-88.5414,48.14],[-88.5322,48.1448],[-88.5281,48.1458],[-88.5272,48.1456],[-88.5397,48.1405],[-88.5437,48.1375],[-88.55,48.1374],[-88.5508,48.1387],[-88.5526,48.1369],[-88.5552,48.1369],[-88.5558,48.1353],[-88.5685,48.1332],[-88.5721,48.1319],[-88.571,48.1318],[-88.5699,48.1323],[-88.5693,48.1324],[-88.5689,48.1323],[-88.576,48.1306],[-88.5781,48.1309],[-88.5936,48.1252],[-88.5973,48.1249],[-88.6125,48.1171],[-88.6066,48.1178],[-88.6077,48.1187],[-88.6059,48.1177],[-88.6218,48.1115],[-88.6215,48.1092],[-88.6254,48.1073],[-88.6242,48.1064]],[[-88.5325,48.1476],[-88.5345,48.1471],[-88.5349,48.1468],[-88.5325,48.1476]],[[-88.5349,48.1465],[-88.5351,48.1468],[-88.5351,48.1464],[-88.5349,48.1465]],[[-88.6152,48.1166],[-88.6128,48.1175],[-88.6144,48.1172],[-88.6152,48.1166]],[[-88.5589,48.1359],[-88.5581,48.1353],[-88.5571,48.1358],[-88.558,48.1362],[-88.5589,48.1359]],[[-88.5416,48.1397],[-88.5428,48.1394],[-88.5431,48.1392],[-88.5423,48.1391],[-88.5416,48.1397]],[[-88.6205,48.1121],[-88.6166,48.1137],[-88.6221,48.1118],[-88.6205,48.1121]],[[-88.5752,48.132],[-88.5679,48.1334],[-88.5677,48.1336],[-88.5752,48.132]],[[-88.5735,48.1318],[-88.5755,48.131],[-88.5729,48.1316],[-88.5735,48.1318]]]},{"type":"Polygon","coordinates":[[[-88.524,48.1296],[-88.5254,48.1286],[-88.5261,48.1287],[-88.524,48.1296]]]},{"type":"Polygon","coordinates":[[[-88.5402,48.1294],[-88.5542,48.1248],[-88.5304,48.1355],[-88.5402,48.1294]]]},{"type":"Polygon","coordinates":[[[-88.5554,48.1351],[-88.5722,48.129],[-88.5699,48.131],[-88.5554,48.1351]]]},{"type":"Polygon","coordinates":[[[-88.5097,48.1337],[-88.5118,48.1334],[-88.5087,48.1347],[-88.5097,48.1337]]]},{"type":"Polygon","coordinates":[[[-88.5441,48.1365],[-88.5457,48.1351],[-88.5477,48.1345],[-88.5441,48.1365]]]},{"type":"Polygon","coordinates":[[[-88.5131,48.1359],[-88.5124,48.1368],[-88.5117,48.1368],[-88.5119,48.1363],[-88.5131,48.1359]]]},{"type":"Polygon","coordinates":[[[-88.5706,48.1368],[-88.5708,48.1367],[-88.571,48.1367],[-88.5706,48.1368]]]},{"type":"Polygon","coordinates":[[[-88.5758,48.137],[-88.5757,48.1369],[-88.5759,48.1369],[-88.5758,48.137]]]},{"type":"Polygon","coordinates":[[[-88.5738,48.137],[-88.5713,48.137],[-88.574,48.1369],[-88.5738,48.137]]]},{"type":"Polygon","coordinates":[[[-88.5712,48.137],[-88.5671,48.1378],[-88.5702,48.1368],[-88.5712,48.137]]]},{"type":"Polygon","coordinates":[[[-88.5647,48.1368],[-88.5613,48.1383],[-88.56,48.1377],[-88.5638,48.1367],[-88.5647,48.1368]]]},{"type":"Polygon","coordinates":[[[-88.582,48.1389],[-88.575,48.1394],[-88.5605,48.1433],[-88.5719,48.1393],[-88.5787,48.138],[-88.5819,48.1386],[-88.5891,48.1356],[-88.5932,48.1356],[-88.582,48.1389]]]},{"type":"Polygon","coordinates":[[[-88.5629,48.1383],[-88.5676,48.1393],[-88.559,48.1412],[-88.5643,48.1391],[-88.5622,48.1392],[-88.5629,48.1383]]]},{"type":"Polygon","coordinates":[[[-88.5562,48.1416],[-88.5565,48.1407],[-88.5573,48.141],[-88.5586,48.141],[-88.5562,48.1416]]]},{"type":"Polygon","coordinates":[[[-88.5584,48.1404],[-88.5568,48.1406],[-88.5565,48.1406],[-88.5559,48.141],[-88.5534,48.1409],[-88.5495,48.1425],[-88.5491,48.1418],[-88.5528,48.14],[-88.5584,48.1404]],[[-88.5536,48.1407],[-88.5514,48.1413],[-88.5512,48.1415],[-88.5536,48.1407]]]},{"type":"Polygon","coordinates":[[[-88.54,48.1428],[-88.5416,48.1419],[-88.542,48.142],[-88.54,48.1428]]]},{"type":"Polygon","coordinates":[[[-88.5527,48.1435],[-88.5539,48.1425],[-88.5547,48.1426],[-88.5536,48.1442],[-88.5527,48.1435]],[[-88.5536,48.1436],[-88.5533,48.1434],[-88.5532,48.1435],[-88.5536,48.1436]]]},{"type":"Polygon","coordinates":[[[-88.5716,48.1445],[-88.5751,48.1431],[-88.5757,48.1435],[-88.574,48.1443],[-88.5716,48.1445]]]},{"type":"Polygon","coordinates":[[[-88.5766,48.1443],[-88.5774,48.1437],[-88.578,48.1438],[-88.5766,48.1443]]]},{"type":"Polygon","coordinates":[[[-88.5424,48.1453],[-88.5469,48.1434],[-88.5422,48.1457],[-88.5424,48.1453]]]},{"type":"Polygon","coordinates":[[[-88.5463,48.1447],[-88.5462,48.1448],[-88.5461,48.1448],[-88.5463,48.1447]]]},{"type":"Polygon","coordinates":[[[-88.5437,48.1361],[-88.5215,48.1461],[-88.5181,48.1473],[-88.5173,48.147],[-88.5037,48.1538],[-88.5111,48.1493],[-88.5437,48.1361]]]},{"type":"Polygon","coordinates":[[[-88.5681,48.1453],[-88.5677,48.1448],[-88.5703,48.1446],[-88.5681,48.1453]]]},{"type":"Polygon","coordinates":[[[-88.5478,48.1445],[-88.5418,48.1463],[-88.5444,48.1453],[-88.5478,48.1445]]]},{"type":"Polygon","coordinates":[[[-88.4959,48.1489],[-88.5025,48.1464],[-88.5013,48.1473],[-88.497,48.1489],[-88.4959,48.1489]]]},{"type":"Polygon","coordinates":[[[-88.5391,48.1471],[-88.5373,48.1484],[-88.5342,48.1492],[-88.537,48.1483],[-88.5391,48.1471]]]},{"type":"Polygon","coordinates":[[[-88.4779,48.1484],[-88.4805,48.1467],[-88.4821,48.1482],[-88.4771,48.1501],[-88.4764,48.1497],[-88.481,48.1483],[-88.4779,48.1484]]]},{"type":"Polygon","coordinates":[[[-88.5324,48.149],[-88.5351,48.1479],[-88.5335,48.149],[-88.5324,48.149]]]},{"type":"Polygon","coordinates":[[[-88.5428,48.1481],[-88.542,48.1489],[-88.5408,48.1488],[-88.5428,48.1481]]]},{"type":"Polygon","coordinates":[[[-88.548,48.1509],[-88.5487,48.1499],[-88.5494,48.1504],[-88.548,48.1509]]]},{"type":"Polygon","coordinates":[[[-88.5267,48.1523],[-88.5342,48.1492],[-88.5263,48.1528],[-88.5267,48.1523]]]},{"type":"Polygon","coordinates":[[[-88.4763,48.153],[-88.4783,48.1521],[-88.4757,48.1533],[-88.4763,48.153]]]},{"type":"Polygon","coordinates":[[[-88.507,48.1456],[-88.5111,48.1423],[-88.5233,48.1383],[-88.5239,48.1387],[-88.5158,48.1418],[-88.5146,48.143],[-88.5039,48.148],[-88.5028,48.148],[-88.5014,48.1495],[-88.4914,48.1533],[-88.4899,48.1547],[-88.4779,48.1598],[-88.4749,48.1602],[-88.4639,48.167],[-88.4628,48.1674],[-88.462,48.1672],[-88.474,48.1603],[-88.4743,48.1592],[-88.4704,48.1609],[-88.4736,48.1581],[-88.474,48.1582],[-88.4738,48.1582],[-88.474,48.1585],[-88.4735,48.159],[-88.4736,48.1592],[-88.4796,48.1586],[-88.4932,48.151],[-88.497,48.1506],[-88.4987,48.1493],[-88.5007,48.1483],[-88.507,48.1456]],[[-88.5147,48.1416],[-88.5104,48.1441],[-88.5148,48.1419],[-88.5147,48.1416]],[[-88.4987,48.1497],[-88.5015,48.1493],[-88.5018,48.1488],[-88.4987,48.1497]]]},{"type":"Polygon","coordinates":[[[-88.5315,48.1531],[-88.5255,48.1556],[-88.5275,48.1544],[-88.5309,48.1531],[-88.5315,48.1531]]]},{"type":"Polygon","coordinates":[[[-88.535,48.1561],[-88.5382,48.1551],[-88.5388,48.1546],[-88.5421,48.1534],[-88.5357,48.1567],[-88.535,48.1561]]]},{"type":"Polygon","coordinates":[[[-88.5432,48.157],[-88.5446,48.156],[-88.5462,48.1555],[-88.5432,48.157]]]},{"type":"Polygon","coordinates":[[[-88.4746,48.1579],[-88.4833,48.1553],[-88.4838,48.1554],[-88.4755,48.1587],[-88.4746,48.1579]]]},{"type":"Polygon","coordinates":[[[-88.5474,48.1537],[-88.5398,48.1576],[-88.5387,48.1576],[-88.5385,48.1581],[-88.5368,48.1584],[-88.5317,48.1608],[-88.5312,48.1608],[-88.5353,48.1588],[-88.5341,48.1585],[-88.5474,48.1537]]]},{"type":"Polygon","coordinates":[[[-88.5028,48.1606],[-88.5053,48.1608],[-88.5015,48.1631],[-88.501,48.1625],[-88.5028,48.1606]]]},{"type":"Polygon","coordinates":[[[-88.4959,48.1577],[-88.4832,48.1652],[-88.4727,48.1702],[-88.4675,48.172],[-88.4634,48.174],[-88.4625,48.174],[-88.4598,48.1755],[-88.4592,48.1754],[-88.4623,48.1738],[-88.4754,48.1686],[-88.5004,48.1548],[-88.5019,48.1546],[-88.5018,48.1556],[-88.4959,48.1577]],[[-88.5006,48.155],[-88.5007,48.1559],[-88.5013,48.1552],[-88.5006,48.155]]]},{"type":"Polygon","coordinates":[[[-88.4845,48.1657],[-88.4782,48.1684],[-88.4859,48.1642],[-88.4845,48.1657]]]},{"type":"Polygon","coordinates":[[[-88.4755,48.1667],[-88.4729,48.1681],[-88.4755,48.1665],[-88.4755,48.1667]]]},{"type":"Polygon","coordinates":[[[-88.4907,48.1666],[-88.4879,48.1684],[-88.4885,48.1669],[-88.4907,48.1666]]]},{"type":"Polygon","coordinates":[[[-88.4584,48.1704],[-88.4584,48.1692],[-88.4614,48.1681],[-88.4584,48.1704]]]},{"type":"Polygon","coordinates":[[[-88.4651,48.1693],[-88.4639,48.1693],[-88.4654,48.1687],[-88.4651,48.1693]]]},{"type":"Polygon","coordinates":[[[-88.4766,48.172],[-88.4862,48.1678],[-88.4815,48.1704],[-88.478,48.1719],[-88.4768,48.1722],[-88.4766,48.172]]]},{"type":"Polygon","coordinates":[[[-88.4659,48.1709],[-88.4669,48.1697],[-88.468,48.1693],[-88.4678,48.1707],[-88.4659,48.1709]]]},{"type":"Polygon","coordinates":[[[-88.4614,48.1704],[-88.464,48.1704],[-88.4647,48.171],[-88.4614,48.1704]]]},{"type":"Polygon","coordinates":[[[-88.4903,48.1698],[-88.4812,48.1742],[-88.48,48.1738],[-88.4889,48.1693],[-88.4903,48.1698]]]},{"type":"Polygon","coordinates":[[[-88.4637,48.1719],[-88.4626,48.1729],[-88.4625,48.1718],[-88.4637,48.1719]]]},{"type":"Polygon","coordinates":[[[-88.4691,48.1719],[-88.4637,48.1745],[-88.4631,48.1746],[-88.4677,48.1722],[-88.4691,48.1719]]]},{"type":"Polygon","coordinates":[[[-88.4976,48.1697],[-88.4939,48.1722],[-88.4859,48.1762],[-88.4828,48.177],[-88.4976,48.1697]]]},{"type":"Polygon","coordinates":[[[-88.4841,48.1781],[-88.4866,48.1769],[-88.487,48.1771],[-88.4841,48.1781]]]},{"type":"Polygon","coordinates":[[[-88.4451,48.179],[-88.4462,48.1781],[-88.4477,48.1774],[-88.4451,48.179]]]},{"type":"Polygon","coordinates":[[[-88.449,48.1808],[-88.4495,48.1801],[-88.4515,48.1797],[-88.4511,48.1802],[-88.449,48.1808]]]},{"type":"Polygon","coordinates":[[[-88.4394,48.1808],[-88.4391,48.182],[-88.4385,48.182],[-88.4394,48.1808]]]},{"type":"Polygon","coordinates":[[[-88.4366,48.1833],[-88.4382,48.1824],[-88.4381,48.1827],[-88.4366,48.1833]]]},{"type":"Polygon","coordinates":[[[-88.448,48.1823],[-88.445,48.1839],[-88.4445,48.1838],[-88.448,48.1823]]]},{"type":"Polygon","coordinates":[[[-88.4298,48.1871],[-88.4295,48.1868],[-88.4304,48.1858],[-88.4298,48.1871]]]},{"type":"Polygon","coordinates":[[[-88.3596,48.2292],[-88.3606,48.2285],[-88.3642,48.2264],[-88.3596,48.2292]]]},{"type":"Polygon","coordinates":[[[-88.3591,48.2296],[-88.357,48.2311],[-88.3558,48.2311],[-88.3584,48.2297],[-88.3589,48.2295],[-88.3591,48.2296]]]},{"type":"Polygon","coordinates":[[[-88.3487,48.2357],[-88.347,48.2364],[-88.3466,48.2363],[-88.3484,48.2354],[-88.3487,48.2357]]]}]},"properties":{"name":"Wetland / meadow","overview_class":"Wetland / meadow","source_class_count":8,"source_classes":"Black  ash (white cedar) - mixed hardwoods swamp complex | Bluejoint eastern meadow | Northern tamarack rich swamp | Red maple - ash - birch swamp forest | Sedge / sphagnum meadow complex | Sedge meadow complex | Speckled alder swamp | White cedar - (mixed conifer) / alder swamp","description":"Broad visitor-facing class derived from the 2000 NPS vegetation inventory; not current vegetation conditions."}}]}